TIME,TEAM,PLAY,SCORE,Game,Date,TEAM_NAME,OPPONENT_NAME,HALF,TEAM_SCORE,OPPONENT_SCORE,OPPONENT_SCORE_FILLED,TEAM_SCORE_FILLED,ACTING_TEAM,OPPONENT_POINTS,TEAM_POINTS,IS_END_OF_POSSESSION,PLAYER,TEAM_ROSTER_ON_COURT,OPPONENT_ROSTER_ON_COURT,TIME_SECONDS,NEXT_TIME_SECONDS,DURATION_SECONDS,PTS,FGM,FGA,3PM,3PA,FTM,FTA,FOULS,TO,AST,STL,OREB,DREB,Post Scorer,Driver/Shooter,Driver/Slasher,Spot-Up Shooter,Unclassified,Mid-Range Specialist
20:00,,Rashad Rogers vs Aidyn Boone (Wis.-Whitewater gains possession),(0-0),6512971,2025-12-02,Wis.-Whitewater,Elmhurst,1,0.0,0.0,0.0,0.0,,0,0,False,Rashad Rogers,"Collin Madson,Isaac Verges,Luke Bara,Rashad Rogers,Richie Warren","Aidyn Boone,Dominic Trelenberg,Luke Smith,Sebastian Blachut,Vinnie Adjahoungbeta",1200,1189.0,11.0,0,0,0,0,0,0,0,0,0,0,0,0,0,2,1,1,1,0,0
19:49,,Turnover by Wis.-Whitewater 's Collin Madson,,6512971,2025-12-02,Wis.-Whitewater,Elmhurst,1,,,0.0,0.0,,0,0,True,Collin Madson,"Collin Madson,Isaac Verges,Luke Bara,Rashad Rogers,Richie Warren","Aidyn Boone,Dominic Trelenberg,Luke Smith,Sebastian Blachut,Vinnie Adjahoungbeta",1189,1159.0,30.0,0,0,0,0,0,0,0,0,1,0,0,0,0,2,1,1,1,0,0
19:19,,Jumper by Elmhurst's Dominic Trelenberg,(3-0),6512971,2025-12-02,Wis.-Whitewater,Elmhurst,1,0.0,3.0,3.0,0.0,Elmhurst,3,0,True,Dominic Trelenberg,"Collin Madson,Isaac Verges,Luke Bara,Rashad Rogers,Richie Warren","Aidyn Boone,Dominic Trelenberg,Luke Smith,Sebastian Blachut,Vinnie Adjahoungbeta",1159,1159.0,0.0,3,1,1,1,1,0,0,0,0,0,0,0,0,2,1,1,1,0,0
19:19,,Assist by Elmhurst's Luke Smith,,6512971,2025-12-02,Wis.-Whitewater,Elmhurst,1,,,3.0,0.0,Elmhurst,0,0,False,Luke Smith,"Collin Madson,Isaac Verges,Luke Bara,Rashad Rogers,Richie Warren","Aidyn Boone,Dominic Trelenberg,Luke Smith,Sebastian Blachut,Vinnie Adjahoungbeta",1159,1133.0,26.0,0,0,0,0,0,0,0,0,0,1,0,0,0,2,1,1,1,0,0
18:53,,2 Pointer by Wis.-Whitewater's Isaac Verges,(3-2),6512971,2025-12-02,Wis.-Whitewater,Elmhurst,1,2.0,3.0,3.0,2.0,Wis.-Whitewater,0,2,True,Isaac Verges,"Collin Madson,Isaac Verges,Luke Bara,Rashad Rogers,Richie Warren","Aidyn Boone,Dominic Trelenberg,Luke Smith,Sebastian Blachut,Vinnie Adjahoungbeta",1133,1110.0,23.0,2,1,1,0,0,0,0,0,0,0,0,0,0,2,1,1,1,0,0
18:30,,Jumper MISSED by Elmhurst's Aidyn Boone,,6512971,2025-12-02,Wis.-Whitewater,Elmhurst,1,,,3.0,2.0,Elmhurst,0,0,False,Aidyn Boone,"Collin Madson,Isaac Verges,Luke Bara,Rashad Rogers,Richie Warren","Aidyn Boone,Dominic Trelenberg,Luke Smith,Sebastian Blachut,Vinnie Adjahoungbeta",1110,1107.0,3.0,0,0,1,0,1,0,0,0,0,0,0,0,0,2,1,1,1,0,0
18:27,,Defensive rebound by Wis.-Whitewater's Rashad Rogers,,6512971,2025-12-02,Wis.-Whitewater,Elmhurst,1,,,3.0,2.0,Wis.-Whitewater,0,0,False,Rashad Rogers,"Collin Madson,Isaac Verges,Luke Bara,Rashad Rogers,Richie Warren","Aidyn Boone,Dominic Trelenberg,Luke Smith,Sebastian Blachut,Vinnie Adjahoungbeta",1107,1100.0,7.0,0,0,0,0,0,0,0,0,0,0,0,0,1,2,1,1,1,0,0
18:20,,2 Pointer by Wis.-Whitewater's Luke Bara,(3-4),6512971,2025-12-02,Wis.-Whitewater,Elmhurst,1,4.0,3.0,3.0,4.0,Wis.-Whitewater,0,2,True,Luke Bara,"Collin Madson,Isaac Verges,Luke Bara,Rashad Rogers,Richie Warren","Aidyn Boone,Dominic Trelenberg,Luke Smith,Sebastian Blachut,Vinnie Adjahoungbeta",1100,1084.0,16.0,2,1,1,0,0,0,0,0,0,0,0,0,0,2,1,1,1,0,0
18:04,,Jumper MISSED by Elmhurst's Vinnie Adjahoungbeta,,6512971,2025-12-02,Wis.-Whitewater,Elmhurst,1,,,3.0,4.0,Elmhurst,0,0,False,Vinnie Adjahoungbeta,"Collin Madson,Isaac Verges,Luke Bara,Rashad Rogers,Richie Warren","Aidyn Boone,Dominic Trelenberg,Luke Smith,Sebastian Blachut,Vinnie Adjahoungbeta",1084,1080.0,4.0,0,0,1,0,1,0,0,0,0,0,0,0,0,2,1,1,1,0,0
18:00,,Offensive rebound by Elmhurst's Dominic Trelenberg,,6512971,2025-12-02,Wis.-Whitewater,Elmhurst,1,,,3.0,4.0,Elmhurst,0,0,False,Dominic Trelenberg,"Collin Madson,Isaac Verges,Luke Bara,Rashad Rogers,Richie Warren","Aidyn Boone,Dominic Trelenberg,Luke Smith,Sebastian Blachut,Vinnie Adjahoungbeta",1080,1079.0,1.0,0,0,0,0,0,0,0,0,0,0,0,1,0,2,1,1,1,0,0
17:59,,Jumper MISSED by Elmhurst's Luke Smith,,6512971,2025-12-02,Wis.-Whitewater,Elmhurst,1,,,3.0,4.0,Elmhurst,0,0,False,Luke Smith,"Collin Madson,Isaac Verges,Luke Bara,Rashad Rogers,Richie Warren","Aidyn Boone,Dominic Trelenberg,Luke Smith,Sebastian Blachut,Vinnie Adjahoungbeta",1079,1075.0,4.0,0,0,1,0,1,0,0,0,0,0,0,0,0,2,1,1,1,0,0
17:55,,Defensive rebound by Wis.-Whitewater's Collin Madson,,6512971,2025-12-02,Wis.-Whitewater,Elmhurst,1,,,3.0,4.0,Wis.-Whitewater,0,0,False,Collin Madson,"Collin Madson,Isaac Verges,Luke Bara,Rashad Rogers,Richie Warren","Aidyn Boone,Dominic Trelenberg,Luke Smith,Sebastian Blachut,Vinnie Adjahoungbeta",1075,1068.0,7.0,0,0,0,0,0,0,0,0,0,0,0,0,1,2,1,1,1,0,0
17:48,,Personal Foul on Elmhurst's Vinnie Adjahoungbeta (Luke Bara draws the foul),,6512971,2025-12-02,Wis.-Whitewater,Elmhurst,1,,,3.0,4.0,Elmhurst,0,0,False,Vinnie Adjahoungbeta,"Collin Madson,Isaac Verges,Luke Bara,Rashad Rogers,Richie Warren","Aidyn Boone,Dominic Trelenberg,Luke Smith,Sebastian Blachut,Vinnie Adjahoungbeta",1068,1068.0,0.0,0,0,0,0,0,0,0,1,0,0,0,0,0,2,1,1,1,0,0
17:48,,Offensive foul by Wis.-Whitewater's Rashad Rogers,,6512971,2025-12-02,Wis.-Whitewater,Elmhurst,1,,,3.0,4.0,Wis.-Whitewater,0,0,True,Rashad Rogers,"Collin Madson,Isaac Verges,Luke Bara,Rashad Rogers,Richie Warren","Aidyn Boone,Dominic Trelenberg,Luke Smith,Sebastian Blachut,Vinnie Adjahoungbeta",1068,1068.0,0.0,0,0,0,0,0,0,0,1,1,0,0,0,0,2,1,1,1,0,0
17:48,,Offensive turnover by Wis.-Whitewater's Rashad Rogers,,6512971,2025-12-02,Wis.-Whitewater,Elmhurst,1,,,3.0,4.0,Wis.-Whitewater,0,0,True,Rashad Rogers,"Collin Madson,Isaac Verges,Luke Bara,Rashad Rogers,Richie Warren","Aidyn Boone,Dominic Trelenberg,Luke Smith,Sebastian Blachut,Vinnie Adjahoungbeta",1068,1046.0,22.0,0,0,0,0,0,0,0,0,0,0,0,0,0,2,1,1,1,0,0
17:26,,Turnover by Elmhurst 's Vinnie Adjahoungbeta,,6512971,2025-12-02,Wis.-Whitewater,Elmhurst,1,,,3.0,4.0,,0,0,True,Vinnie Adjahoungbeta,"Collin Madson,Isaac Verges,Luke Bara,Rashad Rogers,Richie Warren","Aidyn Boone,Dominic Trelenberg,Luke Smith,Sebastian Blachut,Vinnie Adjahoungbeta",1046,1046.0,0.0,0,0,0,0,0,0,0,0,1,0,0,0,0,2,1,1,1,0,0
17:26,,Steal by Wis.-Whitewater's Richie Warren,,6512971,2025-12-02,Wis.-Whitewater,Elmhurst,1,,,3.0,4.0,Wis.-Whitewater,0,0,False,Richie Warren,"Collin Madson,Isaac Verges,Luke Bara,Rashad Rogers,Richie Warren","Aidyn Boone,Dominic Trelenberg,Luke Smith,Sebastian Blachut,Vinnie Adjahoungbeta",1046,1038.0,8.0,0,0,0,0,0,0,0,0,0,0,1,0,0,2,1,1,1,0,0
17:18,,3 Pointer by Wis.-Whitewater's Luke Bara,(3-7),6512971,2025-12-02,Wis.-Whitewater,Elmhurst,1,7.0,3.0,3.0,7.0,Wis.-Whitewater,0,3,True,Luke Bara,"Collin Madson,Isaac Verges,Luke Bara,Rashad Rogers,Richie Warren","Aidyn Boone,Dominic Trelenberg,Luke Smith,Sebastian Blachut,Vinnie Adjahoungbeta",1038,1023.0,15.0,3,1,1,1,1,0,0,0,0,0,0,0,0,2,1,1,1,0,0
17:03,,Turnover by Elmhurst 's Sebastian Blachut,,6512971,2025-12-02,Wis.-Whitewater,Elmhurst,1,,,3.0,7.0,,0,0,True,Sebastian Blachut,"Collin Madson,Isaac Verges,Luke Bara,Rashad Rogers,Richie Warren","Aidyn Boone,Dominic Trelenberg,Luke Smith,Sebastian Blachut,Vinnie Adjahoungbeta",1023,1023.0,0.0,0,0,0,0,0,0,0,0,1,0,0,0,0,2,1,1,1,0,0
17:03,,Steal by Wis.-Whitewater's Richie Warren,,6512971,2025-12-02,Wis.-Whitewater,Elmhurst,1,,,3.0,7.0,Wis.-Whitewater,0,0,False,Richie Warren,"Collin Madson,Isaac Verges,Luke Bara,Rashad Rogers,Richie Warren","Aidyn Boone,Dominic Trelenberg,Luke Smith,Sebastian Blachut,Vinnie Adjahoungbeta",1023,1014.0,9.0,0,0,0,0,0,0,0,0,0,0,1,0,0,2,1,1,1,0,0
16:54,,3 Pointer by Wis.-Whitewater's Luke Bara,(3-10),6512971,2025-12-02,Wis.-Whitewater,Elmhurst,1,10.0,3.0,3.0,10.0,Wis.-Whitewater,0,3,True,Luke Bara,"Collin Madson,Isaac Verges,Luke Bara,Rashad Rogers,Richie Warren","Aidyn Boone,Dominic Trelenberg,Luke Smith,Sebastian Blachut,Vinnie Adjahoungbeta",1014,1003.0,11.0,3,1,1,1,1,0,0,0,0,0,0,0,0,2,1,1,1,0,0
16:43,,Personal Foul on Wis.-Whitewater's Rashad Rogers (Aidyn Boone draws the foul),,6512971,2025-12-02,Wis.-Whitewater,Elmhurst,1,,,3.0,10.0,Wis.-Whitewater,0,0,False,Rashad Rogers,"Collin Madson,Isaac Verges,Luke Bara,Rashad Rogers,Richie Warren","Aidyn Boone,Dominic Trelenberg,Luke Smith,Sebastian Blachut,Vinnie Adjahoungbeta",1003,1003.0,0.0,0,0,0,0,0,0,0,1,0,0,0,0,0,2,1,1,1,0,0
16:43,,Subbing out for Elmhurst-Vinnie Adjahoungbeta,,6512971,2025-12-02,Wis.-Whitewater,Elmhurst,1,,,3.0,10.0,,0,0,False,Vinnie Adjahoungbeta,"Collin Madson,Isaac Verges,Luke Bara,Rashad Rogers,Richie Warren","Aidyn Boone,Dominic Trelenberg,Luke Smith,Sebastian Blachut",1003,1003.0,0.0,0,0,0,0,0,0,0,0,0,0,0,0,0,1,1,1,1,0,0
16:43,,Subbing in for Elmhurst-Talen Pearson,,6512971,2025-12-02,Wis.-Whitewater,Elmhurst,1,,,3.0,10.0,,0,0,False,Talen Pearson,"Collin Madson,Isaac Verges,Luke Bara,Rashad Rogers,Richie Warren","Aidyn Boone,Dominic Trelenberg,Luke Smith,Sebastian Blachut,Talen Pearson",1003,1003.0,0.0,0,0,0,0,0,0,0,0,0,0,0,0,0,1,1,1,1,1,0
16:43,,Subbing out for Wis.-Whitewater-Rashad Rogers,,6512971,2025-12-02,Wis.-Whitewater,Elmhurst,1,,,3.0,10.0,,0,0,False,Rashad Rogers,"Collin Madson,Isaac Verges,Luke Bara,Richie Warren","Aidyn Boone,Dominic Trelenberg,Luke Smith,Sebastian Blachut,Talen Pearson",1003,1003.0,0.0,0,0,0,0,0,0,0,0,0,0,0,0,0,1,1,1,1,1,0
16:43,,Subbing in for Wis.-Whitewater-Brock Marino,,6512971,2025-12-02,Wis.-Whitewater,Elmhurst,1,,,3.0,10.0,,0,0,False,Brock Marino,"Brock Marino,Collin Madson,Isaac Verges,Luke Bara,Richie Warren","Aidyn Boone,Dominic Trelenberg,Luke Smith,Sebastian Blachut,Talen Pearson",1003,982.0,21.0,0,0,0,0,0,0,0,0,0,0,0,0,0,1,1,1,1,1,0
16:22,,Subbing out for Elmhurst-Luke Smith,,6512971,2025-12-02,Wis.-Whitewater,Elmhurst,1,,,3.0,10.0,,0,0,False,Luke Smith,"Brock Marino,Collin Madson,Isaac Verges,Luke Bara,Richie Warren","Aidyn Boone,Dominic Trelenberg,Sebastian Blachut,Talen Pearson",982,982.0,0.0,0,0,0,0,0,0,0,0,0,0,0,0,0,1,0,1,1,1,0
16:22,,Subbing in for Elmhurst-Jack Cherry,,6512971,2025-12-02,Wis.-Whitewater,Elmhurst,1,,,3.0,10.0,,0,0,False,Jack Cherry,"Brock Marino,Collin Madson,Isaac Verges,Luke Bara,Richie Warren","Aidyn Boone,Dominic Trelenberg,Jack Cherry,Sebastian Blachut,Talen Pearson",982,980.0,2.0,0,0,0,0,0,0,0,0,0,0,0,0,0,1,1,1,1,1,1
16:20,,Jumper by Elmhurst's Dominic Trelenberg,(5-10),6512971,2025-12-02,Wis.-Whitewater,Elmhurst,1,10.0,5.0,5.0,10.0,Elmhurst,2,0,True,Dominic Trelenberg,"Brock Marino,Collin Madson,Isaac Verges,Luke Bara,Richie Warren","Aidyn Boone,Dominic Trelenberg,Jack Cherry,Sebastian Blachut,Talen Pearson",980,980.0,0.0,2,1,1,0,0,0,0,0,0,0,0,0,0,1,1,1,1,1,1
16:20,,Assist by Elmhurst's Sebastian Blachut,,6512971,2025-12-02,Wis.-Whitewater,Elmhurst,1,,,5.0,10.0,Elmhurst,0,0,False,Sebastian Blachut,"Brock Marino,Collin Madson,Isaac Verges,Luke Bara,Richie Warren","Aidyn Boone,Dominic Trelenberg,Jack Cherry,Sebastian Blachut,Talen Pearson",980,954.0,26.0,0,0,0,0,0,0,0,0,0,1,0,0,0,1,1,1,1,1,1
15:54,,Personal Foul on Elmhurst's Aidyn Boone (Brock Marino draws the foul),,6512971,2025-12-02,Wis.-Whitewater,Elmhurst,1,,,5.0,10.0,Elmhurst,0,0,False,Aidyn Boone,"Brock Marino,Collin Madson,Isaac Verges,Luke Bara,Richie Warren","Aidyn Boone,Dominic Trelenberg,Jack Cherry,Sebastian Blachut,Talen Pearson",954,954.0,0.0,0,0,0,0,0,0,0,1,0,0,0,0,0,1,1,1,1,1,1
15:54,,Commercial time out.,,6512971,2025-12-02,Wis.-Whitewater,Elmhurst,1,,,5.0,10.0,,0,0,False,,"Brock Marino,Collin Madson,Isaac Verges,Luke Bara,Richie Warren","Aidyn Boone,Dominic Trelenberg,Jack Cherry,Sebastian Blachut,Talen Pearson",954,954.0,0.0,0,0,0,0,0,0,0,0,0,0,0,0,0,1,1,1,1,1,1
15:54,,Subbing out for Elmhurst-Aidyn Boone,,6512971,2025-12-02,Wis.-Whitewater,Elmhurst,1,,,5.0,10.0,,0,0,False,Aidyn Boone,"Brock Marino,Collin Madson,Isaac Verges,Luke Bara,Richie Warren","Dominic Trelenberg,Jack Cherry,Sebastian Blachut,Talen Pearson",954,954.0,0.0,0,0,0,0,0,0,0,0,0,0,0,0,0,1,1,1,0,1,1
15:54,,Subbing in for Elmhurst-Jeffrey Williams,,6512971,2025-12-02,Wis.-Whitewater,Elmhurst,1,,,5.0,10.0,,0,0,False,Jeffrey Williams,"Brock Marino,Collin Madson,Isaac Verges,Luke Bara,Richie Warren","Dominic Trelenberg,Jack Cherry,Jeffrey Williams,Sebastian Blachut,Talen Pearson",954,940.0,14.0,0,0,0,0,0,0,0,0,0,0,0,0,0,1,1,1,1,1,1
15:40,,2 Pointer MISSED by Wis.-Whitewater's Richie Warren,,6512971,2025-12-02,Wis.-Whitewater,Elmhurst,1,,,5.0,10.0,Wis.-Whitewater,0,0,False,Richie Warren,"Brock Marino,Collin Madson,Isaac Verges,Luke Bara,Richie Warren","Dominic Trelenberg,Jack Cherry,Jeffrey Williams,Sebastian Blachut,Talen Pearson",940,937.0,3.0,0,0,0,0,0,0,0,0,0,0,0,0,0,1,1,1,1,1,1
15:37,,Defensive rebound by Elmhurst's Dominic Trelenberg,,6512971,2025-12-02,Wis.-Whitewater,Elmhurst,1,,,5.0,10.0,Elmhurst,0,0,False,Dominic Trelenberg,"Brock Marino,Collin Madson,Isaac Verges,Luke Bara,Richie Warren","Dominic Trelenberg,Jack Cherry,Jeffrey Williams,Sebastian Blachut,Talen Pearson",937,924.0,13.0,0,0,0,0,0,0,0,0,0,0,0,0,1,1,1,1,1,1,1
15:24,,2 Pointer by Elmhurst's Sebastian Blachut,(7-10),6512971,2025-12-02,Wis.-Whitewater,Elmhurst,1,10.0,7.0,7.0,10.0,Elmhurst,2,0,True,Sebastian Blachut,"Brock Marino,Collin Madson,Isaac Verges,Luke Bara,Richie Warren","Dominic Trelenberg,Jack Cherry,Jeffrey Williams,Sebastian Blachut,Talen Pearson",924,905.0,19.0,2,1,1,0,0,0,0,0,0,0,0,0,0,1,1,1,1,1,1
15:05,,Jumper MISSED by Wis.-Whitewater's Luke Bara,,6512971,2025-12-02,Wis.-Whitewater,Elmhurst,1,,,7.0,10.0,Wis.-Whitewater,0,0,False,Luke Bara,"Brock Marino,Collin Madson,Isaac Verges,Luke Bara,Richie Warren","Dominic Trelenberg,Jack Cherry,Jeffrey Williams,Sebastian Blachut,Talen Pearson",905,903.0,2.0,0,0,1,0,0,0,0,0,0,0,0,0,0,1,1,1,1,1,1
15:03,,Defensive rebound by Elmhurst's Jack Cherry,,6512971,2025-12-02,Wis.-Whitewater,Elmhurst,1,,,7.0,10.0,Elmhurst,0,0,False,Jack Cherry,"Brock Marino,Collin Madson,Isaac Verges,Luke Bara,Richie Warren","Dominic Trelenberg,Jack Cherry,Jeffrey Williams,Sebastian Blachut,Talen Pearson",903,896.0,7.0,0,0,0,0,0,0,0,0,0,0,0,0,1,1,1,1,1,1,1
14:56,,Offensive foul by Elmhurst's Talen Pearson,,6512971,2025-12-02,Wis.-Whitewater,Elmhurst,1,,,7.0,10.0,Elmhurst,0,0,True,Talen Pearson,"Brock Marino,Collin Madson,Isaac Verges,Luke Bara,Richie Warren","Dominic Trelenberg,Jack Cherry,Jeffrey Williams,Sebastian Blachut,Talen Pearson",896,896.0,0.0,0,0,0,0,0,0,0,1,1,0,0,0,0,1,1,1,1,1,1
14:56,,Offensive turnover by Elmhurst's Talen Pearson,,6512971,2025-12-02,Wis.-Whitewater,Elmhurst,1,,,7.0,10.0,Elmhurst,0,0,True,Talen Pearson,"Brock Marino,Collin Madson,Isaac Verges,Luke Bara,Richie Warren","Dominic Trelenberg,Jack Cherry,Jeffrey Williams,Sebastian Blachut,Talen Pearson",896,884.0,12.0,0,0,0,0,0,0,0,0,0,0,0,0,0,1,1,1,1,1,1
14:44,,Jumper MISSED by Wis.-Whitewater's Isaac Verges,,6512971,2025-12-02,Wis.-Whitewater,Elmhurst,1,,,7.0,10.0,Wis.-Whitewater,0,0,False,Isaac Verges,"Brock Marino,Collin Madson,Isaac Verges,Luke Bara,Richie Warren","Dominic Trelenberg,Jack Cherry,Jeffrey Williams,Sebastian Blachut,Talen Pearson",884,880.0,4.0,0,0,1,0,1,0,0,0,0,0,0,0,0,1,1,1,1,1,1
14:40,,Defensive rebound by Elmhurst's Talen Pearson,,6512971,2025-12-02,Wis.-Whitewater,Elmhurst,1,,,7.0,10.0,Elmhurst,0,0,False,Talen Pearson,"Brock Marino,Collin Madson,Isaac Verges,Luke Bara,Richie Warren","Dominic Trelenberg,Jack Cherry,Jeffrey Williams,Sebastian Blachut,Talen Pearson",880,862.0,18.0,0,0,0,0,0,0,0,0,0,0,0,0,1,1,1,1,1,1,1
14:22,,Jumper by Elmhurst's Talen Pearson,(10-10),6512971,2025-12-02,Wis.-Whitewater,Elmhurst,1,10.0,10.0,10.0,10.0,Elmhurst,3,0,True,Talen Pearson,"Brock Marino,Collin Madson,Isaac Verges,Luke Bara,Richie Warren","Dominic Trelenberg,Jack Cherry,Jeffrey Williams,Sebastian Blachut,Talen Pearson",862,862.0,0.0,3,1,1,1,1,0,0,0,0,0,0,0,0,1,1,1,1,1,1
14:22,,Assist by Elmhurst's Sebastian Blachut,,6512971,2025-12-02,Wis.-Whitewater,Elmhurst,1,,,10.0,10.0,Elmhurst,0,0,False,Sebastian Blachut,"Brock Marino,Collin Madson,Isaac Verges,Luke Bara,Richie Warren","Dominic Trelenberg,Jack Cherry,Jeffrey Williams,Sebastian Blachut,Talen Pearson",862,843.0,19.0,0,0,0,0,0,0,0,0,0,1,0,0,0,1,1,1,1,1,1
14:03,,Jumper MISSED by Wis.-Whitewater's Richie Warren,,6512971,2025-12-02,Wis.-Whitewater,Elmhurst,1,,,10.0,10.0,Wis.-Whitewater,0,0,False,Richie Warren,"Brock Marino,Collin Madson,Isaac Verges,Luke Bara,Richie Warren","Dominic Trelenberg,Jack Cherry,Jeffrey Williams,Sebastian Blachut,Talen Pearson",843,838.0,5.0,0,0,1,0,1,0,0,0,0,0,0,0,0,1,1,1,1,1,1
13:58,,Defensive rebound by Elmhurst's Jack Cherry,,6512971,2025-12-02,Wis.-Whitewater,Elmhurst,1,,,10.0,10.0,Elmhurst,0,0,False,Jack Cherry,"Brock Marino,Collin Madson,Isaac Verges,Luke Bara,Richie Warren","Dominic Trelenberg,Jack Cherry,Jeffrey Williams,Sebastian Blachut,Talen Pearson",838,829.0,9.0,0,0,0,0,0,0,0,0,0,0,0,0,1,1,1,1,1,1,1
13:49,,Jumper MISSED by Elmhurst's Dominic Trelenberg,,6512971,2025-12-02,Wis.-Whitewater,Elmhurst,1,,,10.0,10.0,Elmhurst,0,0,False,Dominic Trelenberg,"Brock Marino,Collin Madson,Isaac Verges,Luke Bara,Richie Warren","Dominic Trelenberg,Jack Cherry,Jeffrey Williams,Sebastian Blachut,Talen Pearson",829,825.0,4.0,0,0,1,0,1,0,0,0,0,0,0,0,0,1,1,1,1,1,1
13:45,,Defensive rebound by Wis.-Whitewater's Collin Madson,,6512971,2025-12-02,Wis.-Whitewater,Elmhurst,1,,,10.0,10.0,Wis.-Whitewater,0,0,False,Collin Madson,"Brock Marino,Collin Madson,Isaac Verges,Luke Bara,Richie Warren","Dominic Trelenberg,Jack Cherry,Jeffrey Williams,Sebastian Blachut,Talen Pearson",825,812.0,13.0,0,0,0,0,0,0,0,0,0,0,0,0,1,1,1,1,1,1,1
13:32,,Layup by Wis.-Whitewater's Brock Marino,(10-12),6512971,2025-12-02,Wis.-Whitewater,Elmhurst,1,12.0,10.0,10.0,12.0,Wis.-Whitewater,0,2,True,Brock Marino,"Brock Marino,Collin Madson,Isaac Verges,Luke Bara,Richie Warren","Dominic Trelenberg,Jack Cherry,Jeffrey Williams,Sebastian Blachut,Talen Pearson",812,794.0,18.0,2,1,1,0,0,0,0,0,0,0,0,0,0,1,1,1,1,1,1
13:14,,2 Pointer by Elmhurst's Sebastian Blachut,(12-12),6512971,2025-12-02,Wis.-Whitewater,Elmhurst,1,12.0,12.0,12.0,12.0,Elmhurst,2,0,True,Sebastian Blachut,"Brock Marino,Collin Madson,Isaac Verges,Luke Bara,Richie Warren","Dominic Trelenberg,Jack Cherry,Jeffrey Williams,Sebastian Blachut,Talen Pearson",794,773.0,21.0,2,1,1,0,0,0,0,0,0,0,0,0,0,1,1,1,1,1,1
12:53,,Personal Foul on Elmhurst's Jack Cherry (Isaac Verges draws the foul),,6512971,2025-12-02,Wis.-Whitewater,Elmhurst,1,,,12.0,12.0,Elmhurst,0,0,False,Jack Cherry,"Brock Marino,Collin Madson,Isaac Verges,Luke Bara,Richie Warren","Dominic Trelenberg,Jack Cherry,Jeffrey Williams,Sebastian Blachut,Talen Pearson",773,773.0,0.0,0,0,0,0,0,0,0,1,0,0,0,0,0,1,1,1,1,1,1
12:53,,Free Throw by Wis.-Whitewater's Isaac Verges,(12-13),6512971,2025-12-02,Wis.-Whitewater,Elmhurst,1,13.0,12.0,12.0,13.0,Wis.-Whitewater,0,1,True,Isaac Verges,"Brock Marino,Collin Madson,Isaac Verges,Luke Bara,Richie Warren","Dominic Trelenberg,Jack Cherry,Jeffrey Williams,Sebastian Blachut,Talen Pearson",773,773.0,0.0,1,0,0,0,0,1,1,0,0,0,0,0,0,1,1,1,1,1,1
12:53,,Subbing out for Wis.-Whitewater-Richie Warren,,6512971,2025-12-02,Wis.-Whitewater,Elmhurst,1,,,12.0,13.0,,0,0,False,Richie Warren,"Brock Marino,Collin Madson,Isaac Verges,Luke Bara","Dominic Trelenberg,Jack Cherry,Jeffrey Williams,Sebastian Blachut,Talen Pearson",773,773.0,0.0,0,0,0,0,0,0,0,0,0,0,0,0,0,1,1,1,1,1,1
12:53,,Subbing in for Wis.-Whitewater-Jake Quast,,6512971,2025-12-02,Wis.-Whitewater,Elmhurst,1,,,12.0,13.0,,0,0,False,Jake Quast,"Brock Marino,Collin Madson,Isaac Verges,Jake Quast,Luke Bara","Dominic Trelenberg,Jack Cherry,Jeffrey Williams,Sebastian Blachut,Talen Pearson",773,773.0,0.0,0,0,0,0,0,0,0,0,0,0,0,0,0,1,1,1,1,1,1
12:53,,Subbing out for Elmhurst-Sebastian Blachut,,6512971,2025-12-02,Wis.-Whitewater,Elmhurst,1,,,12.0,13.0,,0,0,False,Sebastian Blachut,"Brock Marino,Collin Madson,Isaac Verges,Jake Quast,Luke Bara","Dominic Trelenberg,Jack Cherry,Jeffrey Williams,Talen Pearson",773,773.0,0.0,0,0,0,0,0,0,0,0,0,0,0,0,0,0,1,1,1,1,1
12:53,,Subbing out for Elmhurst-Dominic Trelenberg,,6512971,2025-12-02,Wis.-Whitewater,Elmhurst,1,,,12.0,13.0,,0,0,False,Dominic Trelenberg,"Brock Marino,Collin Madson,Isaac Verges,Jake Quast,Luke Bara","Jack Cherry,Jeffrey Williams,Talen Pearson",773,773.0,0.0,0,0,0,0,0,0,0,0,0,0,0,0,0,0,1,0,1,1,1
12:53,,Subbing out for Elmhurst-Jeffrey Williams,,6512971,2025-12-02,Wis.-Whitewater,Elmhurst,1,,,12.0,13.0,,0,0,False,Jeffrey Williams,"Brock Marino,Collin Madson,Isaac Verges,Jake Quast,Luke Bara","Jack Cherry,Talen Pearson",773,773.0,0.0,0,0,0,0,0,0,0,0,0,0,0,0,0,0,1,0,0,1,1
12:53,,Subbing in for Elmhurst-Luke Smith,,6512971,2025-12-02,Wis.-Whitewater,Elmhurst,1,,,12.0,13.0,,0,0,False,Luke Smith,"Brock Marino,Collin Madson,Isaac Verges,Jake Quast,Luke Bara","Jack Cherry,Luke Smith,Talen Pearson",773,773.0,0.0,0,0,0,0,0,0,0,0,0,0,0,0,0,0,2,0,0,1,1
12:53,,Subbing in for Elmhurst-EJ Marshall,,6512971,2025-12-02,Wis.-Whitewater,Elmhurst,1,,,12.0,13.0,,0,0,False,EJ Marshall,"Brock Marino,Collin Madson,Isaac Verges,Jake Quast,Luke Bara","EJ Marshall,Jack Cherry,Luke Smith,Talen Pearson",773,773.0,0.0,0,0,0,0,0,0,0,0,0,0,0,0,0,0,3,0,0,1,1
12:53,,Subbing in for Elmhurst-Vinnie Adjahoungbeta,,6512971,2025-12-02,Wis.-Whitewater,Elmhurst,1,,,12.0,13.0,,0,0,False,Vinnie Adjahoungbeta,"Brock Marino,Collin Madson,Isaac Verges,Jake Quast,Luke Bara","EJ Marshall,Jack Cherry,Luke Smith,Talen Pearson,Vinnie Adjahoungbeta",773,773.0,0.0,0,0,0,0,0,0,0,0,0,0,0,0,0,1,3,0,0,1,1
12:53,,Free Throw by Wis.-Whitewater's Isaac Verges,(12-14),6512971,2025-12-02,Wis.-Whitewater,Elmhurst,1,14.0,12.0,12.0,14.0,Wis.-Whitewater,0,1,True,Isaac Verges,"Brock Marino,Collin Madson,Isaac Verges,Jake Quast,Luke Bara","EJ Marshall,Jack Cherry,Luke Smith,Talen Pearson,Vinnie Adjahoungbeta",773,773.0,0.0,1,0,0,0,0,1,1,0,0,0,0,0,0,1,3,0,0,1,1
12:53,,Subbing out for Wis.-Whitewater-Isaac Verges,,6512971,2025-12-02,Wis.-Whitewater,Elmhurst,1,,,12.0,14.0,,0,0,False,Isaac Verges,"Brock Marino,Collin Madson,Jake Quast,Luke Bara","EJ Marshall,Jack Cherry,Luke Smith,Talen Pearson,Vinnie Adjahoungbeta",773,773.0,0.0,0,0,0,0,0,0,0,0,0,0,0,0,0,1,3,0,0,1,1
12:53,,Subbing in for Wis.-Whitewater-Joey Berezowitz,,6512971,2025-12-02,Wis.-Whitewater,Elmhurst,1,,,12.0,14.0,,0,0,False,Joey Berezowitz,"Brock Marino,Collin Madson,Jake Quast,Joey Berezowitz,Luke Bara","EJ Marshall,Jack Cherry,Luke Smith,Talen Pearson,Vinnie Adjahoungbeta",773,757.0,16.0,0,0,0,0,0,0,0,0,0,0,0,0,0,1,3,0,0,1,1
12:37,,Jumper by Elmhurst's EJ Marshall,(15-14),6512971,2025-12-02,Wis.-Whitewater,Elmhurst,1,14.0,15.0,15.0,14.0,Elmhurst,3,0,True,EJ Marshall,"Brock Marino,Collin Madson,Jake Quast,Joey Berezowitz,Luke Bara","EJ Marshall,Jack Cherry,Luke Smith,Talen Pearson,Vinnie Adjahoungbeta",757,757.0,0.0,3,1,1,1,1,0,0,0,0,0,0,0,0,1,3,0,0,1,1
12:37,,Assist by Elmhurst's Jack Cherry,,6512971,2025-12-02,Wis.-Whitewater,Elmhurst,1,,,15.0,14.0,Elmhurst,0,0,False,Jack Cherry,"Brock Marino,Collin Madson,Jake Quast,Joey Berezowitz,Luke Bara","EJ Marshall,Jack Cherry,Luke Smith,Talen Pearson,Vinnie Adjahoungbeta",757,741.0,16.0,0,0,0,0,0,0,0,0,0,1,0,0,0,1,3,0,0,1,1
12:21,,Jumper MISSED by Wis.-Whitewater's Joey Berezowitz,,6512971,2025-12-02,Wis.-Whitewater,Elmhurst,1,,,15.0,14.0,Wis.-Whitewater,0,0,False,Joey Berezowitz,"Brock Marino,Collin Madson,Jake Quast,Joey Berezowitz,Luke Bara","EJ Marshall,Jack Cherry,Luke Smith,Talen Pearson,Vinnie Adjahoungbeta",741,737.0,4.0,0,0,1,0,1,0,0,0,0,0,0,0,0,1,3,0,0,1,1
12:17,,Defensive rebound by Elmhurst's Jack Cherry,,6512971,2025-12-02,Wis.-Whitewater,Elmhurst,1,,,15.0,14.0,Elmhurst,0,0,False,Jack Cherry,"Brock Marino,Collin Madson,Jake Quast,Joey Berezowitz,Luke Bara","EJ Marshall,Jack Cherry,Luke Smith,Talen Pearson,Vinnie Adjahoungbeta",737,717.0,20.0,0,0,0,0,0,0,0,0,0,0,0,0,1,1,3,0,0,1,1
11:57,,2 Pointer by Elmhurst's Jack Cherry,(17-14),6512971,2025-12-02,Wis.-Whitewater,Elmhurst,1,14.0,17.0,17.0,14.0,Elmhurst,2,0,True,Jack Cherry,"Brock Marino,Collin Madson,Jake Quast,Joey Berezowitz,Luke Bara","EJ Marshall,Jack Cherry,Luke Smith,Talen Pearson,Vinnie Adjahoungbeta",717,698.0,19.0,2,1,1,0,0,0,0,0,0,0,0,0,0,1,3,0,0,1,1
11:38,,Turnover by Wis.-Whitewater 's Brock Marino,,6512971,2025-12-02,Wis.-Whitewater,Elmhurst,1,,,17.0,14.0,,0,0,True,Brock Marino,"Brock Marino,Collin Madson,Jake Quast,Joey Berezowitz,Luke Bara","EJ Marshall,Jack Cherry,Luke Smith,Talen Pearson,Vinnie Adjahoungbeta",698,698.0,0.0,0,0,0,0,0,0,0,0,1,0,0,0,0,1,3,0,0,1,1
11:38,,Commercial time out.,,6512971,2025-12-02,Wis.-Whitewater,Elmhurst,1,,,17.0,14.0,,0,0,False,,"Brock Marino,Collin Madson,Jake Quast,Joey Berezowitz,Luke Bara","EJ Marshall,Jack Cherry,Luke Smith,Talen Pearson,Vinnie Adjahoungbeta",698,698.0,0.0,0,0,0,0,0,0,0,0,0,0,0,0,0,1,3,0,0,1,1
11:38,,Subbing out for Wis.-Whitewater-Luke Bara,,6512971,2025-12-02,Wis.-Whitewater,Elmhurst,1,,,17.0,14.0,,0,0,False,Luke Bara,"Brock Marino,Collin Madson,Jake Quast,Joey Berezowitz","EJ Marshall,Jack Cherry,Luke Smith,Talen Pearson,Vinnie Adjahoungbeta",698,698.0,0.0,0,0,0,0,0,0,0,0,0,0,0,0,0,1,3,0,0,1,1
11:38,,Subbing in for Wis.-Whitewater-Darius Chestnut,,6512971,2025-12-02,Wis.-Whitewater,Elmhurst,1,,,17.0,14.0,,0,0,False,Darius Chestnut,"Brock Marino,Collin Madson,Darius Chestnut,Jake Quast,Joey Berezowitz","EJ Marshall,Jack Cherry,Luke Smith,Talen Pearson,Vinnie Adjahoungbeta",698,698.0,0.0,0,0,0,0,0,0,0,0,0,0,0,0,0,1,3,0,0,1,1
11:38,,Subbing out for Elmhurst-Talen Pearson,,6512971,2025-12-02,Wis.-Whitewater,Elmhurst,1,,,17.0,14.0,,0,0,False,Talen Pearson,"Brock Marino,Collin Madson,Darius Chestnut,Jake Quast,Joey Berezowitz","EJ Marshall,Jack Cherry,Luke Smith,Vinnie Adjahoungbeta",698,698.0,0.0,0,0,0,0,0,0,0,0,0,0,0,0,0,1,3,0,0,0,1
11:38,,Subbing in for Elmhurst-Aidyn Boone,,6512971,2025-12-02,Wis.-Whitewater,Elmhurst,1,,,17.0,14.0,,0,0,False,Aidyn Boone,"Brock Marino,Collin Madson,Darius Chestnut,Jake Quast,Joey Berezowitz","Aidyn Boone,EJ Marshall,Jack Cherry,Luke Smith,Vinnie Adjahoungbeta",698,678.0,20.0,0,0,0,0,0,0,0,0,0,0,0,0,0,1,3,0,1,0,1
11:18,,Turnover by Elmhurst 's Aidyn Boone,,6512971,2025-12-02,Wis.-Whitewater,Elmhurst,1,,,17.0,14.0,,0,0,True,Aidyn Boone,"Brock Marino,Collin Madson,Darius Chestnut,Jake Quast,Joey Berezowitz","Aidyn Boone,EJ Marshall,Jack Cherry,Luke Smith,Vinnie Adjahoungbeta",678,647.0,31.0,0,0,0,0,0,0,0,0,1,0,0,0,0,1,3,0,1,0,1
10:47,,2 Pointer by Wis.-Whitewater's Collin Madson,(17-16),6512971,2025-12-02,Wis.-Whitewater,Elmhurst,1,16.0,17.0,17.0,16.0,Wis.-Whitewater,0,2,True,Collin Madson,"Brock Marino,Collin Madson,Darius Chestnut,Jake Quast,Joey Berezowitz","Aidyn Boone,EJ Marshall,Jack Cherry,Luke Smith,Vinnie Adjahoungbeta",647,647.0,0.0,2,1,1,0,0,0,0,0,0,0,0,0,0,1,3,0,1,0,1
10:47,,Personal Foul on Elmhurst's Vinnie Adjahoungbeta (Collin Madson draws the foul),,6512971,2025-12-02,Wis.-Whitewater,Elmhurst,1,,,17.0,16.0,Elmhurst,0,0,False,Vinnie Adjahoungbeta,"Brock Marino,Collin Madson,Darius Chestnut,Jake Quast,Joey Berezowitz","Aidyn Boone,EJ Marshall,Jack Cherry,Luke Smith,Vinnie Adjahoungbeta",647,647.0,0.0,0,0,0,0,0,0,0,1,0,0,0,0,0,1,3,0,1,0,1
10:47,,Subbing out for Elmhurst-Vinnie Adjahoungbeta,,6512971,2025-12-02,Wis.-Whitewater,Elmhurst,1,,,17.0,16.0,,0,0,False,Vinnie Adjahoungbeta,"Brock Marino,Collin Madson,Darius Chestnut,Jake Quast,Joey Berezowitz","Aidyn Boone,EJ Marshall,Jack Cherry,Luke Smith",647,647.0,0.0,0,0,0,0,0,0,0,0,0,0,0,0,0,0,3,0,1,0,1
10:47,,Subbing in for Elmhurst-Dominic Trelenberg,,6512971,2025-12-02,Wis.-Whitewater,Elmhurst,1,,,17.0,16.0,,0,0,False,Dominic Trelenberg,"Brock Marino,Collin Madson,Darius Chestnut,Jake Quast,Joey Berezowitz","Aidyn Boone,Dominic Trelenberg,EJ Marshall,Jack Cherry,Luke Smith",647,647.0,0.0,0,0,0,0,0,0,0,0,0,0,0,0,0,0,3,1,1,0,1
10:47,,Free Throw by Wis.-Whitewater's Collin Madson,(17-17),6512971,2025-12-02,Wis.-Whitewater,Elmhurst,1,17.0,17.0,17.0,17.0,Wis.-Whitewater,0,1,True,Collin Madson,"Brock Marino,Collin Madson,Darius Chestnut,Jake Quast,Joey Berezowitz","Aidyn Boone,Dominic Trelenberg,EJ Marshall,Jack Cherry,Luke Smith",647,647.0,0.0,1,0,0,0,0,1,1,0,0,0,0,0,0,0,3,1,1,0,1
10:47,,Subbing out for Wis.-Whitewater-Brock Marino,,6512971,2025-12-02,Wis.-Whitewater,Elmhurst,1,,,17.0,17.0,,0,0,False,Brock Marino,"Collin Madson,Darius Chestnut,Jake Quast,Joey Berezowitz","Aidyn Boone,Dominic Trelenberg,EJ Marshall,Jack Cherry,Luke Smith",647,647.0,0.0,0,0,0,0,0,0,0,0,0,0,0,0,0,0,3,1,1,0,1
10:47,,Subbing in for Wis.-Whitewater-Richie Warren,,6512971,2025-12-02,Wis.-Whitewater,Elmhurst,1,,,17.0,17.0,,0,0,False,Richie Warren,"Collin Madson,Darius Chestnut,Jake Quast,Joey Berezowitz,Richie Warren","Aidyn Boone,Dominic Trelenberg,EJ Marshall,Jack Cherry,Luke Smith",647,633.0,14.0,0,0,0,0,0,0,0,0,0,0,0,0,0,0,3,1,1,0,1
10:33,,2 Pointer MISSED by Elmhurst's Luke Smith,,6512971,2025-12-02,Wis.-Whitewater,Elmhurst,1,,,17.0,17.0,Elmhurst,0,0,False,Luke Smith,"Collin Madson,Darius Chestnut,Jake Quast,Joey Berezowitz,Richie Warren","Aidyn Boone,Dominic Trelenberg,EJ Marshall,Jack Cherry,Luke Smith",633,630.0,3.0,0,0,0,0,0,0,0,0,0,0,0,0,0,0,3,1,1,0,1
10:30,,Defensive rebound by Wis.-Whitewater's Richie Warren,,6512971,2025-12-02,Wis.-Whitewater,Elmhurst,1,,,17.0,17.0,Wis.-Whitewater,0,0,False,Richie Warren,"Collin Madson,Darius Chestnut,Jake Quast,Joey Berezowitz,Richie Warren","Aidyn Boone,Dominic Trelenberg,EJ Marshall,Jack Cherry,Luke Smith",630,625.0,5.0,0,0,0,0,0,0,0,0,0,0,0,0,1,0,3,1,1,0,1
10:25,,2 Pointer by Wis.-Whitewater's Joey Berezowitz,(17-19),6512971,2025-12-02,Wis.-Whitewater,Elmhurst,1,19.0,17.0,17.0,19.0,Wis.-Whitewater,0,2,True,Joey Berezowitz,"Collin Madson,Darius Chestnut,Jake Quast,Joey Berezowitz,Richie Warren","Aidyn Boone,Dominic Trelenberg,EJ Marshall,Jack Cherry,Luke Smith",625,606.0,19.0,2,1,1,0,0,0,0,0,0,0,0,0,0,0,3,1,1,0,1
10:06,,Jumper MISSED by Elmhurst's EJ Marshall,,6512971,2025-12-02,Wis.-Whitewater,Elmhurst,1,,,17.0,19.0,Elmhurst,0,0,False,EJ Marshall,"Collin Madson,Darius Chestnut,Jake Quast,Joey Berezowitz,Richie Warren","Aidyn Boone,Dominic Trelenberg,EJ Marshall,Jack Cherry,Luke Smith",606,604.0,2.0,0,0,1,0,1,0,0,0,0,0,0,0,0,0,3,1,1,0,1
10:04,,Offensive rebound by Elmhurst's Elmhurst,,6512971,2025-12-02,Wis.-Whitewater,Elmhurst,1,,,17.0,19.0,Elmhurst,0,0,False,,"Collin Madson,Darius Chestnut,Jake Quast,Joey Berezowitz,Richie Warren","Aidyn Boone,Dominic Trelenberg,EJ Marshall,Jack Cherry,Luke Smith",604,604.0,0.0,0,0,0,0,0,0,0,0,0,0,0,1,0,0,3,1,1,0,1
10:04,,Subbing out for Wis.-Whitewater-Collin Madson,,6512971,2025-12-02,Wis.-Whitewater,Elmhurst,1,,,17.0,19.0,,0,0,False,Collin Madson,"Darius Chestnut,Jake Quast,Joey Berezowitz,Richie Warren","Aidyn Boone,Dominic Trelenberg,EJ Marshall,Jack Cherry,Luke Smith",604,604.0,0.0,0,0,0,0,0,0,0,0,0,0,0,0,0,0,3,1,1,0,1
10:04,,Subbing in for Wis.-Whitewater-JR Lukenbill,,6512971,2025-12-02,Wis.-Whitewater,Elmhurst,1,,,17.0,19.0,,0,0,False,JR Lukenbill,"Darius Chestnut,JR Lukenbill,Jake Quast,Joey Berezowitz,Richie Warren","Aidyn Boone,Dominic Trelenberg,EJ Marshall,Jack Cherry,Luke Smith",604,604.0,0.0,0,0,0,0,0,0,0,0,0,0,0,0,0,0,3,1,1,0,1
10:04,,Subbing out for Elmhurst-Jack Cherry,,6512971,2025-12-02,Wis.-Whitewater,Elmhurst,1,,,17.0,19.0,,0,0,False,Jack Cherry,"Darius Chestnut,JR Lukenbill,Jake Quast,Joey Berezowitz,Richie Warren","Aidyn Boone,Dominic Trelenberg,EJ Marshall,Luke Smith",604,604.0,0.0,0,0,0,0,0,0,0,0,0,0,0,0,0,0,2,1,1,0,0
10:04,,Subbing in for Elmhurst-Sebastian Blachut,,6512971,2025-12-02,Wis.-Whitewater,Elmhurst,1,,,17.0,19.0,,0,0,False,Sebastian Blachut,"Darius Chestnut,JR Lukenbill,Jake Quast,Joey Berezowitz,Richie Warren","Aidyn Boone,Dominic Trelenberg,EJ Marshall,Luke Smith,Sebastian Blachut",604,599.0,5.0,0,0,0,0,0,0,0,0,0,0,0,0,0,1,2,1,1,0,0
09:59,,Personal Foul on Wis.-Whitewater's Darius Chestnut (Sebastian Blachut draws the foul),,6512971,2025-12-02,Wis.-Whitewater,Elmhurst,1,,,17.0,19.0,Wis.-Whitewater,0,0,False,Darius Chestnut,"Darius Chestnut,JR Lukenbill,Jake Quast,Joey Berezowitz,Richie Warren","Aidyn Boone,Dominic Trelenberg,EJ Marshall,Luke Smith,Sebastian Blachut",599,599.0,0.0,0,0,0,0,0,0,0,1,0,0,0,0,0,1,2,1,1,0,0
09:59,,Free Throw by Elmhurst's Sebastian Blachut,(18-19),6512971,2025-12-02,Wis.-Whitewater,Elmhurst,1,19.0,18.0,18.0,19.0,Elmhurst,1,0,True,Sebastian Blachut,"Darius Chestnut,JR Lukenbill,Jake Quast,Joey Berezowitz,Richie Warren","Aidyn Boone,Dominic Trelenberg,EJ Marshall,Luke Smith,Sebastian Blachut",599,598.0,1.0,1,0,0,0,0,1,1,0,0,0,0,0,0,1,2,1,1,0,0
09:58,,Free Throw MISSED by Elmhurst's Sebastian Blachut,,6512971,2025-12-02,Wis.-Whitewater,Elmhurst,1,,,18.0,19.0,Elmhurst,0,0,False,Sebastian Blachut,"Darius Chestnut,JR Lukenbill,Jake Quast,Joey Berezowitz,Richie Warren","Aidyn Boone,Dominic Trelenberg,EJ Marshall,Luke Smith,Sebastian Blachut",598,597.0,1.0,0,0,0,0,0,0,1,0,0,0,0,0,0,1,2,1,1,0,0
09:57,,Defensive rebound by Wis.-Whitewater's Richie Warren,,6512971,2025-12-02,Wis.-Whitewater,Elmhurst,1,,,18.0,19.0,Wis.-Whitewater,0,0,False,Richie Warren,"Darius Chestnut,JR Lukenbill,Jake Quast,Joey Berezowitz,Richie Warren","Aidyn Boone,Dominic Trelenberg,EJ Marshall,Luke Smith,Sebastian Blachut",597,583.0,14.0,0,0,0,0,0,0,0,0,0,0,0,0,1,1,2,1,1,0,0
09:43,,2 Pointer by Wis.-Whitewater's Richie Warren,(18-21),6512971,2025-12-02,Wis.-Whitewater,Elmhurst,1,21.0,18.0,18.0,21.0,Wis.-Whitewater,0,2,True,Richie Warren,"Darius Chestnut,JR Lukenbill,Jake Quast,Joey Berezowitz,Richie Warren","Aidyn Boone,Dominic Trelenberg,EJ Marshall,Luke Smith,Sebastian Blachut",583,568.0,15.0,2,1,1,0,0,0,0,0,0,0,0,0,0,1,2,1,1,0,0
09:28,,Layup by Elmhurst's Aidyn Boone,(20-21),6512971,2025-12-02,Wis.-Whitewater,Elmhurst,1,21.0,20.0,20.0,21.0,Elmhurst,2,0,True,Aidyn Boone,"Darius Chestnut,JR Lukenbill,Jake Quast,Joey Berezowitz,Richie Warren","Aidyn Boone,Dominic Trelenberg,EJ Marshall,Luke Smith,Sebastian Blachut",568,568.0,0.0,2,1,1,0,0,0,0,0,0,0,0,0,0,1,2,1,1,0,0
09:28,,Assist by Elmhurst's Sebastian Blachut,,6512971,2025-12-02,Wis.-Whitewater,Elmhurst,1,,,20.0,21.0,Elmhurst,0,0,False,Sebastian Blachut,"Darius Chestnut,JR Lukenbill,Jake Quast,Joey Berezowitz,Richie Warren","Aidyn Boone,Dominic Trelenberg,EJ Marshall,Luke Smith,Sebastian Blachut",568,543.0,25.0,0,0,0,0,0,0,0,0,0,1,0,0,0,1,2,1,1,0,0
09:03,,Layup by Wis.-Whitewater's Richie Warren,(20-23),6512971,2025-12-02,Wis.-Whitewater,Elmhurst,1,23.0,20.0,20.0,23.0,Wis.-Whitewater,0,2,True,Richie Warren,"Darius Chestnut,JR Lukenbill,Jake Quast,Joey Berezowitz,Richie Warren","Aidyn Boone,Dominic Trelenberg,EJ Marshall,Luke Smith,Sebastian Blachut",543,543.0,0.0,2,1,1,0,0,0,0,0,0,0,0,0,0,1,2,1,1,0,0
09:03,,Assist by Wis.-Whitewater's Darius Chestnut,,6512971,2025-12-02,Wis.-Whitewater,Elmhurst,1,,,20.0,23.0,Wis.-Whitewater,0,0,False,Darius Chestnut,"Darius Chestnut,JR Lukenbill,Jake Quast,Joey Berezowitz,Richie Warren","Aidyn Boone,Dominic Trelenberg,EJ Marshall,Luke Smith,Sebastian Blachut",543,523.0,20.0,0,0,0,0,0,0,0,0,0,1,0,0,0,1,2,1,1,0,0
08:43,,Personal Foul on Wis.-Whitewater's Darius Chestnut (Sebastian Blachut draws the foul),,6512971,2025-12-02,Wis.-Whitewater,Elmhurst,1,,,20.0,23.0,Wis.-Whitewater,0,0,False,Darius Chestnut,"Darius Chestnut,JR Lukenbill,Jake Quast,Joey Berezowitz,Richie Warren","Aidyn Boone,Dominic Trelenberg,EJ Marshall,Luke Smith,Sebastian Blachut",523,523.0,0.0,0,0,0,0,0,0,0,1,0,0,0,0,0,1,2,1,1,0,0
08:43,,Subbing out for Wis.-Whitewater-Darius Chestnut,,6512971,2025-12-02,Wis.-Whitewater,Elmhurst,1,,,20.0,23.0,,0,0,False,Darius Chestnut,"JR Lukenbill,Jake Quast,Joey Berezowitz,Richie Warren","Aidyn Boone,Dominic Trelenberg,EJ Marshall,Luke Smith,Sebastian Blachut",523,523.0,0.0,0,0,0,0,0,0,0,0,0,0,0,0,0,1,2,1,1,0,0
08:43,,Subbing in for Wis.-Whitewater-Luke Bara,,6512971,2025-12-02,Wis.-Whitewater,Elmhurst,1,,,20.0,23.0,,0,0,False,Luke Bara,"JR Lukenbill,Jake Quast,Joey Berezowitz,Luke Bara,Richie Warren","Aidyn Boone,Dominic Trelenberg,EJ Marshall,Luke Smith,Sebastian Blachut",523,512.0,11.0,0,0,0,0,0,0,0,0,0,0,0,0,0,1,2,1,1,0,0
08:32,,Jumper MISSED by Elmhurst's Sebastian Blachut,,6512971,2025-12-02,Wis.-Whitewater,Elmhurst,1,,,20.0,23.0,Elmhurst,0,0,False,Sebastian Blachut,"JR Lukenbill,Jake Quast,Joey Berezowitz,Luke Bara,Richie Warren","Aidyn Boone,Dominic Trelenberg,EJ Marshall,Luke Smith,Sebastian Blachut",512,509.0,3.0,0,0,1,0,1,0,0,0,0,0,0,0,0,1,2,1,1,0,0
08:29,,Defensive rebound by Wis.-Whitewater's Joey Berezowitz,,6512971,2025-12-02,Wis.-Whitewater,Elmhurst,1,,,20.0,23.0,Wis.-Whitewater,0,0,False,Joey Berezowitz,"JR Lukenbill,Jake Quast,Joey Berezowitz,Luke Bara,Richie Warren","Aidyn Boone,Dominic Trelenberg,EJ Marshall,Luke Smith,Sebastian Blachut",509,497.0,12.0,0,0,0,0,0,0,0,0,0,0,0,0,1,1,2,1,1,0,0
08:17,,Offensive foul by Wis.-Whitewater's Jake Quast,,6512971,2025-12-02,Wis.-Whitewater,Elmhurst,1,,,20.0,23.0,Wis.-Whitewater,0,0,True,Jake Quast,"JR Lukenbill,Jake Quast,Joey Berezowitz,Luke Bara,Richie Warren","Aidyn Boone,Dominic Trelenberg,EJ Marshall,Luke Smith,Sebastian Blachut",497,497.0,0.0,0,0,0,0,0,0,0,1,1,0,0,0,0,1,2,1,1,0,0
08:17,,Offensive turnover by Wis.-Whitewater's Jake Quast,,6512971,2025-12-02,Wis.-Whitewater,Elmhurst,1,,,20.0,23.0,Wis.-Whitewater,0,0,True,Jake Quast,"JR Lukenbill,Jake Quast,Joey Berezowitz,Luke Bara,Richie Warren","Aidyn Boone,Dominic Trelenberg,EJ Marshall,Luke Smith,Sebastian Blachut",497,497.0,0.0,0,0,0,0,0,0,0,0,0,0,0,0,0,1,2,1,1,0,0
08:17,,Subbing out for Elmhurst-EJ Marshall,,6512971,2025-12-02,Wis.-Whitewater,Elmhurst,1,,,20.0,23.0,,0,0,False,EJ Marshall,"JR Lukenbill,Jake Quast,Joey Berezowitz,Luke Bara,Richie Warren","Aidyn Boone,Dominic Trelenberg,Luke Smith,Sebastian Blachut",497,497.0,0.0,0,0,0,0,0,0,0,0,0,0,0,0,0,1,1,1,1,0,0
08:17,,Subbing in for Elmhurst-Talen Pearson,,6512971,2025-12-02,Wis.-Whitewater,Elmhurst,1,,,20.0,23.0,,0,0,False,Talen Pearson,"JR Lukenbill,Jake Quast,Joey Berezowitz,Luke Bara,Richie Warren","Aidyn Boone,Dominic Trelenberg,Luke Smith,Sebastian Blachut,Talen Pearson",497,483.0,14.0,0,0,0,0,0,0,0,0,0,0,0,0,0,1,1,1,1,1,0
08:03,,Jumper MISSED by Elmhurst's Talen Pearson,,6512971,2025-12-02,Wis.-Whitewater,Elmhurst,1,,,20.0,23.0,Elmhurst,0,0,False,Talen Pearson,"JR Lukenbill,Jake Quast,Joey Berezowitz,Luke Bara,Richie Warren","Aidyn Boone,Dominic Trelenberg,Luke Smith,Sebastian Blachut,Talen Pearson",483,478.0,5.0,0,0,1,0,1,0,0,0,0,0,0,0,0,1,1,1,1,1,0
07:58,,Defensive rebound by Wis.-Whitewater's Richie Warren,,6512971,2025-12-02,Wis.-Whitewater,Elmhurst,1,,,20.0,23.0,Wis.-Whitewater,0,0,False,Richie Warren,"JR Lukenbill,Jake Quast,Joey Berezowitz,Luke Bara,Richie Warren","Aidyn Boone,Dominic Trelenberg,Luke Smith,Sebastian Blachut,Talen Pearson",478,471.0,7.0,0,0,0,0,0,0,0,0,0,0,0,0,1,1,1,1,1,1,0
07:51,,Jumper MISSED by Wis.-Whitewater's Jake Quast,,6512971,2025-12-02,Wis.-Whitewater,Elmhurst,1,,,20.0,23.0,Wis.-Whitewater,0,0,False,Jake Quast,"JR Lukenbill,Jake Quast,Joey Berezowitz,Luke Bara,Richie Warren","Aidyn Boone,Dominic Trelenberg,Luke Smith,Sebastian Blachut,Talen Pearson",471,466.0,5.0,0,0,1,0,1,0,0,0,0,0,0,0,0,1,1,1,1,1,0
07:46,,Defensive rebound by Elmhurst's Luke Smith,,6512971,2025-12-02,Wis.-Whitewater,Elmhurst,1,,,20.0,23.0,Elmhurst,0,0,False,Luke Smith,"JR Lukenbill,Jake Quast,Joey Berezowitz,Luke Bara,Richie Warren","Aidyn Boone,Dominic Trelenberg,Luke Smith,Sebastian Blachut,Talen Pearson",466,465.0,1.0,0,0,0,0,0,0,0,0,0,0,0,0,1,1,1,1,1,1,0
07:45,,Layup by Elmhurst's Dominic Trelenberg,(22-23),6512971,2025-12-02,Wis.-Whitewater,Elmhurst,1,23.0,22.0,22.0,23.0,Elmhurst,2,0,True,Dominic Trelenberg,"JR Lukenbill,Jake Quast,Joey Berezowitz,Luke Bara,Richie Warren","Aidyn Boone,Dominic Trelenberg,Luke Smith,Sebastian Blachut,Talen Pearson",465,465.0,0.0,2,1,1,0,0,0,0,0,0,0,0,0,0,1,1,1,1,1,0
07:45,,Assist by Elmhurst's Luke Smith,,6512971,2025-12-02,Wis.-Whitewater,Elmhurst,1,,,22.0,23.0,Elmhurst,0,0,False,Luke Smith,"JR Lukenbill,Jake Quast,Joey Berezowitz,Luke Bara,Richie Warren","Aidyn Boone,Dominic Trelenberg,Luke Smith,Sebastian Blachut,Talen Pearson",465,451.0,14.0,0,0,0,0,0,0,0,0,0,1,0,0,0,1,1,1,1,1,0
07:31,,Personal Foul on Elmhurst's Aidyn Boone (Richie Warren draws the foul),,6512971,2025-12-02,Wis.-Whitewater,Elmhurst,1,,,22.0,23.0,Elmhurst,0,0,False,Aidyn Boone,"JR Lukenbill,Jake Quast,Joey Berezowitz,Luke Bara,Richie Warren","Aidyn Boone,Dominic Trelenberg,Luke Smith,Sebastian Blachut,Talen Pearson",451,451.0,0.0,0,0,0,0,0,0,0,1,0,0,0,0,0,1,1,1,1,1,0
07:31,,Commercial time out.,,6512971,2025-12-02,Wis.-Whitewater,Elmhurst,1,,,22.0,23.0,,0,0,False,,"JR Lukenbill,Jake Quast,Joey Berezowitz,Luke Bara,Richie Warren","Aidyn Boone,Dominic Trelenberg,Luke Smith,Sebastian Blachut,Talen Pearson",451,451.0,0.0,0,0,0,0,0,0,0,0,0,0,0,0,0,1,1,1,1,1,0
07:31,,Subbing out for Wis.-Whitewater-Jake Quast,,6512971,2025-12-02,Wis.-Whitewater,Elmhurst,1,,,22.0,23.0,,0,0,False,Jake Quast,"JR Lukenbill,Joey Berezowitz,Luke Bara,Richie Warren","Aidyn Boone,Dominic Trelenberg,Luke Smith,Sebastian Blachut,Talen Pearson",451,451.0,0.0,0,0,0,0,0,0,0,0,0,0,0,0,0,1,1,1,1,1,0
07:31,,Subbing in for Wis.-Whitewater-Collin Madson,,6512971,2025-12-02,Wis.-Whitewater,Elmhurst,1,,,22.0,23.0,,0,0,False,Collin Madson,"Collin Madson,JR Lukenbill,Joey Berezowitz,Luke Bara,Richie Warren","Aidyn Boone,Dominic Trelenberg,Luke Smith,Sebastian Blachut,Talen Pearson",451,451.0,0.0,0,0,0,0,0,0,0,0,0,0,0,0,0,1,1,1,1,1,0
07:31,,Subbing out for Elmhurst-Aidyn Boone,,6512971,2025-12-02,Wis.-Whitewater,Elmhurst,1,,,22.0,23.0,,0,0,False,Aidyn Boone,"Collin Madson,JR Lukenbill,Joey Berezowitz,Luke Bara,Richie Warren","Dominic Trelenberg,Luke Smith,Sebastian Blachut,Talen Pearson",451,451.0,0.0,0,0,0,0,0,0,0,0,0,0,0,0,0,1,1,1,0,1,0
07:31,,Subbing in for Elmhurst-Jeffrey Williams,,6512971,2025-12-02,Wis.-Whitewater,Elmhurst,1,,,22.0,23.0,,0,0,False,Jeffrey Williams,"Collin Madson,JR Lukenbill,Joey Berezowitz,Luke Bara,Richie Warren","Dominic Trelenberg,Jeffrey Williams,Luke Smith,Sebastian Blachut,Talen Pearson",451,451.0,0.0,0,0,0,0,0,0,0,0,0,0,0,0,0,1,1,1,1,1,0
07:31,,Free Throw by Wis.-Whitewater's Richie Warren,(22-24),6512971,2025-12-02,Wis.-Whitewater,Elmhurst,1,24.0,22.0,22.0,24.0,Wis.-Whitewater,0,1,True,Richie Warren,"Collin Madson,JR Lukenbill,Joey Berezowitz,Luke Bara,Richie Warren","Dominic Trelenberg,Jeffrey Williams,Luke Smith,Sebastian Blachut,Talen Pearson",451,451.0,0.0,1,0,0,0,0,1,1,0,0,0,0,0,0,1,1,1,1,1,0
07:31,,Free Throw by Wis.-Whitewater's Richie Warren,(22-25),6512971,2025-12-02,Wis.-Whitewater,Elmhurst,1,25.0,22.0,22.0,25.0,Wis.-Whitewater,0,1,True,Richie Warren,"Collin Madson,JR Lukenbill,Joey Berezowitz,Luke Bara,Richie Warren","Dominic Trelenberg,Jeffrey Williams,Luke Smith,Sebastian Blachut,Talen Pearson",451,433.0,18.0,1,0,0,0,0,1,1,0,0,0,0,0,0,1,1,1,1,1,0
07:13,,Layup by Elmhurst's Jeffrey Williams,(24-25),6512971,2025-12-02,Wis.-Whitewater,Elmhurst,1,25.0,24.0,24.0,25.0,Elmhurst,2,0,True,Jeffrey Williams,"Collin Madson,JR Lukenbill,Joey Berezowitz,Luke Bara,Richie Warren","Dominic Trelenberg,Jeffrey Williams,Luke Smith,Sebastian Blachut,Talen Pearson",433,433.0,0.0,2,1,1,0,0,0,0,0,0,0,0,0,0,1,1,1,1,1,0
07:13,,Assist by Elmhurst's Luke Smith,,6512971,2025-12-02,Wis.-Whitewater,Elmhurst,1,,,24.0,25.0,Elmhurst,0,0,False,Luke Smith,"Collin Madson,JR Lukenbill,Joey Berezowitz,Luke Bara,Richie Warren","Dominic Trelenberg,Jeffrey Williams,Luke Smith,Sebastian Blachut,Talen Pearson",433,433.0,0.0,0,0,0,0,0,0,0,0,0,1,0,0,0,1,1,1,1,1,0
07:13,,Personal Foul on Wis.-Whitewater's JR Lukenbill (Jeffrey Williams draws the foul),,6512971,2025-12-02,Wis.-Whitewater,Elmhurst,1,,,24.0,25.0,Wis.-Whitewater,0,0,False,JR Lukenbill,"Collin Madson,JR Lukenbill,Joey Berezowitz,Luke Bara,Richie Warren","Dominic Trelenberg,Jeffrey Williams,Luke Smith,Sebastian Blachut,Talen Pearson",433,433.0,0.0,0,0,0,0,0,0,0,1,0,0,0,0,0,1,1,1,1,1,0
07:13,,Free Throw MISSED by Elmhurst's Jeffrey Williams,,6512971,2025-12-02,Wis.-Whitewater,Elmhurst,1,,,24.0,25.0,Elmhurst,0,0,False,Jeffrey Williams,"Collin Madson,JR Lukenbill,Joey Berezowitz,Luke Bara,Richie Warren","Dominic Trelenberg,Jeffrey Williams,Luke Smith,Sebastian Blachut,Talen Pearson",433,431.0,2.0,0,0,0,0,0,0,1,0,0,0,0,0,0,1,1,1,1,1,0
07:11,,Defensive rebound by Wis.-Whitewater's Richie Warren,,6512971,2025-12-02,Wis.-Whitewater,Elmhurst,1,,,24.0,25.0,Wis.-Whitewater,0,0,False,Richie Warren,"Collin Madson,JR Lukenbill,Joey Berezowitz,Luke Bara,Richie Warren","Dominic Trelenberg,Jeffrey Williams,Luke Smith,Sebastian Blachut,Talen Pearson",431,419.0,12.0,0,0,0,0,0,0,0,0,0,0,0,0,1,1,1,1,1,1,0
06:59,,Slam Dunk by Wis.-Whitewater's JR Lukenbill,(24-27),6512971,2025-12-02,Wis.-Whitewater,Elmhurst,1,27.0,24.0,24.0,27.0,Wis.-Whitewater,0,2,True,JR Lukenbill,"Collin Madson,JR Lukenbill,Joey Berezowitz,Luke Bara,Richie Warren","Dominic Trelenberg,Jeffrey Williams,Luke Smith,Sebastian Blachut,Talen Pearson",419,419.0,0.0,2,1,1,0,0,0,0,0,0,0,0,0,0,1,1,1,1,1,0
06:59,,Assist by Wis.-Whitewater's Luke Bara,,6512971,2025-12-02,Wis.-Whitewater,Elmhurst,1,,,24.0,27.0,Wis.-Whitewater,0,0,False,Luke Bara,"Collin Madson,JR Lukenbill,Joey Berezowitz,Luke Bara,Richie Warren","Dominic Trelenberg,Jeffrey Williams,Luke Smith,Sebastian Blachut,Talen Pearson",419,391.0,28.0,0,0,0,0,0,0,0,0,0,1,0,0,0,1,1,1,1,1,0
06:31,,Layup MISSED by Elmhurst's Luke Smith,,6512971,2025-12-02,Wis.-Whitewater,Elmhurst,1,,,24.0,27.0,Elmhurst,0,0,False,Luke Smith,"Collin Madson,JR Lukenbill,Joey Berezowitz,Luke Bara,Richie Warren","Dominic Trelenberg,Jeffrey Williams,Luke Smith,Sebastian Blachut,Talen Pearson",391,388.0,3.0,0,0,1,0,0,0,0,0,0,0,0,0,0,1,1,1,1,1,0
06:28,,Offensive rebound by Elmhurst's Dominic Trelenberg,,6512971,2025-12-02,Wis.-Whitewater,Elmhurst,1,,,24.0,27.0,Elmhurst,0,0,False,Dominic Trelenberg,"Collin Madson,JR Lukenbill,Joey Berezowitz,Luke Bara,Richie Warren","Dominic Trelenberg,Jeffrey Williams,Luke Smith,Sebastian Blachut,Talen Pearson",388,388.0,0.0,0,0,0,0,0,0,0,0,0,0,0,1,0,1,1,1,1,1,0
06:28,,2 Pointer by Elmhurst's Dominic Trelenberg,(26-27),6512971,2025-12-02,Wis.-Whitewater,Elmhurst,1,27.0,26.0,26.0,27.0,Elmhurst,2,0,True,Dominic Trelenberg,"Collin Madson,JR Lukenbill,Joey Berezowitz,Luke Bara,Richie Warren","Dominic Trelenberg,Jeffrey Williams,Luke Smith,Sebastian Blachut,Talen Pearson",388,377.0,11.0,2,1,1,0,0,0,0,0,0,0,0,0,0,1,1,1,1,1,0
06:17,,Jumper by Wis.-Whitewater's Luke Bara,(26-30),6512971,2025-12-02,Wis.-Whitewater,Elmhurst,1,30.0,26.0,26.0,30.0,Wis.-Whitewater,0,3,True,Luke Bara,"Collin Madson,JR Lukenbill,Joey Berezowitz,Luke Bara,Richie Warren","Dominic Trelenberg,Jeffrey Williams,Luke Smith,Sebastian Blachut,Talen Pearson",377,360.0,17.0,3,1,1,1,1,0,0,0,0,0,0,0,0,1,1,1,1,1,0
06:00,,3 Pointer by Elmhurst's Dominic Trelenberg,(29-30),6512971,2025-12-02,Wis.-Whitewater,Elmhurst,1,30.0,29.0,29.0,30.0,Elmhurst,3,0,True,Dominic Trelenberg,"Collin Madson,JR Lukenbill,Joey Berezowitz,Luke Bara,Richie Warren","Dominic Trelenberg,Jeffrey Williams,Luke Smith,Sebastian Blachut,Talen Pearson",360,337.0,23.0,3,1,1,1,1,0,0,0,0,0,0,0,0,1,1,1,1,1,0
05:37,,Personal Foul on Elmhurst's Talen Pearson (Luke Bara draws the foul),,6512971,2025-12-02,Wis.-Whitewater,Elmhurst,1,,,29.0,30.0,Elmhurst,0,0,False,Talen Pearson,"Collin Madson,JR Lukenbill,Joey Berezowitz,Luke Bara,Richie Warren","Dominic Trelenberg,Jeffrey Williams,Luke Smith,Sebastian Blachut,Talen Pearson",337,337.0,0.0,0,0,0,0,0,0,0,1,0,0,0,0,0,1,1,1,1,1,0
05:37,,Free Throw by Wis.-Whitewater's Luke Bara,(29-31),6512971,2025-12-02,Wis.-Whitewater,Elmhurst,1,31.0,29.0,29.0,31.0,Wis.-Whitewater,0,1,True,Luke Bara,"Collin Madson,JR Lukenbill,Joey Berezowitz,Luke Bara,Richie Warren","Dominic Trelenberg,Jeffrey Williams,Luke Smith,Sebastian Blachut,Talen Pearson",337,337.0,0.0,1,0,0,0,0,1,1,0,0,0,0,0,0,1,1,1,1,1,0
05:37,,Subbing out for Wis.-Whitewater-Joey Berezowitz,,6512971,2025-12-02,Wis.-Whitewater,Elmhurst,1,,,29.0,31.0,,0,0,False,Joey Berezowitz,"Collin Madson,JR Lukenbill,Luke Bara,Richie Warren","Dominic Trelenberg,Jeffrey Williams,Luke Smith,Sebastian Blachut,Talen Pearson",337,337.0,0.0,0,0,0,0,0,0,0,0,0,0,0,0,0,1,1,1,1,1,0
05:37,,Subbing in for Wis.-Whitewater-Isaac Verges,,6512971,2025-12-02,Wis.-Whitewater,Elmhurst,1,,,29.0,31.0,,0,0,False,Isaac Verges,"Collin Madson,Isaac Verges,JR Lukenbill,Luke Bara,Richie Warren","Dominic Trelenberg,Jeffrey Williams,Luke Smith,Sebastian Blachut,Talen Pearson",337,337.0,0.0,0,0,0,0,0,0,0,0,0,0,0,0,0,1,1,1,1,1,0
05:37,,Subbing out for Elmhurst-Luke Smith,,6512971,2025-12-02,Wis.-Whitewater,Elmhurst,1,,,29.0,31.0,,0,0,False,Luke Smith,"Collin Madson,Isaac Verges,JR Lukenbill,Luke Bara,Richie Warren","Dominic Trelenberg,Jeffrey Williams,Sebastian Blachut,Talen Pearson",337,337.0,0.0,0,0,0,0,0,0,0,0,0,0,0,0,0,1,0,1,1,1,0
05:37,,Subbing out for Elmhurst-Talen Pearson,,6512971,2025-12-02,Wis.-Whitewater,Elmhurst,1,,,29.0,31.0,,0,0,False,Talen Pearson,"Collin Madson,Isaac Verges,JR Lukenbill,Luke Bara,Richie Warren","Dominic Trelenberg,Jeffrey Williams,Sebastian Blachut",337,337.0,0.0,0,0,0,0,0,0,0,0,0,0,0,0,0,1,0,1,1,0,0
05:37,,Subbing in for Elmhurst-EJ Marshall,,6512971,2025-12-02,Wis.-Whitewater,Elmhurst,1,,,29.0,31.0,,0,0,False,EJ Marshall,"Collin Madson,Isaac Verges,JR Lukenbill,Luke Bara,Richie Warren","Dominic Trelenberg,EJ Marshall,Jeffrey Williams,Sebastian Blachut",337,337.0,0.0,0,0,0,0,0,0,0,0,0,0,0,0,0,1,1,1,1,0,0
05:37,,Subbing in for Elmhurst-Jack Cherry,,6512971,2025-12-02,Wis.-Whitewater,Elmhurst,1,,,29.0,31.0,,0,0,False,Jack Cherry,"Collin Madson,Isaac Verges,JR Lukenbill,Luke Bara,Richie Warren","Dominic Trelenberg,EJ Marshall,Jack Cherry,Jeffrey Williams,Sebastian Blachut",337,337.0,0.0,0,0,0,0,0,0,0,0,0,0,0,0,0,1,2,1,1,0,1
05:37,,Free Throw by Wis.-Whitewater's Luke Bara,(29-32),6512971,2025-12-02,Wis.-Whitewater,Elmhurst,1,32.0,29.0,29.0,32.0,Wis.-Whitewater,0,1,True,Luke Bara,"Collin Madson,Isaac Verges,JR Lukenbill,Luke Bara,Richie Warren","Dominic Trelenberg,EJ Marshall,Jack Cherry,Jeffrey Williams,Sebastian Blachut",337,317.0,20.0,1,0,0,0,0,1,1,0,0,0,0,0,0,1,2,1,1,0,1
05:17,,2 Pointer MISSED by Elmhurst's Dominic Trelenberg,,6512971,2025-12-02,Wis.-Whitewater,Elmhurst,1,,,29.0,32.0,Elmhurst,0,0,False,Dominic Trelenberg,"Collin Madson,Isaac Verges,JR Lukenbill,Luke Bara,Richie Warren","Dominic Trelenberg,EJ Marshall,Jack Cherry,Jeffrey Williams,Sebastian Blachut",317,314.0,3.0,0,0,0,0,0,0,0,0,0,0,0,0,0,1,2,1,1,0,1
05:14,,Defensive rebound by Wis.-Whitewater's Luke Bara,,6512971,2025-12-02,Wis.-Whitewater,Elmhurst,1,,,29.0,32.0,Wis.-Whitewater,0,0,False,Luke Bara,"Collin Madson,Isaac Verges,JR Lukenbill,Luke Bara,Richie Warren","Dominic Trelenberg,EJ Marshall,Jack Cherry,Jeffrey Williams,Sebastian Blachut",314,307.0,7.0,0,0,0,0,0,0,0,0,0,0,0,0,1,1,2,1,1,0,1
05:07,,Jumper MISSED by Wis.-Whitewater's Collin Madson,,6512971,2025-12-02,Wis.-Whitewater,Elmhurst,1,,,29.0,32.0,Wis.-Whitewater,0,0,False,Collin Madson,"Collin Madson,Isaac Verges,JR Lukenbill,Luke Bara,Richie Warren","Dominic Trelenberg,EJ Marshall,Jack Cherry,Jeffrey Williams,Sebastian Blachut",307,303.0,4.0,0,0,1,0,1,0,0,0,0,0,0,0,0,1,2,1,1,0,1
05:03,,Defensive rebound by Elmhurst's Jeffrey Williams,,6512971,2025-12-02,Wis.-Whitewater,Elmhurst,1,,,29.0,32.0,Elmhurst,0,0,False,Jeffrey Williams,"Collin Madson,Isaac Verges,JR Lukenbill,Luke Bara,Richie Warren","Dominic Trelenberg,EJ Marshall,Jack Cherry,Jeffrey Williams,Sebastian Blachut",303,293.0,10.0,0,0,0,0,0,0,0,0,0,0,0,0,1,1,2,1,1,0,1
04:53,,Jumper MISSED by Elmhurst's Jeffrey Williams,,6512971,2025-12-02,Wis.-Whitewater,Elmhurst,1,,,29.0,32.0,Elmhurst,0,0,False,Jeffrey Williams,"Collin Madson,Isaac Verges,JR Lukenbill,Luke Bara,Richie Warren","Dominic Trelenberg,EJ Marshall,Jack Cherry,Jeffrey Williams,Sebastian Blachut",293,291.0,2.0,0,0,1,0,1,0,0,0,0,0,0,0,0,1,2,1,1,0,1
04:51,,Defensive rebound by Wis.-Whitewater's Collin Madson,,6512971,2025-12-02,Wis.-Whitewater,Elmhurst,1,,,29.0,32.0,Wis.-Whitewater,0,0,False,Collin Madson,"Collin Madson,Isaac Verges,JR Lukenbill,Luke Bara,Richie Warren","Dominic Trelenberg,EJ Marshall,Jack Cherry,Jeffrey Williams,Sebastian Blachut",291,280.0,11.0,0,0,0,0,0,0,0,0,0,0,0,0,1,1,2,1,1,0,1
04:40,,Turnover by Wis.-Whitewater 's Isaac Verges,,6512971,2025-12-02,Wis.-Whitewater,Elmhurst,1,,,29.0,32.0,,0,0,True,Isaac Verges,"Collin Madson,Isaac Verges,JR Lukenbill,Luke Bara,Richie Warren","Dominic Trelenberg,EJ Marshall,Jack Cherry,Jeffrey Williams,Sebastian Blachut",280,280.0,0.0,0,0,0,0,0,0,0,0,1,0,0,0,0,1,2,1,1,0,1
04:40,,Steal by Elmhurst's Jeffrey Williams,,6512971,2025-12-02,Wis.-Whitewater,Elmhurst,1,,,29.0,32.0,Elmhurst,0,0,False,Jeffrey Williams,"Collin Madson,Isaac Verges,JR Lukenbill,Luke Bara,Richie Warren","Dominic Trelenberg,EJ Marshall,Jack Cherry,Jeffrey Williams,Sebastian Blachut",280,258.0,22.0,0,0,0,0,0,0,0,0,0,0,1,0,0,1,2,1,1,0,1
04:18,,Jumper by Elmhurst's EJ Marshall,(32-32),6512971,2025-12-02,Wis.-Whitewater,Elmhurst,1,32.0,32.0,32.0,32.0,Elmhurst,3,0,True,EJ Marshall,"Collin Madson,Isaac Verges,JR Lukenbill,Luke Bara,Richie Warren","Dominic Trelenberg,EJ Marshall,Jack Cherry,Jeffrey Williams,Sebastian Blachut",258,258.0,0.0,3,1,1,1,1,0,0,0,0,0,0,0,0,1,2,1,1,0,1
04:18,,Assist by Elmhurst's Dominic Trelenberg,,6512971,2025-12-02,Wis.-Whitewater,Elmhurst,1,,,32.0,32.0,Elmhurst,0,0,False,Dominic Trelenberg,"Collin Madson,Isaac Verges,JR Lukenbill,Luke Bara,Richie Warren","Dominic Trelenberg,EJ Marshall,Jack Cherry,Jeffrey Williams,Sebastian Blachut",258,241.0,17.0,0,0,0,0,0,0,0,0,0,1,0,0,0,1,2,1,1,0,1
04:01,,Jumper MISSED by Wis.-Whitewater's Luke Bara,,6512971,2025-12-02,Wis.-Whitewater,Elmhurst,1,,,32.0,32.0,Wis.-Whitewater,0,0,False,Luke Bara,"Collin Madson,Isaac Verges,JR Lukenbill,Luke Bara,Richie Warren","Dominic Trelenberg,EJ Marshall,Jack Cherry,Jeffrey Williams,Sebastian Blachut",241,238.0,3.0,0,0,1,0,1,0,0,0,0,0,0,0,0,1,2,1,1,0,1
03:58,,Defensive rebound by Elmhurst's Jack Cherry,,6512971,2025-12-02,Wis.-Whitewater,Elmhurst,1,,,32.0,32.0,Elmhurst,0,0,False,Jack Cherry,"Collin Madson,Isaac Verges,JR Lukenbill,Luke Bara,Richie Warren","Dominic Trelenberg,EJ Marshall,Jack Cherry,Jeffrey Williams,Sebastian Blachut",238,216.0,22.0,0,0,0,0,0,0,0,0,0,0,0,0,1,1,2,1,1,0,1
03:36,,Layup by Elmhurst's Dominic Trelenberg,(34-32),6512971,2025-12-02,Wis.-Whitewater,Elmhurst,1,32.0,34.0,34.0,32.0,Elmhurst,2,0,True,Dominic Trelenberg,"Collin Madson,Isaac Verges,JR Lukenbill,Luke Bara,Richie Warren","Dominic Trelenberg,EJ Marshall,Jack Cherry,Jeffrey Williams,Sebastian Blachut",216,216.0,0.0,2,1,1,0,0,0,0,0,0,0,0,0,0,1,2,1,1,0,1
03:36,,Assist by Elmhurst's Jack Cherry,,6512971,2025-12-02,Wis.-Whitewater,Elmhurst,1,,,34.0,32.0,Elmhurst,0,0,False,Jack Cherry,"Collin Madson,Isaac Verges,JR Lukenbill,Luke Bara,Richie Warren","Dominic Trelenberg,EJ Marshall,Jack Cherry,Jeffrey Williams,Sebastian Blachut",216,199.0,17.0,0,0,0,0,0,0,0,0,0,1,0,0,0,1,2,1,1,0,1
03:19,,2 Pointer by Wis.-Whitewater's Richie Warren,(34-34),6512971,2025-12-02,Wis.-Whitewater,Elmhurst,1,34.0,34.0,34.0,34.0,Wis.-Whitewater,0,2,True,Richie Warren,"Collin Madson,Isaac Verges,JR Lukenbill,Luke Bara,Richie Warren","Dominic Trelenberg,EJ Marshall,Jack Cherry,Jeffrey Williams,Sebastian Blachut",199,194.0,5.0,2,1,1,0,0,0,0,0,0,0,0,0,0,1,2,1,1,0,1
03:14,,Elmhurst takes a [short] time out.,,6512971,2025-12-02,Wis.-Whitewater,Elmhurst,1,,,34.0,34.0,,0,0,False,,"Collin Madson,Isaac Verges,JR Lukenbill,Luke Bara,Richie Warren","Dominic Trelenberg,EJ Marshall,Jack Cherry,Jeffrey Williams,Sebastian Blachut",194,194.0,0.0,0,0,0,0,0,0,0,0,0,0,0,0,0,1,2,1,1,0,1
03:14,,Subbing out for Wis.-Whitewater-Richie Warren,,6512971,2025-12-02,Wis.-Whitewater,Elmhurst,1,,,34.0,34.0,,0,0,False,Richie Warren,"Collin Madson,Isaac Verges,JR Lukenbill,Luke Bara","Dominic Trelenberg,EJ Marshall,Jack Cherry,Jeffrey Williams,Sebastian Blachut",194,194.0,0.0,0,0,0,0,0,0,0,0,0,0,0,0,0,1,2,1,1,0,1
03:14,,Subbing in for Wis.-Whitewater-Jake Quast,,6512971,2025-12-02,Wis.-Whitewater,Elmhurst,1,,,34.0,34.0,,0,0,False,Jake Quast,"Collin Madson,Isaac Verges,JR Lukenbill,Jake Quast,Luke Bara","Dominic Trelenberg,EJ Marshall,Jack Cherry,Jeffrey Williams,Sebastian Blachut",194,185.0,9.0,0,0,0,0,0,0,0,0,0,0,0,0,0,1,2,1,1,0,1
03:05,,Layup MISSED by Elmhurst's Dominic Trelenberg,,6512971,2025-12-02,Wis.-Whitewater,Elmhurst,1,,,34.0,34.0,Elmhurst,0,0,False,Dominic Trelenberg,"Collin Madson,Isaac Verges,JR Lukenbill,Jake Quast,Luke Bara","Dominic Trelenberg,EJ Marshall,Jack Cherry,Jeffrey Williams,Sebastian Blachut",185,181.0,4.0,0,0,1,0,0,0,0,0,0,0,0,0,0,1,2,1,1,0,1
03:01,,Defensive rebound by Wis.-Whitewater's Isaac Verges,,6512971,2025-12-02,Wis.-Whitewater,Elmhurst,1,,,34.0,34.0,Wis.-Whitewater,0,0,False,Isaac Verges,"Collin Madson,Isaac Verges,JR Lukenbill,Jake Quast,Luke Bara","Dominic Trelenberg,EJ Marshall,Jack Cherry,Jeffrey Williams,Sebastian Blachut",181,164.0,17.0,0,0,0,0,0,0,0,0,0,0,0,0,1,1,2,1,1,0,1
02:44,,Jumper by Wis.-Whitewater's Luke Bara,(34-37),6512971,2025-12-02,Wis.-Whitewater,Elmhurst,1,37.0,34.0,34.0,37.0,Wis.-Whitewater,0,3,True,Luke Bara,"Collin Madson,Isaac Verges,JR Lukenbill,Jake Quast,Luke Bara","Dominic Trelenberg,EJ Marshall,Jack Cherry,Jeffrey Williams,Sebastian Blachut",164,164.0,0.0,3,1,1,1,1,0,0,0,0,0,0,0,0,1,2,1,1,0,1
02:44,,Assist by Wis.-Whitewater's Isaac Verges,,6512971,2025-12-02,Wis.-Whitewater,Elmhurst,1,,,34.0,37.0,Wis.-Whitewater,0,0,False,Isaac Verges,"Collin Madson,Isaac Verges,JR Lukenbill,Jake Quast,Luke Bara","Dominic Trelenberg,EJ Marshall,Jack Cherry,Jeffrey Williams,Sebastian Blachut",164,143.0,21.0,0,0,0,0,0,0,0,0,0,1,0,0,0,1,2,1,1,0,1
02:23,,Layup MISSED by Elmhurst's Dominic Trelenberg,,6512971,2025-12-02,Wis.-Whitewater,Elmhurst,1,,,34.0,37.0,Elmhurst,0,0,False,Dominic Trelenberg,"Collin Madson,Isaac Verges,JR Lukenbill,Jake Quast,Luke Bara","Dominic Trelenberg,EJ Marshall,Jack Cherry,Jeffrey Williams,Sebastian Blachut",143,143.0,0.0,0,0,1,0,0,0,0,0,0,0,0,0,0,1,2,1,1,0,1
02:23,,Block by Wis.-Whitewater's JR Lukenbill,,6512971,2025-12-02,Wis.-Whitewater,Elmhurst,1,,,34.0,37.0,Wis.-Whitewater,0,0,False,JR Lukenbill,"Collin Madson,Isaac Verges,JR Lukenbill,Jake Quast,Luke Bara","Dominic Trelenberg,EJ Marshall,Jack Cherry,Jeffrey Williams,Sebastian Blachut",143,140.0,3.0,0,0,0,0,0,0,0,0,0,0,0,0,0,1,2,1,1,0,1
02:20,,Offensive rebound by Elmhurst's Jeffrey Williams,,6512971,2025-12-02,Wis.-Whitewater,Elmhurst,1,,,34.0,37.0,Elmhurst,0,0,False,Jeffrey Williams,"Collin Madson,Isaac Verges,JR Lukenbill,Jake Quast,Luke Bara","Dominic Trelenberg,EJ Marshall,Jack Cherry,Jeffrey Williams,Sebastian Blachut",140,128.0,12.0,0,0,0,0,0,0,0,0,0,0,0,1,0,1,2,1,1,0,1
02:08,,Personal Foul on Wis.-Whitewater's Collin Madson (Dominic Trelenberg draws the foul),,6512971,2025-12-02,Wis.-Whitewater,Elmhurst,1,,,34.0,37.0,Wis.-Whitewater,0,0,False,Collin Madson,"Collin Madson,Isaac Verges,JR Lukenbill,Jake Quast,Luke Bara","Dominic Trelenberg,EJ Marshall,Jack Cherry,Jeffrey Williams,Sebastian Blachut",128,128.0,0.0,0,0,0,0,0,0,0,1,0,0,0,0,0,1,2,1,1,0,1
02:08,,Free Throw by Elmhurst's Dominic Trelenberg,(35-37),6512971,2025-12-02,Wis.-Whitewater,Elmhurst,1,37.0,35.0,35.0,37.0,Elmhurst,1,0,True,Dominic Trelenberg,"Collin Madson,Isaac Verges,JR Lukenbill,Jake Quast,Luke Bara","Dominic Trelenberg,EJ Marshall,Jack Cherry,Jeffrey Williams,Sebastian Blachut",128,128.0,0.0,1,0,0,0,0,1,1,0,0,0,0,0,0,1,2,1,1,0,1
02:08,,Subbing out for Elmhurst-Jeffrey Williams,,6512971,2025-12-02,Wis.-Whitewater,Elmhurst,1,,,35.0,37.0,,0,0,False,Jeffrey Williams,"Collin Madson,Isaac Verges,JR Lukenbill,Jake Quast,Luke Bara","Dominic Trelenberg,EJ Marshall,Jack Cherry,Sebastian Blachut",128,128.0,0.0,0,0,0,0,0,0,0,0,0,0,0,0,0,1,2,1,0,0,1
02:08,,Subbing in for Elmhurst-Luke Smith,,6512971,2025-12-02,Wis.-Whitewater,Elmhurst,1,,,35.0,37.0,,0,0,False,Luke Smith,"Collin Madson,Isaac Verges,JR Lukenbill,Jake Quast,Luke Bara","Dominic Trelenberg,EJ Marshall,Jack Cherry,Luke Smith,Sebastian Blachut",128,128.0,0.0,0,0,0,0,0,0,0,0,0,0,0,0,0,1,3,1,0,0,1
02:08,,Free Throw by Elmhurst's Dominic Trelenberg,(36-37),6512971,2025-12-02,Wis.-Whitewater,Elmhurst,1,37.0,36.0,36.0,37.0,Elmhurst,1,0,True,Dominic Trelenberg,"Collin Madson,Isaac Verges,JR Lukenbill,Jake Quast,Luke Bara","Dominic Trelenberg,EJ Marshall,Jack Cherry,Luke Smith,Sebastian Blachut",128,114.0,14.0,1,0,0,0,0,1,1,0,0,0,0,0,0,1,3,1,0,0,1
01:54,,Layup by Wis.-Whitewater's JR Lukenbill,(36-39),6512971,2025-12-02,Wis.-Whitewater,Elmhurst,1,39.0,36.0,36.0,39.0,Wis.-Whitewater,0,2,True,JR Lukenbill,"Collin Madson,Isaac Verges,JR Lukenbill,Jake Quast,Luke Bara","Dominic Trelenberg,EJ Marshall,Jack Cherry,Luke Smith,Sebastian Blachut",114,114.0,0.0,2,1,1,0,0,0,0,0,0,0,0,0,0,1,3,1,0,0,1
01:54,,Assist by Wis.-Whitewater's Isaac Verges,,6512971,2025-12-02,Wis.-Whitewater,Elmhurst,1,,,36.0,39.0,Wis.-Whitewater,0,0,False,Isaac Verges,"Collin Madson,Isaac Verges,JR Lukenbill,Jake Quast,Luke Bara","Dominic Trelenberg,EJ Marshall,Jack Cherry,Luke Smith,Sebastian Blachut",114,114.0,0.0,0,0,0,0,0,0,0,0,0,1,0,0,0,1,3,1,0,0,1
01:54,,Personal Foul on Elmhurst's Luke Smith (JR Lukenbill draws the foul),,6512971,2025-12-02,Wis.-Whitewater,Elmhurst,1,,,36.0,39.0,Elmhurst,0,0,False,Luke Smith,"Collin Madson,Isaac Verges,JR Lukenbill,Jake Quast,Luke Bara","Dominic Trelenberg,EJ Marshall,Jack Cherry,Luke Smith,Sebastian Blachut",114,114.0,0.0,0,0,0,0,0,0,0,1,0,0,0,0,0,1,3,1,0,0,1
01:54,,Free Throw by Wis.-Whitewater's JR Lukenbill,(36-40),6512971,2025-12-02,Wis.-Whitewater,Elmhurst,1,40.0,36.0,36.0,40.0,Wis.-Whitewater,0,1,True,JR Lukenbill,"Collin Madson,Isaac Verges,JR Lukenbill,Jake Quast,Luke Bara","Dominic Trelenberg,EJ Marshall,Jack Cherry,Luke Smith,Sebastian Blachut",114,99.0,15.0,1,0,0,0,0,1,1,0,0,0,0,0,0,1,3,1,0,0,1
01:39,,Layup by Elmhurst's EJ Marshall,(38-40),6512971,2025-12-02,Wis.-Whitewater,Elmhurst,1,40.0,38.0,38.0,40.0,Elmhurst,2,0,True,EJ Marshall,"Collin Madson,Isaac Verges,JR Lukenbill,Jake Quast,Luke Bara","Dominic Trelenberg,EJ Marshall,Jack Cherry,Luke Smith,Sebastian Blachut",99,74.0,25.0,2,1,1,0,0,0,0,0,0,0,0,0,0,1,3,1,0,0,1
01:14,,2 Pointer MISSED by Wis.-Whitewater's Jake Quast,,6512971,2025-12-02,Wis.-Whitewater,Elmhurst,1,,,38.0,40.0,Wis.-Whitewater,0,0,False,Jake Quast,"Collin Madson,Isaac Verges,JR Lukenbill,Jake Quast,Luke Bara","Dominic Trelenberg,EJ Marshall,Jack Cherry,Luke Smith,Sebastian Blachut",74,70.0,4.0,0,0,0,0,0,0,0,0,0,0,0,0,0,1,3,1,0,0,1
01:10,,Offensive rebound by Wis.-Whitewater's Isaac Verges,,6512971,2025-12-02,Wis.-Whitewater,Elmhurst,1,,,38.0,40.0,Wis.-Whitewater,0,0,False,Isaac Verges,"Collin Madson,Isaac Verges,JR Lukenbill,Jake Quast,Luke Bara","Dominic Trelenberg,EJ Marshall,Jack Cherry,Luke Smith,Sebastian Blachut",70,70.0,0.0,0,0,0,0,0,0,0,0,0,0,0,1,0,1,3,1,0,0,1
01:10,,2 Pointer by Wis.-Whitewater's Isaac Verges,(38-42),6512971,2025-12-02,Wis.-Whitewater,Elmhurst,1,42.0,38.0,38.0,42.0,Wis.-Whitewater,0,2,True,Isaac Verges,"Collin Madson,Isaac Verges,JR Lukenbill,Jake Quast,Luke Bara","Dominic Trelenberg,EJ Marshall,Jack Cherry,Luke Smith,Sebastian Blachut",70,50.0,20.0,2,1,1,0,0,0,0,0,0,0,0,0,0,1,3,1,0,0,1
00:50,,2 Pointer by Elmhurst's Sebastian Blachut,(40-42),6512971,2025-12-02,Wis.-Whitewater,Elmhurst,1,42.0,40.0,40.0,42.0,Elmhurst,2,0,True,Sebastian Blachut,"Collin Madson,Isaac Verges,JR Lukenbill,Jake Quast,Luke Bara","Dominic Trelenberg,EJ Marshall,Jack Cherry,Luke Smith,Sebastian Blachut",50,25.0,25.0,2,1,1,0,0,0,0,0,0,0,0,0,0,1,3,1,0,0,1
00:25,,Personal Foul on Elmhurst's Sebastian Blachut (Collin Madson draws the foul),,6512971,2025-12-02,Wis.-Whitewater,Elmhurst,1,,,40.0,42.0,Elmhurst,0,0,False,Sebastian Blachut,"Collin Madson,Isaac Verges,JR Lukenbill,Jake Quast,Luke Bara","Dominic Trelenberg,EJ Marshall,Jack Cherry,Luke Smith,Sebastian Blachut",25,25.0,0.0,0,0,0,0,0,0,0,1,0,0,0,0,0,1,3,1,0,0,1
00:25,,Subbing out for Wis.-Whitewater-Luke Bara,,6512971,2025-12-02,Wis.-Whitewater,Elmhurst,1,,,40.0,42.0,,0,0,False,Luke Bara,"Collin Madson,Isaac Verges,JR Lukenbill,Jake Quast","Dominic Trelenberg,EJ Marshall,Jack Cherry,Luke Smith,Sebastian Blachut",25,25.0,0.0,0,0,0,0,0,0,0,0,0,0,0,0,0,1,3,1,0,0,1
00:25,,Subbing in for Wis.-Whitewater-Richie Warren,,6512971,2025-12-02,Wis.-Whitewater,Elmhurst,1,,,40.0,42.0,,0,0,False,Richie Warren,"Collin Madson,Isaac Verges,JR Lukenbill,Jake Quast,Richie Warren","Dominic Trelenberg,EJ Marshall,Jack Cherry,Luke Smith,Sebastian Blachut",25,25.0,0.0,0,0,0,0,0,0,0,0,0,0,0,0,0,1,3,1,0,0,1
00:25,,Free Throw by Wis.-Whitewater's Collin Madson,(40-43),6512971,2025-12-02,Wis.-Whitewater,Elmhurst,1,43.0,40.0,40.0,43.0,Wis.-Whitewater,0,1,True,Collin Madson,"Collin Madson,Isaac Verges,JR Lukenbill,Jake Quast,Richie Warren","Dominic Trelenberg,EJ Marshall,Jack Cherry,Luke Smith,Sebastian Blachut",25,25.0,0.0,1,0,0,0,0,1,1,0,0,0,0,0,0,1,3,1,0,0,1
00:25,,Free Throw by Wis.-Whitewater's Collin Madson,(40-44),6512971,2025-12-02,Wis.-Whitewater,Elmhurst,1,44.0,40.0,40.0,44.0,Wis.-Whitewater,0,1,True,Collin Madson,"Collin Madson,Isaac Verges,JR Lukenbill,Jake Quast,Richie Warren","Dominic Trelenberg,EJ Marshall,Jack Cherry,Luke Smith,Sebastian Blachut",25,7.0,18.0,1,0,0,0,0,1,1,0,0,0,0,0,0,1,3,1,0,0,1
00:07,,Turnover by Elmhurst 's Luke Smith,,6512971,2025-12-02,Wis.-Whitewater,Elmhurst,1,,,40.0,44.0,,0,0,True,Luke Smith,"Collin Madson,Isaac Verges,JR Lukenbill,Jake Quast,Richie Warren","Dominic Trelenberg,EJ Marshall,Jack Cherry,Luke Smith,Sebastian Blachut",7,7.0,0.0,0,0,0,0,0,0,0,0,1,0,0,0,0,1,3,1,0,0,1
00:07,,Steal by Wis.-Whitewater's Jake Quast,,6512971,2025-12-02,Wis.-Whitewater,Elmhurst,1,,,40.0,44.0,Wis.-Whitewater,0,0,False,Jake Quast,"Collin Madson,Isaac Verges,JR Lukenbill,Jake Quast,Richie Warren","Dominic Trelenberg,EJ Marshall,Jack Cherry,Luke Smith,Sebastian Blachut",7,3.0,4.0,0,0,0,0,0,0,0,0,0,0,1,0,0,1,3,1,0,0,1
00:03,,Layup by Wis.-Whitewater's Jake Quast,(40-46),6512971,2025-12-02,Wis.-Whitewater,Elmhurst,1,46.0,40.0,40.0,46.0,Wis.-Whitewater,0,2,True,Jake Quast,"Collin Madson,Isaac Verges,JR Lukenbill,Jake Quast,Richie Warren","Dominic Trelenberg,EJ Marshall,Jack Cherry,Luke Smith,Sebastian Blachut",3,0.0,3.0,2,1,1,0,0,0,0,0,0,0,0,0,0,1,3,1,0,0,1
00:00,,End of 1st Half.,,6512971,2025-12-02,Wis.-Whitewater,Elmhurst,1,,,40.0,46.0,,0,0,True,,"Collin Madson,Isaac Verges,JR Lukenbill,Jake Quast,Richie Warren","Dominic Trelenberg,EJ Marshall,Jack Cherry,Luke Smith,Sebastian Blachut",0,0.0,0.0,0,0,0,0,0,0,0,0,0,0,0,0,0,1,3,1,0,0,1
20:00,,Subbing out for Wis.-Whitewater-JR Lukenbill,(40-46),6512971,2025-12-02,Wis.-Whitewater,Elmhurst,2,46.0,40.0,40.0,46.0,,0,0,False,JR Lukenbill,"Collin Madson,Isaac Verges,Jake Quast,Richie Warren","Dominic Trelenberg,EJ Marshall,Jack Cherry,Luke Smith,Sebastian Blachut",1200,1200.0,0.0,0,0,0,0,0,0,0,0,0,0,0,0,0,1,3,1,0,0,1
20:00,,Subbing out for Wis.-Whitewater-Jake Quast,,6512971,2025-12-02,Wis.-Whitewater,Elmhurst,2,,,40.0,46.0,,0,0,False,Jake Quast,"Collin Madson,Isaac Verges,Richie Warren","Dominic Trelenberg,EJ Marshall,Jack Cherry,Luke Smith,Sebastian Blachut",1200,1200.0,0.0,0,0,0,0,0,0,0,0,0,0,0,0,0,1,3,1,0,0,1
20:00,,Subbing in for Wis.-Whitewater-Luke Bara,,6512971,2025-12-02,Wis.-Whitewater,Elmhurst,2,,,40.0,46.0,,0,0,False,Luke Bara,"Collin Madson,Isaac Verges,Luke Bara,Richie Warren","Dominic Trelenberg,EJ Marshall,Jack Cherry,Luke Smith,Sebastian Blachut",1200,1200.0,0.0,0,0,0,0,0,0,0,0,0,0,0,0,0,1,3,1,0,0,1
20:00,,Subbing in for Wis.-Whitewater-Rashad Rogers,,6512971,2025-12-02,Wis.-Whitewater,Elmhurst,2,,,40.0,46.0,,0,0,False,Rashad Rogers,"Collin Madson,Isaac Verges,Luke Bara,Rashad Rogers,Richie Warren","Dominic Trelenberg,EJ Marshall,Jack Cherry,Luke Smith,Sebastian Blachut",1200,1200.0,0.0,0,0,0,0,0,0,0,0,0,0,0,0,0,1,3,1,0,0,1
20:00,,Subbing out for Elmhurst-EJ Marshall,,6512971,2025-12-02,Wis.-Whitewater,Elmhurst,2,,,40.0,46.0,,0,0,False,EJ Marshall,"Collin Madson,Isaac Verges,Luke Bara,Rashad Rogers,Richie Warren","Dominic Trelenberg,Jack Cherry,Luke Smith,Sebastian Blachut",1200,1200.0,0.0,0,0,0,0,0,0,0,0,0,0,0,0,0,1,2,1,0,0,1
20:00,,Subbing out for Elmhurst-Jack Cherry,,6512971,2025-12-02,Wis.-Whitewater,Elmhurst,2,,,40.0,46.0,,0,0,False,Jack Cherry,"Collin Madson,Isaac Verges,Luke Bara,Rashad Rogers,Richie Warren","Dominic Trelenberg,Luke Smith,Sebastian Blachut",1200,1200.0,0.0,0,0,0,0,0,0,0,0,0,0,0,0,0,1,1,1,0,0,0
20:00,,Subbing in for Elmhurst-Vinnie Adjahoungbeta,,6512971,2025-12-02,Wis.-Whitewater,Elmhurst,2,,,40.0,46.0,,0,0,False,Vinnie Adjahoungbeta,"Collin Madson,Isaac Verges,Luke Bara,Rashad Rogers,Richie Warren","Dominic Trelenberg,Luke Smith,Sebastian Blachut,Vinnie Adjahoungbeta",1200,1200.0,0.0,0,0,0,0,0,0,0,0,0,0,0,0,0,2,1,1,0,0,0
20:00,,Subbing in for Elmhurst-Aidyn Boone,,6512971,2025-12-02,Wis.-Whitewater,Elmhurst,2,,,40.0,46.0,,0,0,False,Aidyn Boone,"Collin Madson,Isaac Verges,Luke Bara,Rashad Rogers,Richie Warren","Aidyn Boone,Dominic Trelenberg,Luke Smith,Sebastian Blachut,Vinnie Adjahoungbeta",1200,1183.0,17.0,0,0,0,0,0,0,0,0,0,0,0,0,0,2,1,1,1,0,0
19:43,,Jumper MISSED by Wis.-Whitewater's Isaac Verges,,6512971,2025-12-02,Wis.-Whitewater,Elmhurst,2,,,40.0,46.0,Wis.-Whitewater,0,0,False,Isaac Verges,"Collin Madson,Isaac Verges,Luke Bara,Rashad Rogers,Richie Warren","Aidyn Boone,Dominic Trelenberg,Luke Smith,Sebastian Blachut,Vinnie Adjahoungbeta",1183,1179.0,4.0,0,0,1,0,1,0,0,0,0,0,0,0,0,2,1,1,1,0,0
19:39,,Defensive rebound by Elmhurst's Vinnie Adjahoungbeta,,6512971,2025-12-02,Wis.-Whitewater,Elmhurst,2,,,40.0,46.0,Elmhurst,0,0,False,Vinnie Adjahoungbeta,"Collin Madson,Isaac Verges,Luke Bara,Rashad Rogers,Richie Warren","Aidyn Boone,Dominic Trelenberg,Luke Smith,Sebastian Blachut,Vinnie Adjahoungbeta",1179,1168.0,11.0,0,0,0,0,0,0,0,0,0,0,0,0,1,2,1,1,1,0,0
19:28,,Personal Foul on Wis.-Whitewater's Richie Warren (Vinnie Adjahoungbeta draws the foul),,6512971,2025-12-02,Wis.-Whitewater,Elmhurst,2,,,40.0,46.0,Wis.-Whitewater,0,0,False,Richie Warren,"Collin Madson,Isaac Verges,Luke Bara,Rashad Rogers,Richie Warren","Aidyn Boone,Dominic Trelenberg,Luke Smith,Sebastian Blachut,Vinnie Adjahoungbeta",1168,1168.0,0.0,0,0,0,0,0,0,0,1,0,0,0,0,0,2,1,1,1,0,0
19:28,,Free Throw by Elmhurst's Vinnie Adjahoungbeta,(41-46),6512971,2025-12-02,Wis.-Whitewater,Elmhurst,2,46.0,41.0,41.0,46.0,Elmhurst,1,0,True,Vinnie Adjahoungbeta,"Collin Madson,Isaac Verges,Luke Bara,Rashad Rogers,Richie Warren","Aidyn Boone,Dominic Trelenberg,Luke Smith,Sebastian Blachut,Vinnie Adjahoungbeta",1168,1168.0,0.0,1,0,0,0,0,1,1,0,0,0,0,0,0,2,1,1,1,0,0
19:28,,Free Throw MISSED by Elmhurst's Vinnie Adjahoungbeta,,6512971,2025-12-02,Wis.-Whitewater,Elmhurst,2,,,41.0,46.0,Elmhurst,0,0,False,Vinnie Adjahoungbeta,"Collin Madson,Isaac Verges,Luke Bara,Rashad Rogers,Richie Warren","Aidyn Boone,Dominic Trelenberg,Luke Smith,Sebastian Blachut,Vinnie Adjahoungbeta",1168,1166.0,2.0,0,0,0,0,0,0,1,0,0,0,0,0,0,2,1,1,1,0,0
19:26,,Defensive rebound by Wis.-Whitewater's Richie Warren,,6512971,2025-12-02,Wis.-Whitewater,Elmhurst,2,,,41.0,46.0,Wis.-Whitewater,0,0,False,Richie Warren,"Collin Madson,Isaac Verges,Luke Bara,Rashad Rogers,Richie Warren","Aidyn Boone,Dominic Trelenberg,Luke Smith,Sebastian Blachut,Vinnie Adjahoungbeta",1166,1151.0,15.0,0,0,0,0,0,0,0,0,0,0,0,0,1,2,1,1,1,0,0
19:11,,2 Pointer MISSED by Wis.-Whitewater's Richie Warren,,6512971,2025-12-02,Wis.-Whitewater,Elmhurst,2,,,41.0,46.0,Wis.-Whitewater,0,0,False,Richie Warren,"Collin Madson,Isaac Verges,Luke Bara,Rashad Rogers,Richie Warren","Aidyn Boone,Dominic Trelenberg,Luke Smith,Sebastian Blachut,Vinnie Adjahoungbeta",1151,1151.0,0.0,0,0,0,0,0,0,0,0,0,0,0,0,0,2,1,1,1,0,0
19:11,,Block by Elmhurst's Vinnie Adjahoungbeta,,6512971,2025-12-02,Wis.-Whitewater,Elmhurst,2,,,41.0,46.0,Elmhurst,0,0,False,Vinnie Adjahoungbeta,"Collin Madson,Isaac Verges,Luke Bara,Rashad Rogers,Richie Warren","Aidyn Boone,Dominic Trelenberg,Luke Smith,Sebastian Blachut,Vinnie Adjahoungbeta",1151,1148.0,3.0,0,0,0,0,0,0,0,0,0,0,0,0,0,2,1,1,1,0,0
19:08,,Defensive rebound by Elmhurst's Vinnie Adjahoungbeta,,6512971,2025-12-02,Wis.-Whitewater,Elmhurst,2,,,41.0,46.0,Elmhurst,0,0,False,Vinnie Adjahoungbeta,"Collin Madson,Isaac Verges,Luke Bara,Rashad Rogers,Richie Warren","Aidyn Boone,Dominic Trelenberg,Luke Smith,Sebastian Blachut,Vinnie Adjahoungbeta",1148,1141.0,7.0,0,0,0,0,0,0,0,0,0,0,0,0,1,2,1,1,1,0,0
19:01,,Jumper by Elmhurst's Aidyn Boone,(44-46),6512971,2025-12-02,Wis.-Whitewater,Elmhurst,2,46.0,44.0,44.0,46.0,Elmhurst,3,0,True,Aidyn Boone,"Collin Madson,Isaac Verges,Luke Bara,Rashad Rogers,Richie Warren","Aidyn Boone,Dominic Trelenberg,Luke Smith,Sebastian Blachut,Vinnie Adjahoungbeta",1141,1141.0,0.0,3,1,1,1,1,0,0,0,0,0,0,0,0,2,1,1,1,0,0
19:01,,Assist by Elmhurst's Luke Smith,,6512971,2025-12-02,Wis.-Whitewater,Elmhurst,2,,,44.0,46.0,Elmhurst,0,0,False,Luke Smith,"Collin Madson,Isaac Verges,Luke Bara,Rashad Rogers,Richie Warren","Aidyn Boone,Dominic Trelenberg,Luke Smith,Sebastian Blachut,Vinnie Adjahoungbeta",1141,1121.0,20.0,0,0,0,0,0,0,0,0,0,1,0,0,0,2,1,1,1,0,0
18:41,,2 Pointer by Wis.-Whitewater's Collin Madson,(44-48),6512971,2025-12-02,Wis.-Whitewater,Elmhurst,2,48.0,44.0,44.0,48.0,Wis.-Whitewater,0,2,True,Collin Madson,"Collin Madson,Isaac Verges,Luke Bara,Rashad Rogers,Richie Warren","Aidyn Boone,Dominic Trelenberg,Luke Smith,Sebastian Blachut,Vinnie Adjahoungbeta",1121,1116.0,5.0,2,1,1,0,0,0,0,0,0,0,0,0,0,2,1,1,1,0,0
18:36,,Turnover by Elmhurst 's Luke Smith,,6512971,2025-12-02,Wis.-Whitewater,Elmhurst,2,,,44.0,48.0,,0,0,True,Luke Smith,"Collin Madson,Isaac Verges,Luke Bara,Rashad Rogers,Richie Warren","Aidyn Boone,Dominic Trelenberg,Luke Smith,Sebastian Blachut,Vinnie Adjahoungbeta",1116,1116.0,0.0,0,0,0,0,0,0,0,0,1,0,0,0,0,2,1,1,1,0,0
18:36,,Steal by Wis.-Whitewater's Isaac Verges,,6512971,2025-12-02,Wis.-Whitewater,Elmhurst,2,,,44.0,48.0,Wis.-Whitewater,0,0,False,Isaac Verges,"Collin Madson,Isaac Verges,Luke Bara,Rashad Rogers,Richie Warren","Aidyn Boone,Dominic Trelenberg,Luke Smith,Sebastian Blachut,Vinnie Adjahoungbeta",1116,1107.0,9.0,0,0,0,0,0,0,0,0,0,0,1,0,0,2,1,1,1,0,0
18:27,,Layup by Wis.-Whitewater's Rashad Rogers,(44-50),6512971,2025-12-02,Wis.-Whitewater,Elmhurst,2,50.0,44.0,44.0,50.0,Wis.-Whitewater,0,2,True,Rashad Rogers,"Collin Madson,Isaac Verges,Luke Bara,Rashad Rogers,Richie Warren","Aidyn Boone,Dominic Trelenberg,Luke Smith,Sebastian Blachut,Vinnie Adjahoungbeta",1107,1107.0,0.0,2,1,1,0,0,0,0,0,0,0,0,0,0,2,1,1,1,0,0
18:27,,Assist by Wis.-Whitewater's Luke Bara,,6512971,2025-12-02,Wis.-Whitewater,Elmhurst,2,,,44.0,50.0,Wis.-Whitewater,0,0,False,Luke Bara,"Collin Madson,Isaac Verges,Luke Bara,Rashad Rogers,Richie Warren","Aidyn Boone,Dominic Trelenberg,Luke Smith,Sebastian Blachut,Vinnie Adjahoungbeta",1107,1089.0,18.0,0,0,0,0,0,0,0,0,0,1,0,0,0,2,1,1,1,0,0
18:09,,2 Pointer MISSED by Elmhurst's Luke Smith,,6512971,2025-12-02,Wis.-Whitewater,Elmhurst,2,,,44.0,50.0,Elmhurst,0,0,False,Luke Smith,"Collin Madson,Isaac Verges,Luke Bara,Rashad Rogers,Richie Warren","Aidyn Boone,Dominic Trelenberg,Luke Smith,Sebastian Blachut,Vinnie Adjahoungbeta",1089,1086.0,3.0,0,0,0,0,0,0,0,0,0,0,0,0,0,2,1,1,1,0,0
18:06,,Defensive rebound by Wis.-Whitewater's Isaac Verges,,6512971,2025-12-02,Wis.-Whitewater,Elmhurst,2,,,44.0,50.0,Wis.-Whitewater,0,0,False,Isaac Verges,"Collin Madson,Isaac Verges,Luke Bara,Rashad Rogers,Richie Warren","Aidyn Boone,Dominic Trelenberg,Luke Smith,Sebastian Blachut,Vinnie Adjahoungbeta",1086,1079.0,7.0,0,0,0,0,0,0,0,0,0,0,0,0,1,2,1,1,1,0,0
17:59,,Layup MISSED by Wis.-Whitewater's Rashad Rogers,,6512971,2025-12-02,Wis.-Whitewater,Elmhurst,2,,,44.0,50.0,Wis.-Whitewater,0,0,False,Rashad Rogers,"Collin Madson,Isaac Verges,Luke Bara,Rashad Rogers,Richie Warren","Aidyn Boone,Dominic Trelenberg,Luke Smith,Sebastian Blachut,Vinnie Adjahoungbeta",1079,1075.0,4.0,0,0,1,0,0,0,0,0,0,0,0,0,0,2,1,1,1,0,0
17:55,,Offensive rebound by Wis.-Whitewater's Richie Warren,,6512971,2025-12-02,Wis.-Whitewater,Elmhurst,2,,,44.0,50.0,Wis.-Whitewater,0,0,False,Richie Warren,"Collin Madson,Isaac Verges,Luke Bara,Rashad Rogers,Richie Warren","Aidyn Boone,Dominic Trelenberg,Luke Smith,Sebastian Blachut,Vinnie Adjahoungbeta",1075,1074.0,1.0,0,0,0,0,0,0,0,0,0,0,0,1,0,2,1,1,1,0,0
17:54,,Jumper by Wis.-Whitewater's Richie Warren,(44-52),6512971,2025-12-02,Wis.-Whitewater,Elmhurst,2,52.0,44.0,44.0,52.0,Wis.-Whitewater,0,2,True,Richie Warren,"Collin Madson,Isaac Verges,Luke Bara,Rashad Rogers,Richie Warren","Aidyn Boone,Dominic Trelenberg,Luke Smith,Sebastian Blachut,Vinnie Adjahoungbeta",1074,1047.0,27.0,2,1,1,0,0,0,0,0,0,0,0,0,0,2,1,1,1,0,0
17:27,,Jumper MISSED by Elmhurst's Sebastian Blachut,,6512971,2025-12-02,Wis.-Whitewater,Elmhurst,2,,,44.0,52.0,Elmhurst,0,0,False,Sebastian Blachut,"Collin Madson,Isaac Verges,Luke Bara,Rashad Rogers,Richie Warren","Aidyn Boone,Dominic Trelenberg,Luke Smith,Sebastian Blachut,Vinnie Adjahoungbeta",1047,1045.0,2.0,0,0,1,0,1,0,0,0,0,0,0,0,0,2,1,1,1,0,0
17:25,,Defensive rebound by Wis.-Whitewater's Collin Madson,,6512971,2025-12-02,Wis.-Whitewater,Elmhurst,2,,,44.0,52.0,Wis.-Whitewater,0,0,False,Collin Madson,"Collin Madson,Isaac Verges,Luke Bara,Rashad Rogers,Richie Warren","Aidyn Boone,Dominic Trelenberg,Luke Smith,Sebastian Blachut,Vinnie Adjahoungbeta",1045,1028.0,17.0,0,0,0,0,0,0,0,0,0,0,0,0,1,2,1,1,1,0,0
17:08,,2 Pointer MISSED by Wis.-Whitewater's Isaac Verges,,6512971,2025-12-02,Wis.-Whitewater,Elmhurst,2,,,44.0,52.0,Wis.-Whitewater,0,0,False,Isaac Verges,"Collin Madson,Isaac Verges,Luke Bara,Rashad Rogers,Richie Warren","Aidyn Boone,Dominic Trelenberg,Luke Smith,Sebastian Blachut,Vinnie Adjahoungbeta",1028,1026.0,2.0,0,0,0,0,0,0,0,0,0,0,0,0,0,2,1,1,1,0,0
17:06,,Defensive rebound by Elmhurst's Aidyn Boone,,6512971,2025-12-02,Wis.-Whitewater,Elmhurst,2,,,44.0,52.0,Elmhurst,0,0,False,Aidyn Boone,"Collin Madson,Isaac Verges,Luke Bara,Rashad Rogers,Richie Warren","Aidyn Boone,Dominic Trelenberg,Luke Smith,Sebastian Blachut,Vinnie Adjahoungbeta",1026,1025.0,1.0,0,0,0,0,0,0,0,0,0,0,0,0,1,2,1,1,1,0,0
17:05,,Personal Foul on Wis.-Whitewater's Luke Bara (Dominic Trelenberg draws the foul),,6512971,2025-12-02,Wis.-Whitewater,Elmhurst,2,,,44.0,52.0,Wis.-Whitewater,0,0,False,Luke Bara,"Collin Madson,Isaac Verges,Luke Bara,Rashad Rogers,Richie Warren","Aidyn Boone,Dominic Trelenberg,Luke Smith,Sebastian Blachut,Vinnie Adjahoungbeta",1025,1025.0,0.0,0,0,0,0,0,0,0,1,0,0,0,0,0,2,1,1,1,0,0
17:05,,Subbing out for Elmhurst-Luke Smith,,6512971,2025-12-02,Wis.-Whitewater,Elmhurst,2,,,44.0,52.0,,0,0,False,Luke Smith,"Collin Madson,Isaac Verges,Luke Bara,Rashad Rogers,Richie Warren","Aidyn Boone,Dominic Trelenberg,Sebastian Blachut,Vinnie Adjahoungbeta",1025,1025.0,0.0,0,0,0,0,0,0,0,0,0,0,0,0,0,2,0,1,1,0,0
17:05,,Subbing in for Elmhurst-Jack Cherry,,6512971,2025-12-02,Wis.-Whitewater,Elmhurst,2,,,44.0,52.0,,0,0,False,Jack Cherry,"Collin Madson,Isaac Verges,Luke Bara,Rashad Rogers,Richie Warren","Aidyn Boone,Dominic Trelenberg,Jack Cherry,Sebastian Blachut,Vinnie Adjahoungbeta",1025,1016.0,9.0,0,0,0,0,0,0,0,0,0,0,0,0,0,2,1,1,1,0,1
16:56,,Personal Foul on Wis.-Whitewater's Luke Bara (Jack Cherry draws the foul),,6512971,2025-12-02,Wis.-Whitewater,Elmhurst,2,,,44.0,52.0,Wis.-Whitewater,0,0,False,Luke Bara,"Collin Madson,Isaac Verges,Luke Bara,Rashad Rogers,Richie Warren","Aidyn Boone,Dominic Trelenberg,Jack Cherry,Sebastian Blachut,Vinnie Adjahoungbeta",1016,1016.0,0.0,0,0,0,0,0,0,0,1,0,0,0,0,0,2,1,1,1,0,1
16:56,,Free Throw by Elmhurst's Jack Cherry,(45-52),6512971,2025-12-02,Wis.-Whitewater,Elmhurst,2,52.0,45.0,45.0,52.0,Elmhurst,1,0,True,Jack Cherry,"Collin Madson,Isaac Verges,Luke Bara,Rashad Rogers,Richie Warren","Aidyn Boone,Dominic Trelenberg,Jack Cherry,Sebastian Blachut,Vinnie Adjahoungbeta",1016,1016.0,0.0,1,0,0,0,0,1,1,0,0,0,0,0,0,2,1,1,1,0,1
16:56,,Free Throw by Elmhurst's Jack Cherry,(46-52),6512971,2025-12-02,Wis.-Whitewater,Elmhurst,2,52.0,46.0,46.0,52.0,Elmhurst,1,0,True,Jack Cherry,"Collin Madson,Isaac Verges,Luke Bara,Rashad Rogers,Richie Warren","Aidyn Boone,Dominic Trelenberg,Jack Cherry,Sebastian Blachut,Vinnie Adjahoungbeta",1016,998.0,18.0,1,0,0,0,0,1,1,0,0,0,0,0,0,2,1,1,1,0,1
16:38,,Jumper MISSED by Wis.-Whitewater's Luke Bara,,6512971,2025-12-02,Wis.-Whitewater,Elmhurst,2,,,46.0,52.0,Wis.-Whitewater,0,0,False,Luke Bara,"Collin Madson,Isaac Verges,Luke Bara,Rashad Rogers,Richie Warren","Aidyn Boone,Dominic Trelenberg,Jack Cherry,Sebastian Blachut,Vinnie Adjahoungbeta",998,995.0,3.0,0,0,1,0,1,0,0,0,0,0,0,0,0,2,1,1,1,0,1
16:35,,Defensive rebound by Elmhurst's Jack Cherry,,6512971,2025-12-02,Wis.-Whitewater,Elmhurst,2,,,46.0,52.0,Elmhurst,0,0,False,Jack Cherry,"Collin Madson,Isaac Verges,Luke Bara,Rashad Rogers,Richie Warren","Aidyn Boone,Dominic Trelenberg,Jack Cherry,Sebastian Blachut,Vinnie Adjahoungbeta",995,984.0,11.0,0,0,0,0,0,0,0,0,0,0,0,0,1,2,1,1,1,0,1
16:24,,Layup by Elmhurst's Aidyn Boone,(48-52),6512971,2025-12-02,Wis.-Whitewater,Elmhurst,2,52.0,48.0,48.0,52.0,Elmhurst,2,0,True,Aidyn Boone,"Collin Madson,Isaac Verges,Luke Bara,Rashad Rogers,Richie Warren","Aidyn Boone,Dominic Trelenberg,Jack Cherry,Sebastian Blachut,Vinnie Adjahoungbeta",984,984.0,0.0,2,1,1,0,0,0,0,0,0,0,0,0,0,2,1,1,1,0,1
16:24,,Assist by Elmhurst's Jack Cherry,,6512971,2025-12-02,Wis.-Whitewater,Elmhurst,2,,,48.0,52.0,Elmhurst,0,0,False,Jack Cherry,"Collin Madson,Isaac Verges,Luke Bara,Rashad Rogers,Richie Warren","Aidyn Boone,Dominic Trelenberg,Jack Cherry,Sebastian Blachut,Vinnie Adjahoungbeta",984,972.0,12.0,0,0,0,0,0,0,0,0,0,1,0,0,0,2,1,1,1,0,1
16:12,,2 Pointer MISSED by Wis.-Whitewater's Isaac Verges,,6512971,2025-12-02,Wis.-Whitewater,Elmhurst,2,,,48.0,52.0,Wis.-Whitewater,0,0,False,Isaac Verges,"Collin Madson,Isaac Verges,Luke Bara,Rashad Rogers,Richie Warren","Aidyn Boone,Dominic Trelenberg,Jack Cherry,Sebastian Blachut,Vinnie Adjahoungbeta",972,972.0,0.0,0,0,0,0,0,0,0,0,0,0,0,0,0,2,1,1,1,0,1
16:12,,Defensive rebound by Elmhurst's Elmhurst,,6512971,2025-12-02,Wis.-Whitewater,Elmhurst,2,,,48.0,52.0,Elmhurst,0,0,False,,"Collin Madson,Isaac Verges,Luke Bara,Rashad Rogers,Richie Warren","Aidyn Boone,Dominic Trelenberg,Jack Cherry,Sebastian Blachut,Vinnie Adjahoungbeta",972,972.0,0.0,0,0,0,0,0,0,0,0,0,0,0,0,1,2,1,1,1,0,1
16:12,,Subbing out for Wis.-Whitewater-Rashad Rogers,,6512971,2025-12-02,Wis.-Whitewater,Elmhurst,2,,,48.0,52.0,,0,0,False,Rashad Rogers,"Collin Madson,Isaac Verges,Luke Bara,Richie Warren","Aidyn Boone,Dominic Trelenberg,Jack Cherry,Sebastian Blachut,Vinnie Adjahoungbeta",972,972.0,0.0,0,0,0,0,0,0,0,0,0,0,0,0,0,2,1,1,1,0,1
16:12,,Subbing in for Wis.-Whitewater-Brock Marino,,6512971,2025-12-02,Wis.-Whitewater,Elmhurst,2,,,48.0,52.0,,0,0,False,Brock Marino,"Brock Marino,Collin Madson,Isaac Verges,Luke Bara,Richie Warren","Aidyn Boone,Dominic Trelenberg,Jack Cherry,Sebastian Blachut,Vinnie Adjahoungbeta",972,957.0,15.0,0,0,0,0,0,0,0,0,0,0,0,0,0,2,1,1,1,0,1
15:57,,Layup MISSED by Elmhurst's Vinnie Adjahoungbeta,,6512971,2025-12-02,Wis.-Whitewater,Elmhurst,2,,,48.0,52.0,Elmhurst,0,0,False,Vinnie Adjahoungbeta,"Brock Marino,Collin Madson,Isaac Verges,Luke Bara,Richie Warren","Aidyn Boone,Dominic Trelenberg,Jack Cherry,Sebastian Blachut,Vinnie Adjahoungbeta",957,954.0,3.0,0,0,1,0,0,0,0,0,0,0,0,0,0,2,1,1,1,0,1
15:54,,Defensive rebound by Wis.-Whitewater's Isaac Verges,,6512971,2025-12-02,Wis.-Whitewater,Elmhurst,2,,,48.0,52.0,Wis.-Whitewater,0,0,False,Isaac Verges,"Brock Marino,Collin Madson,Isaac Verges,Luke Bara,Richie Warren","Aidyn Boone,Dominic Trelenberg,Jack Cherry,Sebastian Blachut,Vinnie Adjahoungbeta",954,937.0,17.0,0,0,0,0,0,0,0,0,0,0,0,0,1,2,1,1,1,0,1
15:37,,Layup MISSED by Wis.-Whitewater's Richie Warren,,6512971,2025-12-02,Wis.-Whitewater,Elmhurst,2,,,48.0,52.0,Wis.-Whitewater,0,0,False,Richie Warren,"Brock Marino,Collin Madson,Isaac Verges,Luke Bara,Richie Warren","Aidyn Boone,Dominic Trelenberg,Jack Cherry,Sebastian Blachut,Vinnie Adjahoungbeta",937,937.0,0.0,0,0,1,0,0,0,0,0,0,0,0,0,0,2,1,1,1,0,1
15:37,,Block by Elmhurst's Aidyn Boone,,6512971,2025-12-02,Wis.-Whitewater,Elmhurst,2,,,48.0,52.0,Elmhurst,0,0,False,Aidyn Boone,"Brock Marino,Collin Madson,Isaac Verges,Luke Bara,Richie Warren","Aidyn Boone,Dominic Trelenberg,Jack Cherry,Sebastian Blachut,Vinnie Adjahoungbeta",937,937.0,0.0,0,0,0,0,0,0,0,0,0,0,0,0,0,2,1,1,1,0,1
15:37,,Offensive rebound by Wis.-Whitewater's Wis.-Whitewater,,6512971,2025-12-02,Wis.-Whitewater,Elmhurst,2,,,48.0,52.0,Wis.-Whitewater,0,0,False,,"Brock Marino,Collin Madson,Isaac Verges,Luke Bara,Richie Warren","Aidyn Boone,Dominic Trelenberg,Jack Cherry,Sebastian Blachut,Vinnie Adjahoungbeta",937,937.0,0.0,0,0,0,0,0,0,0,0,0,0,0,1,0,2,1,1,1,0,1
15:37,,Commercial time out.,,6512971,2025-12-02,Wis.-Whitewater,Elmhurst,2,,,48.0,52.0,,0,0,False,,"Brock Marino,Collin Madson,Isaac Verges,Luke Bara,Richie Warren","Aidyn Boone,Dominic Trelenberg,Jack Cherry,Sebastian Blachut,Vinnie Adjahoungbeta",937,928.0,9.0,0,0,0,0,0,0,0,0,0,0,0,0,0,2,1,1,1,0,1
15:28,,2 Pointer MISSED by Wis.-Whitewater's Brock Marino,,6512971,2025-12-02,Wis.-Whitewater,Elmhurst,2,,,48.0,52.0,Wis.-Whitewater,0,0,False,Brock Marino,"Brock Marino,Collin Madson,Isaac Verges,Luke Bara,Richie Warren","Aidyn Boone,Dominic Trelenberg,Jack Cherry,Sebastian Blachut,Vinnie Adjahoungbeta",928,925.0,3.0,0,0,0,0,0,0,0,0,0,0,0,0,0,2,1,1,1,0,1
15:25,,Defensive rebound by Elmhurst's Jack Cherry,,6512971,2025-12-02,Wis.-Whitewater,Elmhurst,2,,,48.0,52.0,Elmhurst,0,0,False,Jack Cherry,"Brock Marino,Collin Madson,Isaac Verges,Luke Bara,Richie Warren","Aidyn Boone,Dominic Trelenberg,Jack Cherry,Sebastian Blachut,Vinnie Adjahoungbeta",925,907.0,18.0,0,0,0,0,0,0,0,0,0,0,0,0,1,2,1,1,1,0,1
15:07,,Jumper MISSED by Elmhurst's Vinnie Adjahoungbeta,,6512971,2025-12-02,Wis.-Whitewater,Elmhurst,2,,,48.0,52.0,Elmhurst,0,0,False,Vinnie Adjahoungbeta,"Brock Marino,Collin Madson,Isaac Verges,Luke Bara,Richie Warren","Aidyn Boone,Dominic Trelenberg,Jack Cherry,Sebastian Blachut,Vinnie Adjahoungbeta",907,903.0,4.0,0,0,1,0,1,0,0,0,0,0,0,0,0,2,1,1,1,0,1
15:03,,Defensive rebound by Wis.-Whitewater's Richie Warren,,6512971,2025-12-02,Wis.-Whitewater,Elmhurst,2,,,48.0,52.0,Wis.-Whitewater,0,0,False,Richie Warren,"Brock Marino,Collin Madson,Isaac Verges,Luke Bara,Richie Warren","Aidyn Boone,Dominic Trelenberg,Jack Cherry,Sebastian Blachut,Vinnie Adjahoungbeta",903,899.0,4.0,0,0,0,0,0,0,0,0,0,0,0,0,1,2,1,1,1,0,1
14:59,,Turnover by Wis.-Whitewater 's Luke Bara,,6512971,2025-12-02,Wis.-Whitewater,Elmhurst,2,,,48.0,52.0,,0,0,True,Luke Bara,"Brock Marino,Collin Madson,Isaac Verges,Luke Bara,Richie Warren","Aidyn Boone,Dominic Trelenberg,Jack Cherry,Sebastian Blachut,Vinnie Adjahoungbeta",899,899.0,0.0,0,0,0,0,0,0,0,0,1,0,0,0,0,2,1,1,1,0,1
14:59,,Steal by Elmhurst's Aidyn Boone,,6512971,2025-12-02,Wis.-Whitewater,Elmhurst,2,,,48.0,52.0,Elmhurst,0,0,False,Aidyn Boone,"Brock Marino,Collin Madson,Isaac Verges,Luke Bara,Richie Warren","Aidyn Boone,Dominic Trelenberg,Jack Cherry,Sebastian Blachut,Vinnie Adjahoungbeta",899,884.0,15.0,0,0,0,0,0,0,0,0,0,0,1,0,0,2,1,1,1,0,1
14:44,,3 Pointer MISSED by Elmhurst's Dominic Trelenberg,,6512971,2025-12-02,Wis.-Whitewater,Elmhurst,2,,,48.0,52.0,Elmhurst,0,0,False,Dominic Trelenberg,"Brock Marino,Collin Madson,Isaac Verges,Luke Bara,Richie Warren","Aidyn Boone,Dominic Trelenberg,Jack Cherry,Sebastian Blachut,Vinnie Adjahoungbeta",884,881.0,3.0,0,0,0,0,0,0,0,0,0,0,0,0,0,2,1,1,1,0,1
14:41,,Defensive rebound by Wis.-Whitewater's Richie Warren,,6512971,2025-12-02,Wis.-Whitewater,Elmhurst,2,,,48.0,52.0,Wis.-Whitewater,0,0,False,Richie Warren,"Brock Marino,Collin Madson,Isaac Verges,Luke Bara,Richie Warren","Aidyn Boone,Dominic Trelenberg,Jack Cherry,Sebastian Blachut,Vinnie Adjahoungbeta",881,854.0,27.0,0,0,0,0,0,0,0,0,0,0,0,0,1,2,1,1,1,0,1
14:14,,Personal Foul on Elmhurst's Jack Cherry (Brock Marino draws the foul),,6512971,2025-12-02,Wis.-Whitewater,Elmhurst,2,,,48.0,52.0,Elmhurst,0,0,False,Jack Cherry,"Brock Marino,Collin Madson,Isaac Verges,Luke Bara,Richie Warren","Aidyn Boone,Dominic Trelenberg,Jack Cherry,Sebastian Blachut,Vinnie Adjahoungbeta",854,854.0,0.0,0,0,0,0,0,0,0,1,0,0,0,0,0,2,1,1,1,0,1
14:14,,Free Throw MISSED by Wis.-Whitewater's Brock Marino,,6512971,2025-12-02,Wis.-Whitewater,Elmhurst,2,,,48.0,52.0,Wis.-Whitewater,0,0,False,Brock Marino,"Brock Marino,Collin Madson,Isaac Verges,Luke Bara,Richie Warren","Aidyn Boone,Dominic Trelenberg,Jack Cherry,Sebastian Blachut,Vinnie Adjahoungbeta",854,854.0,0.0,0,0,0,0,0,0,1,0,0,0,0,0,0,2,1,1,1,0,1
14:14,,Wis.-Whitewater gets a rebound from a dead ball.,,6512971,2025-12-02,Wis.-Whitewater,Elmhurst,2,,,48.0,52.0,,0,0,False,,"Brock Marino,Collin Madson,Isaac Verges,Luke Bara,Richie Warren","Aidyn Boone,Dominic Trelenberg,Jack Cherry,Sebastian Blachut,Vinnie Adjahoungbeta",854,854.0,0.0,0,0,0,0,0,0,0,0,0,0,0,0,0,2,1,1,1,0,1
14:14,,Subbing out for Wis.-Whitewater-Isaac Verges,,6512971,2025-12-02,Wis.-Whitewater,Elmhurst,2,,,48.0,52.0,,0,0,False,Isaac Verges,"Brock Marino,Collin Madson,Luke Bara,Richie Warren","Aidyn Boone,Dominic Trelenberg,Jack Cherry,Sebastian Blachut,Vinnie Adjahoungbeta",854,854.0,0.0,0,0,0,0,0,0,0,0,0,0,0,0,0,2,1,1,1,0,1
14:14,,Subbing in for Wis.-Whitewater-Joey Berezowitz,,6512971,2025-12-02,Wis.-Whitewater,Elmhurst,2,,,48.0,52.0,,0,0,False,Joey Berezowitz,"Brock Marino,Collin Madson,Joey Berezowitz,Luke Bara,Richie Warren","Aidyn Boone,Dominic Trelenberg,Jack Cherry,Sebastian Blachut,Vinnie Adjahoungbeta",854,854.0,0.0,0,0,0,0,0,0,0,0,0,0,0,0,0,2,1,1,1,0,1
14:14,,Subbing out for Elmhurst-Sebastian Blachut,,6512971,2025-12-02,Wis.-Whitewater,Elmhurst,2,,,48.0,52.0,,0,0,False,Sebastian Blachut,"Brock Marino,Collin Madson,Joey Berezowitz,Luke Bara,Richie Warren","Aidyn Boone,Dominic Trelenberg,Jack Cherry,Vinnie Adjahoungbeta",854,854.0,0.0,0,0,0,0,0,0,0,0,0,0,0,0,0,1,1,1,1,0,1
14:14,,Subbing out for Elmhurst-Vinnie Adjahoungbeta,,6512971,2025-12-02,Wis.-Whitewater,Elmhurst,2,,,48.0,52.0,,0,0,False,Vinnie Adjahoungbeta,"Brock Marino,Collin Madson,Joey Berezowitz,Luke Bara,Richie Warren","Aidyn Boone,Dominic Trelenberg,Jack Cherry",854,854.0,0.0,0,0,0,0,0,0,0,0,0,0,0,0,0,0,1,1,1,0,1
14:14,,Subbing in for Elmhurst-EJ Marshall,,6512971,2025-12-02,Wis.-Whitewater,Elmhurst,2,,,48.0,52.0,,0,0,False,EJ Marshall,"Brock Marino,Collin Madson,Joey Berezowitz,Luke Bara,Richie Warren","Aidyn Boone,Dominic Trelenberg,EJ Marshall,Jack Cherry",854,854.0,0.0,0,0,0,0,0,0,0,0,0,0,0,0,0,0,2,1,1,0,1
14:14,,Subbing in for Elmhurst-Talen Pearson,,6512971,2025-12-02,Wis.-Whitewater,Elmhurst,2,,,48.0,52.0,,0,0,False,Talen Pearson,"Brock Marino,Collin Madson,Joey Berezowitz,Luke Bara,Richie Warren","Aidyn Boone,Dominic Trelenberg,EJ Marshall,Jack Cherry,Talen Pearson",854,853.0,1.0,0,0,0,0,0,0,0,0,0,0,0,0,0,0,2,1,1,1,1
14:13,,Free Throw MISSED by Wis.-Whitewater's Brock Marino,,6512971,2025-12-02,Wis.-Whitewater,Elmhurst,2,,,48.0,52.0,Wis.-Whitewater,0,0,False,Brock Marino,"Brock Marino,Collin Madson,Joey Berezowitz,Luke Bara,Richie Warren","Aidyn Boone,Dominic Trelenberg,EJ Marshall,Jack Cherry,Talen Pearson",853,853.0,0.0,0,0,0,0,0,0,1,0,0,0,0,0,0,0,2,1,1,1,1
14:13,,Defensive rebound by Elmhurst's EJ Marshall,,6512971,2025-12-02,Wis.-Whitewater,Elmhurst,2,,,48.0,52.0,Elmhurst,0,0,False,EJ Marshall,"Brock Marino,Collin Madson,Joey Berezowitz,Luke Bara,Richie Warren","Aidyn Boone,Dominic Trelenberg,EJ Marshall,Jack Cherry,Talen Pearson",853,842.0,11.0,0,0,0,0,0,0,0,0,0,0,0,0,1,0,2,1,1,1,1
14:02,,Jumper MISSED by Elmhurst's Aidyn Boone,,6512971,2025-12-02,Wis.-Whitewater,Elmhurst,2,,,48.0,52.0,Elmhurst,0,0,False,Aidyn Boone,"Brock Marino,Collin Madson,Joey Berezowitz,Luke Bara,Richie Warren","Aidyn Boone,Dominic Trelenberg,EJ Marshall,Jack Cherry,Talen Pearson",842,839.0,3.0,0,0,1,0,1,0,0,0,0,0,0,0,0,0,2,1,1,1,1
13:59,,Defensive rebound by Wis.-Whitewater's Brock Marino,,6512971,2025-12-02,Wis.-Whitewater,Elmhurst,2,,,48.0,52.0,Wis.-Whitewater,0,0,False,Brock Marino,"Brock Marino,Collin Madson,Joey Berezowitz,Luke Bara,Richie Warren","Aidyn Boone,Dominic Trelenberg,EJ Marshall,Jack Cherry,Talen Pearson",839,832.0,7.0,0,0,0,0,0,0,0,0,0,0,0,0,1,0,2,1,1,1,1
13:52,,Personal Foul on Elmhurst's Aidyn Boone (Richie Warren draws the foul),,6512971,2025-12-02,Wis.-Whitewater,Elmhurst,2,,,48.0,52.0,Elmhurst,0,0,False,Aidyn Boone,"Brock Marino,Collin Madson,Joey Berezowitz,Luke Bara,Richie Warren","Aidyn Boone,Dominic Trelenberg,EJ Marshall,Jack Cherry,Talen Pearson",832,832.0,0.0,0,0,0,0,0,0,0,1,0,0,0,0,0,0,2,1,1,1,1
13:52,,Subbing out for Wis.-Whitewater-Brock Marino,,6512971,2025-12-02,Wis.-Whitewater,Elmhurst,2,,,48.0,52.0,,0,0,False,Brock Marino,"Collin Madson,Joey Berezowitz,Luke Bara,Richie Warren","Aidyn Boone,Dominic Trelenberg,EJ Marshall,Jack Cherry,Talen Pearson",832,832.0,0.0,0,0,0,0,0,0,0,0,0,0,0,0,0,0,2,1,1,1,1
13:52,,Subbing in for Wis.-Whitewater-Jake Quast,,6512971,2025-12-02,Wis.-Whitewater,Elmhurst,2,,,48.0,52.0,,0,0,False,Jake Quast,"Collin Madson,Jake Quast,Joey Berezowitz,Luke Bara,Richie Warren","Aidyn Boone,Dominic Trelenberg,EJ Marshall,Jack Cherry,Talen Pearson",832,832.0,0.0,0,0,0,0,0,0,0,0,0,0,0,0,0,0,2,1,1,1,1
13:52,,Subbing out for Elmhurst-Aidyn Boone,,6512971,2025-12-02,Wis.-Whitewater,Elmhurst,2,,,48.0,52.0,,0,0,False,Aidyn Boone,"Collin Madson,Jake Quast,Joey Berezowitz,Luke Bara,Richie Warren","Dominic Trelenberg,EJ Marshall,Jack Cherry,Talen Pearson",832,832.0,0.0,0,0,0,0,0,0,0,0,0,0,0,0,0,0,2,1,0,1,1
13:52,,Subbing in for Elmhurst-Vinnie Adjahoungbeta,,6512971,2025-12-02,Wis.-Whitewater,Elmhurst,2,,,48.0,52.0,,0,0,False,Vinnie Adjahoungbeta,"Collin Madson,Jake Quast,Joey Berezowitz,Luke Bara,Richie Warren","Dominic Trelenberg,EJ Marshall,Jack Cherry,Talen Pearson,Vinnie Adjahoungbeta",832,822.0,10.0,0,0,0,0,0,0,0,0,0,0,0,0,0,1,2,1,0,1,1
13:42,,3 Pointer by Wis.-Whitewater's Collin Madson,(48-55),6512971,2025-12-02,Wis.-Whitewater,Elmhurst,2,55.0,48.0,48.0,55.0,Wis.-Whitewater,0,3,True,Collin Madson,"Collin Madson,Jake Quast,Joey Berezowitz,Luke Bara,Richie Warren","Dominic Trelenberg,EJ Marshall,Jack Cherry,Talen Pearson,Vinnie Adjahoungbeta",822,804.0,18.0,3,1,1,1,1,0,0,0,0,0,0,0,0,1,2,1,0,1,1
13:24,,2 Pointer by Elmhurst's EJ Marshall,(50-55),6512971,2025-12-02,Wis.-Whitewater,Elmhurst,2,55.0,50.0,50.0,55.0,Elmhurst,2,0,True,EJ Marshall,"Collin Madson,Jake Quast,Joey Berezowitz,Luke Bara,Richie Warren","Dominic Trelenberg,EJ Marshall,Jack Cherry,Talen Pearson,Vinnie Adjahoungbeta",804,781.0,23.0,2,1,1,0,0,0,0,0,0,0,0,0,0,1,2,1,0,1,1
13:01,,2 Pointer MISSED by Wis.-Whitewater's Collin Madson,,6512971,2025-12-02,Wis.-Whitewater,Elmhurst,2,,,50.0,55.0,Wis.-Whitewater,0,0,False,Collin Madson,"Collin Madson,Jake Quast,Joey Berezowitz,Luke Bara,Richie Warren","Dominic Trelenberg,EJ Marshall,Jack Cherry,Talen Pearson,Vinnie Adjahoungbeta",781,778.0,3.0,0,0,0,0,0,0,0,0,0,0,0,0,0,1,2,1,0,1,1
12:58,,Defensive rebound by Elmhurst's Dominic Trelenberg,,6512971,2025-12-02,Wis.-Whitewater,Elmhurst,2,,,50.0,55.0,Elmhurst,0,0,False,Dominic Trelenberg,"Collin Madson,Jake Quast,Joey Berezowitz,Luke Bara,Richie Warren","Dominic Trelenberg,EJ Marshall,Jack Cherry,Talen Pearson,Vinnie Adjahoungbeta",778,771.0,7.0,0,0,0,0,0,0,0,0,0,0,0,0,1,1,2,1,0,1,1
12:51,,Turnover by Elmhurst 's Vinnie Adjahoungbeta,,6512971,2025-12-02,Wis.-Whitewater,Elmhurst,2,,,50.0,55.0,,0,0,True,Vinnie Adjahoungbeta,"Collin Madson,Jake Quast,Joey Berezowitz,Luke Bara,Richie Warren","Dominic Trelenberg,EJ Marshall,Jack Cherry,Talen Pearson,Vinnie Adjahoungbeta",771,771.0,0.0,0,0,0,0,0,0,0,0,1,0,0,0,0,1,2,1,0,1,1
12:51,,Steal by Wis.-Whitewater's Joey Berezowitz,,6512971,2025-12-02,Wis.-Whitewater,Elmhurst,2,,,50.0,55.0,Wis.-Whitewater,0,0,False,Joey Berezowitz,"Collin Madson,Jake Quast,Joey Berezowitz,Luke Bara,Richie Warren","Dominic Trelenberg,EJ Marshall,Jack Cherry,Talen Pearson,Vinnie Adjahoungbeta",771,765.0,6.0,0,0,0,0,0,0,0,0,0,0,1,0,0,1,2,1,0,1,1
12:45,,Layup by Wis.-Whitewater's Collin Madson,(50-57),6512971,2025-12-02,Wis.-Whitewater,Elmhurst,2,57.0,50.0,50.0,57.0,Wis.-Whitewater,0,2,True,Collin Madson,"Collin Madson,Jake Quast,Joey Berezowitz,Luke Bara,Richie Warren","Dominic Trelenberg,EJ Marshall,Jack Cherry,Talen Pearson,Vinnie Adjahoungbeta",765,765.0,0.0,2,1,1,0,0,0,0,0,0,0,0,0,0,1,2,1,0,1,1
12:45,,Assist by Wis.-Whitewater's Joey Berezowitz,,6512971,2025-12-02,Wis.-Whitewater,Elmhurst,2,,,50.0,57.0,Wis.-Whitewater,0,0,False,Joey Berezowitz,"Collin Madson,Jake Quast,Joey Berezowitz,Luke Bara,Richie Warren","Dominic Trelenberg,EJ Marshall,Jack Cherry,Talen Pearson,Vinnie Adjahoungbeta",765,763.0,2.0,0,0,0,0,0,0,0,0,0,1,0,0,0,1,2,1,0,1,1
12:43,,Elmhurst takes a [short] time out.,,6512971,2025-12-02,Wis.-Whitewater,Elmhurst,2,,,50.0,57.0,,0,0,False,,"Collin Madson,Jake Quast,Joey Berezowitz,Luke Bara,Richie Warren","Dominic Trelenberg,EJ Marshall,Jack Cherry,Talen Pearson,Vinnie Adjahoungbeta",763,763.0,0.0,0,0,0,0,0,0,0,0,0,0,0,0,0,1,2,1,0,1,1
12:43,,Subbing out for Wis.-Whitewater-Luke Bara,,6512971,2025-12-02,Wis.-Whitewater,Elmhurst,2,,,50.0,57.0,,0,0,False,Luke Bara,"Collin Madson,Jake Quast,Joey Berezowitz,Richie Warren","Dominic Trelenberg,EJ Marshall,Jack Cherry,Talen Pearson,Vinnie Adjahoungbeta",763,763.0,0.0,0,0,0,0,0,0,0,0,0,0,0,0,0,1,2,1,0,1,1
12:43,,Subbing in for Wis.-Whitewater-Kelton McEwen,,6512971,2025-12-02,Wis.-Whitewater,Elmhurst,2,,,50.0,57.0,,0,0,False,Kelton McEwen,"Collin Madson,Jake Quast,Joey Berezowitz,Kelton McEwen,Richie Warren","Dominic Trelenberg,EJ Marshall,Jack Cherry,Talen Pearson,Vinnie Adjahoungbeta",763,753.0,10.0,0,0,0,0,0,0,0,0,0,0,0,0,0,1,2,1,0,1,1
12:33,,Turnover by Elmhurst 's Talen Pearson,,6512971,2025-12-02,Wis.-Whitewater,Elmhurst,2,,,50.0,57.0,,0,0,True,Talen Pearson,"Collin Madson,Jake Quast,Joey Berezowitz,Kelton McEwen,Richie Warren","Dominic Trelenberg,EJ Marshall,Jack Cherry,Talen Pearson,Vinnie Adjahoungbeta",753,753.0,0.0,0,0,0,0,0,0,0,0,1,0,0,0,0,1,2,1,0,1,1
12:33,,Steal by Wis.-Whitewater's Jake Quast,,6512971,2025-12-02,Wis.-Whitewater,Elmhurst,2,,,50.0,57.0,Wis.-Whitewater,0,0,False,Jake Quast,"Collin Madson,Jake Quast,Joey Berezowitz,Kelton McEwen,Richie Warren","Dominic Trelenberg,EJ Marshall,Jack Cherry,Talen Pearson,Vinnie Adjahoungbeta",753,750.0,3.0,0,0,0,0,0,0,0,0,0,0,1,0,0,1,2,1,0,1,1
12:30,,Personal Foul on Elmhurst's Jack Cherry (Jake Quast draws the foul),,6512971,2025-12-02,Wis.-Whitewater,Elmhurst,2,,,50.0,57.0,Elmhurst,0,0,False,Jack Cherry,"Collin Madson,Jake Quast,Joey Berezowitz,Kelton McEwen,Richie Warren","Dominic Trelenberg,EJ Marshall,Jack Cherry,Talen Pearson,Vinnie Adjahoungbeta",750,750.0,0.0,0,0,0,0,0,0,0,1,0,0,0,0,0,1,2,1,0,1,1
12:30,,Free Throw by Wis.-Whitewater's Jake Quast,(50-58),6512971,2025-12-02,Wis.-Whitewater,Elmhurst,2,58.0,50.0,50.0,58.0,Wis.-Whitewater,0,1,True,Jake Quast,"Collin Madson,Jake Quast,Joey Berezowitz,Kelton McEwen,Richie Warren","Dominic Trelenberg,EJ Marshall,Jack Cherry,Talen Pearson,Vinnie Adjahoungbeta",750,750.0,0.0,1,0,0,0,0,1,1,0,0,0,0,0,0,1,2,1,0,1,1
12:30,,Subbing out for Elmhurst-Talen Pearson,,6512971,2025-12-02,Wis.-Whitewater,Elmhurst,2,,,50.0,58.0,,0,0,False,Talen Pearson,"Collin Madson,Jake Quast,Joey Berezowitz,Kelton McEwen,Richie Warren","Dominic Trelenberg,EJ Marshall,Jack Cherry,Vinnie Adjahoungbeta",750,750.0,0.0,0,0,0,0,0,0,0,0,0,0,0,0,0,1,2,1,0,0,1
12:30,,Subbing in for Elmhurst-Sebastian Blachut,,6512971,2025-12-02,Wis.-Whitewater,Elmhurst,2,,,50.0,58.0,,0,0,False,Sebastian Blachut,"Collin Madson,Jake Quast,Joey Berezowitz,Kelton McEwen,Richie Warren","Dominic Trelenberg,EJ Marshall,Jack Cherry,Sebastian Blachut,Vinnie Adjahoungbeta",750,750.0,0.0,0,0,0,0,0,0,0,0,0,0,0,0,0,2,2,1,0,0,1
12:30,,Free Throw MISSED by Wis.-Whitewater's Jake Quast,,6512971,2025-12-02,Wis.-Whitewater,Elmhurst,2,,,50.0,58.0,Wis.-Whitewater,0,0,False,Jake Quast,"Collin Madson,Jake Quast,Joey Berezowitz,Kelton McEwen,Richie Warren","Dominic Trelenberg,EJ Marshall,Jack Cherry,Sebastian Blachut,Vinnie Adjahoungbeta",750,748.0,2.0,0,0,0,0,0,0,1,0,0,0,0,0,0,2,2,1,0,0,1
12:28,,Defensive rebound by Elmhurst's Vinnie Adjahoungbeta,,6512971,2025-12-02,Wis.-Whitewater,Elmhurst,2,,,50.0,58.0,Elmhurst,0,0,False,Vinnie Adjahoungbeta,"Collin Madson,Jake Quast,Joey Berezowitz,Kelton McEwen,Richie Warren","Dominic Trelenberg,EJ Marshall,Jack Cherry,Sebastian Blachut,Vinnie Adjahoungbeta",748,734.0,14.0,0,0,0,0,0,0,0,0,0,0,0,0,1,2,2,1,0,0,1
12:14,,Jumper MISSED by Elmhurst's EJ Marshall,,6512971,2025-12-02,Wis.-Whitewater,Elmhurst,2,,,50.0,58.0,Elmhurst,0,0,False,EJ Marshall,"Collin Madson,Jake Quast,Joey Berezowitz,Kelton McEwen,Richie Warren","Dominic Trelenberg,EJ Marshall,Jack Cherry,Sebastian Blachut,Vinnie Adjahoungbeta",734,730.0,4.0,0,0,1,0,1,0,0,0,0,0,0,0,0,2,2,1,0,0,1
12:10,,Offensive rebound by Elmhurst's Sebastian Blachut,,6512971,2025-12-02,Wis.-Whitewater,Elmhurst,2,,,50.0,58.0,Elmhurst,0,0,False,Sebastian Blachut,"Collin Madson,Jake Quast,Joey Berezowitz,Kelton McEwen,Richie Warren","Dominic Trelenberg,EJ Marshall,Jack Cherry,Sebastian Blachut,Vinnie Adjahoungbeta",730,730.0,0.0,0,0,0,0,0,0,0,0,0,0,0,1,0,2,2,1,0,0,1
12:10,,2 Pointer by Elmhurst's Sebastian Blachut,(52-58),6512971,2025-12-02,Wis.-Whitewater,Elmhurst,2,58.0,52.0,52.0,58.0,Elmhurst,2,0,True,Sebastian Blachut,"Collin Madson,Jake Quast,Joey Berezowitz,Kelton McEwen,Richie Warren","Dominic Trelenberg,EJ Marshall,Jack Cherry,Sebastian Blachut,Vinnie Adjahoungbeta",730,710.0,20.0,2,1,1,0,0,0,0,0,0,0,0,0,0,2,2,1,0,0,1
11:50,,2 Pointer by Wis.-Whitewater's Jake Quast,(52-60),6512971,2025-12-02,Wis.-Whitewater,Elmhurst,2,60.0,52.0,52.0,60.0,Wis.-Whitewater,0,2,True,Jake Quast,"Collin Madson,Jake Quast,Joey Berezowitz,Kelton McEwen,Richie Warren","Dominic Trelenberg,EJ Marshall,Jack Cherry,Sebastian Blachut,Vinnie Adjahoungbeta",710,697.0,13.0,2,1,1,0,0,0,0,0,0,0,0,0,0,2,2,1,0,0,1
11:37,,Turnover by Elmhurst 's Sebastian Blachut,,6512971,2025-12-02,Wis.-Whitewater,Elmhurst,2,,,52.0,60.0,,0,0,True,Sebastian Blachut,"Collin Madson,Jake Quast,Joey Berezowitz,Kelton McEwen,Richie Warren","Dominic Trelenberg,EJ Marshall,Jack Cherry,Sebastian Blachut,Vinnie Adjahoungbeta",697,697.0,0.0,0,0,0,0,0,0,0,0,1,0,0,0,0,2,2,1,0,0,1
11:37,,Commercial time out.,,6512971,2025-12-02,Wis.-Whitewater,Elmhurst,2,,,52.0,60.0,,0,0,False,,"Collin Madson,Jake Quast,Joey Berezowitz,Kelton McEwen,Richie Warren","Dominic Trelenberg,EJ Marshall,Jack Cherry,Sebastian Blachut,Vinnie Adjahoungbeta",697,697.0,0.0,0,0,0,0,0,0,0,0,0,0,0,0,0,2,2,1,0,0,1
11:37,,Subbing out for Elmhurst-Jack Cherry,,6512971,2025-12-02,Wis.-Whitewater,Elmhurst,2,,,52.0,60.0,,0,0,False,Jack Cherry,"Collin Madson,Jake Quast,Joey Berezowitz,Kelton McEwen,Richie Warren","Dominic Trelenberg,EJ Marshall,Sebastian Blachut,Vinnie Adjahoungbeta",697,697.0,0.0,0,0,0,0,0,0,0,0,0,0,0,0,0,2,1,1,0,0,0
11:37,,Subbing in for Elmhurst-Luke Smith,,6512971,2025-12-02,Wis.-Whitewater,Elmhurst,2,,,52.0,60.0,,0,0,False,Luke Smith,"Collin Madson,Jake Quast,Joey Berezowitz,Kelton McEwen,Richie Warren","Dominic Trelenberg,EJ Marshall,Luke Smith,Sebastian Blachut,Vinnie Adjahoungbeta",697,682.0,15.0,0,0,0,0,0,0,0,0,0,0,0,0,0,2,2,1,0,0,0
11:22,,Layup MISSED by Wis.-Whitewater's Richie Warren,,6512971,2025-12-02,Wis.-Whitewater,Elmhurst,2,,,52.0,60.0,Wis.-Whitewater,0,0,False,Richie Warren,"Collin Madson,Jake Quast,Joey Berezowitz,Kelton McEwen,Richie Warren","Dominic Trelenberg,EJ Marshall,Luke Smith,Sebastian Blachut,Vinnie Adjahoungbeta",682,680.0,2.0,0,0,1,0,0,0,0,0,0,0,0,0,0,2,2,1,0,0,0
11:20,,Defensive rebound by Elmhurst's Vinnie Adjahoungbeta,,6512971,2025-12-02,Wis.-Whitewater,Elmhurst,2,,,52.0,60.0,Elmhurst,0,0,False,Vinnie Adjahoungbeta,"Collin Madson,Jake Quast,Joey Berezowitz,Kelton McEwen,Richie Warren","Dominic Trelenberg,EJ Marshall,Luke Smith,Sebastian Blachut,Vinnie Adjahoungbeta",680,656.0,24.0,0,0,0,0,0,0,0,0,0,0,0,0,1,2,2,1,0,0,0
10:56,,Turnover by Elmhurst 's Sebastian Blachut,,6512971,2025-12-02,Wis.-Whitewater,Elmhurst,2,,,52.0,60.0,,0,0,True,Sebastian Blachut,"Collin Madson,Jake Quast,Joey Berezowitz,Kelton McEwen,Richie Warren","Dominic Trelenberg,EJ Marshall,Luke Smith,Sebastian Blachut,Vinnie Adjahoungbeta",656,656.0,0.0,0,0,0,0,0,0,0,0,1,0,0,0,0,2,2,1,0,0,0
10:56,,Steal by Wis.-Whitewater's Collin Madson,,6512971,2025-12-02,Wis.-Whitewater,Elmhurst,2,,,52.0,60.0,Wis.-Whitewater,0,0,False,Collin Madson,"Collin Madson,Jake Quast,Joey Berezowitz,Kelton McEwen,Richie Warren","Dominic Trelenberg,EJ Marshall,Luke Smith,Sebastian Blachut,Vinnie Adjahoungbeta",656,634.0,22.0,0,0,0,0,0,0,0,0,0,0,1,0,0,2,2,1,0,0,0
10:34,,2 Pointer by Wis.-Whitewater's Collin Madson,(52-62),6512971,2025-12-02,Wis.-Whitewater,Elmhurst,2,62.0,52.0,52.0,62.0,Wis.-Whitewater,0,2,True,Collin Madson,"Collin Madson,Jake Quast,Joey Berezowitz,Kelton McEwen,Richie Warren","Dominic Trelenberg,EJ Marshall,Luke Smith,Sebastian Blachut,Vinnie Adjahoungbeta",634,607.0,27.0,2,1,1,0,0,0,0,0,0,0,0,0,0,2,2,1,0,0,0
10:07,,Layup MISSED by Elmhurst's Sebastian Blachut,,6512971,2025-12-02,Wis.-Whitewater,Elmhurst,2,,,52.0,62.0,Elmhurst,0,0,False,Sebastian Blachut,"Collin Madson,Jake Quast,Joey Berezowitz,Kelton McEwen,Richie Warren","Dominic Trelenberg,EJ Marshall,Luke Smith,Sebastian Blachut,Vinnie Adjahoungbeta",607,602.0,5.0,0,0,1,0,0,0,0,0,0,0,0,0,0,2,2,1,0,0,0
10:02,,Defensive rebound by Wis.-Whitewater's Richie Warren,,6512971,2025-12-02,Wis.-Whitewater,Elmhurst,2,,,52.0,62.0,Wis.-Whitewater,0,0,False,Richie Warren,"Collin Madson,Jake Quast,Joey Berezowitz,Kelton McEwen,Richie Warren","Dominic Trelenberg,EJ Marshall,Luke Smith,Sebastian Blachut,Vinnie Adjahoungbeta",602,598.0,4.0,0,0,0,0,0,0,0,0,0,0,0,0,1,2,2,1,0,0,0
09:58,,Jumper MISSED by Wis.-Whitewater's Kelton McEwen,,6512971,2025-12-02,Wis.-Whitewater,Elmhurst,2,,,52.0,62.0,Wis.-Whitewater,0,0,False,Kelton McEwen,"Collin Madson,Jake Quast,Joey Berezowitz,Kelton McEwen,Richie Warren","Dominic Trelenberg,EJ Marshall,Luke Smith,Sebastian Blachut,Vinnie Adjahoungbeta",598,593.0,5.0,0,0,1,0,1,0,0,0,0,0,0,0,0,2,2,1,0,0,0
09:53,,Offensive rebound by Wis.-Whitewater's Collin Madson,,6512971,2025-12-02,Wis.-Whitewater,Elmhurst,2,,,52.0,62.0,Wis.-Whitewater,0,0,False,Collin Madson,"Collin Madson,Jake Quast,Joey Berezowitz,Kelton McEwen,Richie Warren","Dominic Trelenberg,EJ Marshall,Luke Smith,Sebastian Blachut,Vinnie Adjahoungbeta",593,592.0,1.0,0,0,0,0,0,0,0,0,0,0,0,1,0,2,2,1,0,0,0
09:52,,Layup by Wis.-Whitewater's Collin Madson,(52-64),6512971,2025-12-02,Wis.-Whitewater,Elmhurst,2,64.0,52.0,52.0,64.0,Wis.-Whitewater,0,2,True,Collin Madson,"Collin Madson,Jake Quast,Joey Berezowitz,Kelton McEwen,Richie Warren","Dominic Trelenberg,EJ Marshall,Luke Smith,Sebastian Blachut,Vinnie Adjahoungbeta",592,591.0,1.0,2,1,1,0,0,0,0,0,0,0,0,0,0,2,2,1,0,0,0
09:51,,Elmhurst takes a [full] time out.,,6512971,2025-12-02,Wis.-Whitewater,Elmhurst,2,,,52.0,64.0,,0,0,False,,"Collin Madson,Jake Quast,Joey Berezowitz,Kelton McEwen,Richie Warren","Dominic Trelenberg,EJ Marshall,Luke Smith,Sebastian Blachut,Vinnie Adjahoungbeta",591,591.0,0.0,0,0,0,0,0,0,0,0,0,0,0,0,0,2,2,1,0,0,0
09:51,,Subbing out for Wis.-Whitewater-Richie Warren,,6512971,2025-12-02,Wis.-Whitewater,Elmhurst,2,,,52.0,64.0,,0,0,False,Richie Warren,"Collin Madson,Jake Quast,Joey Berezowitz,Kelton McEwen","Dominic Trelenberg,EJ Marshall,Luke Smith,Sebastian Blachut,Vinnie Adjahoungbeta",591,591.0,0.0,0,0,0,0,0,0,0,0,0,0,0,0,0,2,2,1,0,0,0
09:51,,Subbing in for Wis.-Whitewater-JR Lukenbill,,6512971,2025-12-02,Wis.-Whitewater,Elmhurst,2,,,52.0,64.0,,0,0,False,JR Lukenbill,"Collin Madson,JR Lukenbill,Jake Quast,Joey Berezowitz,Kelton McEwen","Dominic Trelenberg,EJ Marshall,Luke Smith,Sebastian Blachut,Vinnie Adjahoungbeta",591,591.0,0.0,0,0,0,0,0,0,0,0,0,0,0,0,0,2,2,1,0,0,0
09:51,,Subbing out for Elmhurst-EJ Marshall,,6512971,2025-12-02,Wis.-Whitewater,Elmhurst,2,,,52.0,64.0,,0,0,False,EJ Marshall,"Collin Madson,JR Lukenbill,Jake Quast,Joey Berezowitz,Kelton McEwen","Dominic Trelenberg,Luke Smith,Sebastian Blachut,Vinnie Adjahoungbeta",591,591.0,0.0,0,0,0,0,0,0,0,0,0,0,0,0,0,2,1,1,0,0,0
09:51,,Subbing in for Elmhurst-Aidyn Boone,,6512971,2025-12-02,Wis.-Whitewater,Elmhurst,2,,,52.0,64.0,,0,0,False,Aidyn Boone,"Collin Madson,JR Lukenbill,Jake Quast,Joey Berezowitz,Kelton McEwen","Aidyn Boone,Dominic Trelenberg,Luke Smith,Sebastian Blachut,Vinnie Adjahoungbeta",591,579.0,12.0,0,0,0,0,0,0,0,0,0,0,0,0,0,2,1,1,1,0,0
09:39,,Personal Foul on Wis.-Whitewater's Collin Madson (Dominic Trelenberg draws the foul),,6512971,2025-12-02,Wis.-Whitewater,Elmhurst,2,,,52.0,64.0,Wis.-Whitewater,0,0,False,Collin Madson,"Collin Madson,JR Lukenbill,Jake Quast,Joey Berezowitz,Kelton McEwen","Aidyn Boone,Dominic Trelenberg,Luke Smith,Sebastian Blachut,Vinnie Adjahoungbeta",579,565.0,14.0,0,0,0,0,0,0,0,1,0,0,0,0,0,2,1,1,1,0,0
09:25,,Personal Foul on Wis.-Whitewater's Joey Berezowitz (Luke Smith draws the foul),,6512971,2025-12-02,Wis.-Whitewater,Elmhurst,2,,,52.0,64.0,Wis.-Whitewater,0,0,False,Joey Berezowitz,"Collin Madson,JR Lukenbill,Jake Quast,Joey Berezowitz,Kelton McEwen","Aidyn Boone,Dominic Trelenberg,Luke Smith,Sebastian Blachut,Vinnie Adjahoungbeta",565,565.0,0.0,0,0,0,0,0,0,0,1,0,0,0,0,0,2,1,1,1,0,0
09:25,,Free Throw MISSED by Elmhurst's Luke Smith,,6512971,2025-12-02,Wis.-Whitewater,Elmhurst,2,,,52.0,64.0,Elmhurst,0,0,False,Luke Smith,"Collin Madson,JR Lukenbill,Jake Quast,Joey Berezowitz,Kelton McEwen","Aidyn Boone,Dominic Trelenberg,Luke Smith,Sebastian Blachut,Vinnie Adjahoungbeta",565,565.0,0.0,0,0,0,0,0,0,1,0,0,0,0,0,0,2,1,1,1,0,0
09:25,,Elmhurst gets a rebound from a dead ball.,,6512971,2025-12-02,Wis.-Whitewater,Elmhurst,2,,,52.0,64.0,,0,0,False,,"Collin Madson,JR Lukenbill,Jake Quast,Joey Berezowitz,Kelton McEwen","Aidyn Boone,Dominic Trelenberg,Luke Smith,Sebastian Blachut,Vinnie Adjahoungbeta",565,565.0,0.0,0,0,0,0,0,0,0,0,0,0,0,0,0,2,1,1,1,0,0
09:25,,Free Throw by Elmhurst's Luke Smith,(53-64),6512971,2025-12-02,Wis.-Whitewater,Elmhurst,2,64.0,53.0,53.0,64.0,Elmhurst,1,0,True,Luke Smith,"Collin Madson,JR Lukenbill,Jake Quast,Joey Berezowitz,Kelton McEwen","Aidyn Boone,Dominic Trelenberg,Luke Smith,Sebastian Blachut,Vinnie Adjahoungbeta",565,545.0,20.0,1,0,0,0,0,1,1,0,0,0,0,0,0,2,1,1,1,0,0
09:05,,Personal Foul on Elmhurst's Dominic Trelenberg (Collin Madson draws the foul),,6512971,2025-12-02,Wis.-Whitewater,Elmhurst,2,,,53.0,64.0,Elmhurst,0,0,False,Dominic Trelenberg,"Collin Madson,JR Lukenbill,Jake Quast,Joey Berezowitz,Kelton McEwen","Aidyn Boone,Dominic Trelenberg,Luke Smith,Sebastian Blachut,Vinnie Adjahoungbeta",545,533.0,12.0,0,0,0,0,0,0,0,1,0,0,0,0,0,2,1,1,1,0,0
08:53,,Jumper by Wis.-Whitewater's Kelton McEwen,(53-67),6512971,2025-12-02,Wis.-Whitewater,Elmhurst,2,67.0,53.0,53.0,67.0,Wis.-Whitewater,0,3,True,Kelton McEwen,"Collin Madson,JR Lukenbill,Jake Quast,Joey Berezowitz,Kelton McEwen","Aidyn Boone,Dominic Trelenberg,Luke Smith,Sebastian Blachut,Vinnie Adjahoungbeta",533,533.0,0.0,3,1,1,1,1,0,0,0,0,0,0,0,0,2,1,1,1,0,0
08:53,,Assist by Wis.-Whitewater's Jake Quast,,6512971,2025-12-02,Wis.-Whitewater,Elmhurst,2,,,53.0,67.0,Wis.-Whitewater,0,0,False,Jake Quast,"Collin Madson,JR Lukenbill,Jake Quast,Joey Berezowitz,Kelton McEwen","Aidyn Boone,Dominic Trelenberg,Luke Smith,Sebastian Blachut,Vinnie Adjahoungbeta",533,520.0,13.0,0,0,0,0,0,0,0,0,0,1,0,0,0,2,1,1,1,0,0
08:40,,Offensive foul by Elmhurst's Sebastian Blachut,,6512971,2025-12-02,Wis.-Whitewater,Elmhurst,2,,,53.0,67.0,Elmhurst,0,0,True,Sebastian Blachut,"Collin Madson,JR Lukenbill,Jake Quast,Joey Berezowitz,Kelton McEwen","Aidyn Boone,Dominic Trelenberg,Luke Smith,Sebastian Blachut,Vinnie Adjahoungbeta",520,520.0,0.0,0,0,0,0,0,0,0,1,1,0,0,0,0,2,1,1,1,0,0
08:40,,Offensive turnover by Elmhurst's Sebastian Blachut,,6512971,2025-12-02,Wis.-Whitewater,Elmhurst,2,,,53.0,67.0,Elmhurst,0,0,True,Sebastian Blachut,"Collin Madson,JR Lukenbill,Jake Quast,Joey Berezowitz,Kelton McEwen","Aidyn Boone,Dominic Trelenberg,Luke Smith,Sebastian Blachut,Vinnie Adjahoungbeta",520,503.0,17.0,0,0,0,0,0,0,0,0,0,0,0,0,0,2,1,1,1,0,0
08:23,,Jumper MISSED by Wis.-Whitewater's JR Lukenbill,,6512971,2025-12-02,Wis.-Whitewater,Elmhurst,2,,,53.0,67.0,Wis.-Whitewater,0,0,False,JR Lukenbill,"Collin Madson,JR Lukenbill,Jake Quast,Joey Berezowitz,Kelton McEwen","Aidyn Boone,Dominic Trelenberg,Luke Smith,Sebastian Blachut,Vinnie Adjahoungbeta",503,499.0,4.0,0,0,1,0,1,0,0,0,0,0,0,0,0,2,1,1,1,0,0
08:19,,Offensive rebound by Wis.-Whitewater's Collin Madson,,6512971,2025-12-02,Wis.-Whitewater,Elmhurst,2,,,53.0,67.0,Wis.-Whitewater,0,0,False,Collin Madson,"Collin Madson,JR Lukenbill,Jake Quast,Joey Berezowitz,Kelton McEwen","Aidyn Boone,Dominic Trelenberg,Luke Smith,Sebastian Blachut,Vinnie Adjahoungbeta",499,498.0,1.0,0,0,0,0,0,0,0,0,0,0,0,1,0,2,1,1,1,0,0
08:18,,Subbing out for Elmhurst-Luke Smith,,6512971,2025-12-02,Wis.-Whitewater,Elmhurst,2,,,53.0,67.0,,0,0,False,Luke Smith,"Collin Madson,JR Lukenbill,Jake Quast,Joey Berezowitz,Kelton McEwen","Aidyn Boone,Dominic Trelenberg,Sebastian Blachut,Vinnie Adjahoungbeta",498,498.0,0.0,0,0,0,0,0,0,0,0,0,0,0,0,0,2,0,1,1,0,0
08:18,,Subbing in for Elmhurst-Jack Cherry,,6512971,2025-12-02,Wis.-Whitewater,Elmhurst,2,,,53.0,67.0,,0,0,False,Jack Cherry,"Collin Madson,JR Lukenbill,Jake Quast,Joey Berezowitz,Kelton McEwen","Aidyn Boone,Dominic Trelenberg,Jack Cherry,Sebastian Blachut,Vinnie Adjahoungbeta",498,479.0,19.0,0,0,0,0,0,0,0,0,0,0,0,0,0,2,1,1,1,0,1
07:59,,Layup by Wis.-Whitewater's Jake Quast,(53-69),6512971,2025-12-02,Wis.-Whitewater,Elmhurst,2,69.0,53.0,53.0,69.0,Wis.-Whitewater,0,2,True,Jake Quast,"Collin Madson,JR Lukenbill,Jake Quast,Joey Berezowitz,Kelton McEwen","Aidyn Boone,Dominic Trelenberg,Jack Cherry,Sebastian Blachut,Vinnie Adjahoungbeta",479,464.0,15.0,2,1,1,0,0,0,0,0,0,0,0,0,0,2,1,1,1,0,1
07:44,,Jumper MISSED by Elmhurst's Dominic Trelenberg,,6512971,2025-12-02,Wis.-Whitewater,Elmhurst,2,,,53.0,69.0,Elmhurst,0,0,False,Dominic Trelenberg,"Collin Madson,JR Lukenbill,Jake Quast,Joey Berezowitz,Kelton McEwen","Aidyn Boone,Dominic Trelenberg,Jack Cherry,Sebastian Blachut,Vinnie Adjahoungbeta",464,460.0,4.0,0,0,1,0,1,0,0,0,0,0,0,0,0,2,1,1,1,0,1
07:40,,Defensive rebound by Wis.-Whitewater's Collin Madson,,6512971,2025-12-02,Wis.-Whitewater,Elmhurst,2,,,53.0,69.0,Wis.-Whitewater,0,0,False,Collin Madson,"Collin Madson,JR Lukenbill,Jake Quast,Joey Berezowitz,Kelton McEwen","Aidyn Boone,Dominic Trelenberg,Jack Cherry,Sebastian Blachut,Vinnie Adjahoungbeta",460,445.0,15.0,0,0,0,0,0,0,0,0,0,0,0,0,1,2,1,1,1,0,1
07:25,,Layup MISSED by Wis.-Whitewater's Collin Madson,,6512971,2025-12-02,Wis.-Whitewater,Elmhurst,2,,,53.0,69.0,Wis.-Whitewater,0,0,False,Collin Madson,"Collin Madson,JR Lukenbill,Jake Quast,Joey Berezowitz,Kelton McEwen","Aidyn Boone,Dominic Trelenberg,Jack Cherry,Sebastian Blachut,Vinnie Adjahoungbeta",445,441.0,4.0,0,0,1,0,0,0,0,0,0,0,0,0,0,2,1,1,1,0,1
07:21,,Defensive rebound by Elmhurst's Sebastian Blachut,,6512971,2025-12-02,Wis.-Whitewater,Elmhurst,2,,,53.0,69.0,Elmhurst,0,0,False,Sebastian Blachut,"Collin Madson,JR Lukenbill,Jake Quast,Joey Berezowitz,Kelton McEwen","Aidyn Boone,Dominic Trelenberg,Jack Cherry,Sebastian Blachut,Vinnie Adjahoungbeta",441,440.0,1.0,0,0,0,0,0,0,0,0,0,0,0,0,1,2,1,1,1,0,1
07:20,,Personal Foul on Wis.-Whitewater's Kelton McEwen (Sebastian Blachut draws the foul),,6512971,2025-12-02,Wis.-Whitewater,Elmhurst,2,,,53.0,69.0,Wis.-Whitewater,0,0,False,Kelton McEwen,"Collin Madson,JR Lukenbill,Jake Quast,Joey Berezowitz,Kelton McEwen","Aidyn Boone,Dominic Trelenberg,Jack Cherry,Sebastian Blachut,Vinnie Adjahoungbeta",440,440.0,0.0,0,0,0,0,0,0,0,1,0,0,0,0,0,2,1,1,1,0,1
07:20,,Commercial time out.,,6512971,2025-12-02,Wis.-Whitewater,Elmhurst,2,,,53.0,69.0,,0,0,False,,"Collin Madson,JR Lukenbill,Jake Quast,Joey Berezowitz,Kelton McEwen","Aidyn Boone,Dominic Trelenberg,Jack Cherry,Sebastian Blachut,Vinnie Adjahoungbeta",440,423.0,17.0,0,0,0,0,0,0,0,0,0,0,0,0,0,2,1,1,1,0,1
07:03,,Personal Foul on Wis.-Whitewater's Joey Berezowitz (Jack Cherry draws the foul),,6512971,2025-12-02,Wis.-Whitewater,Elmhurst,2,,,53.0,69.0,Wis.-Whitewater,0,0,False,Joey Berezowitz,"Collin Madson,JR Lukenbill,Jake Quast,Joey Berezowitz,Kelton McEwen","Aidyn Boone,Dominic Trelenberg,Jack Cherry,Sebastian Blachut,Vinnie Adjahoungbeta",423,423.0,0.0,0,0,0,0,0,0,0,1,0,0,0,0,0,2,1,1,1,0,1
07:03,,Free Throw by Elmhurst's Jack Cherry,(54-69),6512971,2025-12-02,Wis.-Whitewater,Elmhurst,2,69.0,54.0,54.0,69.0,Elmhurst,1,0,True,Jack Cherry,"Collin Madson,JR Lukenbill,Jake Quast,Joey Berezowitz,Kelton McEwen","Aidyn Boone,Dominic Trelenberg,Jack Cherry,Sebastian Blachut,Vinnie Adjahoungbeta",423,423.0,0.0,1,0,0,0,0,1,1,0,0,0,0,0,0,2,1,1,1,0,1
07:03,,Subbing out for Wis.-Whitewater-Kelton McEwen,,6512971,2025-12-02,Wis.-Whitewater,Elmhurst,2,,,54.0,69.0,,0,0,False,Kelton McEwen,"Collin Madson,JR Lukenbill,Jake Quast,Joey Berezowitz","Aidyn Boone,Dominic Trelenberg,Jack Cherry,Sebastian Blachut,Vinnie Adjahoungbeta",423,423.0,0.0,0,0,0,0,0,0,0,0,0,0,0,0,0,2,1,1,1,0,1
07:03,,Subbing out for Wis.-Whitewater-Joey Berezowitz,,6512971,2025-12-02,Wis.-Whitewater,Elmhurst,2,,,54.0,69.0,,0,0,False,Joey Berezowitz,"Collin Madson,JR Lukenbill,Jake Quast","Aidyn Boone,Dominic Trelenberg,Jack Cherry,Sebastian Blachut,Vinnie Adjahoungbeta",423,423.0,0.0,0,0,0,0,0,0,0,0,0,0,0,0,0,2,1,1,1,0,1
07:03,,Subbing in for Wis.-Whitewater-Isaac Verges,,6512971,2025-12-02,Wis.-Whitewater,Elmhurst,2,,,54.0,69.0,,0,0,False,Isaac Verges,"Collin Madson,Isaac Verges,JR Lukenbill,Jake Quast","Aidyn Boone,Dominic Trelenberg,Jack Cherry,Sebastian Blachut,Vinnie Adjahoungbeta",423,423.0,0.0,0,0,0,0,0,0,0,0,0,0,0,0,0,2,1,1,1,0,1
07:03,,Subbing in for Wis.-Whitewater-Luke Bara,,6512971,2025-12-02,Wis.-Whitewater,Elmhurst,2,,,54.0,69.0,,0,0,False,Luke Bara,"Collin Madson,Isaac Verges,JR Lukenbill,Jake Quast,Luke Bara","Aidyn Boone,Dominic Trelenberg,Jack Cherry,Sebastian Blachut,Vinnie Adjahoungbeta",423,421.0,2.0,0,0,0,0,0,0,0,0,0,0,0,0,0,2,1,1,1,0,1
07:01,,Free Throw MISSED by Elmhurst's Jack Cherry,,6512971,2025-12-02,Wis.-Whitewater,Elmhurst,2,,,54.0,69.0,Elmhurst,0,0,False,Jack Cherry,"Collin Madson,Isaac Verges,JR Lukenbill,Jake Quast,Luke Bara","Aidyn Boone,Dominic Trelenberg,Jack Cherry,Sebastian Blachut,Vinnie Adjahoungbeta",421,420.0,1.0,0,0,0,0,0,0,1,0,0,0,0,0,0,2,1,1,1,0,1
07:00,,Defensive rebound by Wis.-Whitewater's JR Lukenbill,,6512971,2025-12-02,Wis.-Whitewater,Elmhurst,2,,,54.0,69.0,Wis.-Whitewater,0,0,False,JR Lukenbill,"Collin Madson,Isaac Verges,JR Lukenbill,Jake Quast,Luke Bara","Aidyn Boone,Dominic Trelenberg,Jack Cherry,Sebastian Blachut,Vinnie Adjahoungbeta",420,399.0,21.0,0,0,0,0,0,0,0,0,0,0,0,0,1,2,1,1,1,0,1
06:39,,Jumper by Wis.-Whitewater's Luke Bara,(54-72),6512971,2025-12-02,Wis.-Whitewater,Elmhurst,2,72.0,54.0,54.0,72.0,Wis.-Whitewater,0,3,True,Luke Bara,"Collin Madson,Isaac Verges,JR Lukenbill,Jake Quast,Luke Bara","Aidyn Boone,Dominic Trelenberg,Jack Cherry,Sebastian Blachut,Vinnie Adjahoungbeta",399,399.0,0.0,3,1,1,1,1,0,0,0,0,0,0,0,0,2,1,1,1,0,1
06:39,,Assist by Wis.-Whitewater's Isaac Verges,,6512971,2025-12-02,Wis.-Whitewater,Elmhurst,2,,,54.0,72.0,Wis.-Whitewater,0,0,False,Isaac Verges,"Collin Madson,Isaac Verges,JR Lukenbill,Jake Quast,Luke Bara","Aidyn Boone,Dominic Trelenberg,Jack Cherry,Sebastian Blachut,Vinnie Adjahoungbeta",399,390.0,9.0,0,0,0,0,0,0,0,0,0,1,0,0,0,2,1,1,1,0,1
06:30,,Layup MISSED by Elmhurst's Dominic Trelenberg,,6512971,2025-12-02,Wis.-Whitewater,Elmhurst,2,,,54.0,72.0,Elmhurst,0,0,False,Dominic Trelenberg,"Collin Madson,Isaac Verges,JR Lukenbill,Jake Quast,Luke Bara","Aidyn Boone,Dominic Trelenberg,Jack Cherry,Sebastian Blachut,Vinnie Adjahoungbeta",390,389.0,1.0,0,0,1,0,0,0,0,0,0,0,0,0,0,2,1,1,1,0,1
06:29,,Offensive rebound by Elmhurst's Elmhurst,,6512971,2025-12-02,Wis.-Whitewater,Elmhurst,2,,,54.0,72.0,Elmhurst,0,0,False,,"Collin Madson,Isaac Verges,JR Lukenbill,Jake Quast,Luke Bara","Aidyn Boone,Dominic Trelenberg,Jack Cherry,Sebastian Blachut,Vinnie Adjahoungbeta",389,380.0,9.0,0,0,0,0,0,0,0,0,0,0,0,1,0,2,1,1,1,0,1
06:20,,Jumper MISSED by Elmhurst's Dominic Trelenberg,,6512971,2025-12-02,Wis.-Whitewater,Elmhurst,2,,,54.0,72.0,Elmhurst,0,0,False,Dominic Trelenberg,"Collin Madson,Isaac Verges,JR Lukenbill,Jake Quast,Luke Bara","Aidyn Boone,Dominic Trelenberg,Jack Cherry,Sebastian Blachut,Vinnie Adjahoungbeta",380,377.0,3.0,0,0,1,0,1,0,0,0,0,0,0,0,0,2,1,1,1,0,1
06:17,,Offensive rebound by Elmhurst's Aidyn Boone,,6512971,2025-12-02,Wis.-Whitewater,Elmhurst,2,,,54.0,72.0,Elmhurst,0,0,False,Aidyn Boone,"Collin Madson,Isaac Verges,JR Lukenbill,Jake Quast,Luke Bara","Aidyn Boone,Dominic Trelenberg,Jack Cherry,Sebastian Blachut,Vinnie Adjahoungbeta",377,377.0,0.0,0,0,0,0,0,0,0,0,0,0,0,1,0,2,1,1,1,0,1
06:17,,Personal Foul on Wis.-Whitewater's Jake Quast (Aidyn Boone draws the foul),,6512971,2025-12-02,Wis.-Whitewater,Elmhurst,2,,,54.0,72.0,Wis.-Whitewater,0,0,False,Jake Quast,"Collin Madson,Isaac Verges,JR Lukenbill,Jake Quast,Luke Bara","Aidyn Boone,Dominic Trelenberg,Jack Cherry,Sebastian Blachut,Vinnie Adjahoungbeta",377,377.0,0.0,0,0,0,0,0,0,0,1,0,0,0,0,0,2,1,1,1,0,1
06:17,,Subbing out for Elmhurst-Jack Cherry,,6512971,2025-12-02,Wis.-Whitewater,Elmhurst,2,,,54.0,72.0,,0,0,False,Jack Cherry,"Collin Madson,Isaac Verges,JR Lukenbill,Jake Quast,Luke Bara","Aidyn Boone,Dominic Trelenberg,Sebastian Blachut,Vinnie Adjahoungbeta",377,377.0,0.0,0,0,0,0,0,0,0,0,0,0,0,0,0,2,0,1,1,0,0
06:17,,Subbing out for Elmhurst-Vinnie Adjahoungbeta,,6512971,2025-12-02,Wis.-Whitewater,Elmhurst,2,,,54.0,72.0,,0,0,False,Vinnie Adjahoungbeta,"Collin Madson,Isaac Verges,JR Lukenbill,Jake Quast,Luke Bara","Aidyn Boone,Dominic Trelenberg,Sebastian Blachut",377,377.0,0.0,0,0,0,0,0,0,0,0,0,0,0,0,0,1,0,1,1,0,0
06:17,,Subbing in for Elmhurst-EJ Marshall,,6512971,2025-12-02,Wis.-Whitewater,Elmhurst,2,,,54.0,72.0,,0,0,False,EJ Marshall,"Collin Madson,Isaac Verges,JR Lukenbill,Jake Quast,Luke Bara","Aidyn Boone,Dominic Trelenberg,EJ Marshall,Sebastian Blachut",377,377.0,0.0,0,0,0,0,0,0,0,0,0,0,0,0,0,1,1,1,1,0,0
06:17,,Subbing in for Elmhurst-Talen Pearson,,6512971,2025-12-02,Wis.-Whitewater,Elmhurst,2,,,54.0,72.0,,0,0,False,Talen Pearson,"Collin Madson,Isaac Verges,JR Lukenbill,Jake Quast,Luke Bara","Aidyn Boone,Dominic Trelenberg,EJ Marshall,Sebastian Blachut,Talen Pearson",377,377.0,0.0,0,0,0,0,0,0,0,0,0,0,0,0,0,1,1,1,1,1,0
06:17,,Free Throw by Elmhurst's Aidyn Boone,(55-72),6512971,2025-12-02,Wis.-Whitewater,Elmhurst,2,72.0,55.0,55.0,72.0,Elmhurst,1,0,True,Aidyn Boone,"Collin Madson,Isaac Verges,JR Lukenbill,Jake Quast,Luke Bara","Aidyn Boone,Dominic Trelenberg,EJ Marshall,Sebastian Blachut,Talen Pearson",377,377.0,0.0,1,0,0,0,0,1,1,0,0,0,0,0,0,1,1,1,1,1,0
06:17,,Free Throw by Elmhurst's Aidyn Boone,(56-72),6512971,2025-12-02,Wis.-Whitewater,Elmhurst,2,72.0,56.0,56.0,72.0,Elmhurst,1,0,True,Aidyn Boone,"Collin Madson,Isaac Verges,JR Lukenbill,Jake Quast,Luke Bara","Aidyn Boone,Dominic Trelenberg,EJ Marshall,Sebastian Blachut,Talen Pearson",377,366.0,11.0,1,0,0,0,0,1,1,0,0,0,0,0,0,1,1,1,1,1,0
06:06,,Jumper by Wis.-Whitewater's Luke Bara,(56-75),6512971,2025-12-02,Wis.-Whitewater,Elmhurst,2,75.0,56.0,56.0,75.0,Wis.-Whitewater,0,3,True,Luke Bara,"Collin Madson,Isaac Verges,JR Lukenbill,Jake Quast,Luke Bara","Aidyn Boone,Dominic Trelenberg,EJ Marshall,Sebastian Blachut,Talen Pearson",366,347.0,19.0,3,1,1,1,1,0,0,0,0,0,0,0,0,1,1,1,1,1,0
05:47,,Jumper by Elmhurst's Aidyn Boone,(59-75),6512971,2025-12-02,Wis.-Whitewater,Elmhurst,2,75.0,59.0,59.0,75.0,Elmhurst,3,0,True,Aidyn Boone,"Collin Madson,Isaac Verges,JR Lukenbill,Jake Quast,Luke Bara","Aidyn Boone,Dominic Trelenberg,EJ Marshall,Sebastian Blachut,Talen Pearson",347,347.0,0.0,3,1,1,1,1,0,0,0,0,0,0,0,0,1,1,1,1,1,0
05:47,,Assist by Elmhurst's Sebastian Blachut,,6512971,2025-12-02,Wis.-Whitewater,Elmhurst,2,,,59.0,75.0,Elmhurst,0,0,False,Sebastian Blachut,"Collin Madson,Isaac Verges,JR Lukenbill,Jake Quast,Luke Bara","Aidyn Boone,Dominic Trelenberg,EJ Marshall,Sebastian Blachut,Talen Pearson",347,324.0,23.0,0,0,0,0,0,0,0,0,0,1,0,0,0,1,1,1,1,1,0
05:24,,Layup by Wis.-Whitewater's Jake Quast,(59-77),6512971,2025-12-02,Wis.-Whitewater,Elmhurst,2,77.0,59.0,59.0,77.0,Wis.-Whitewater,0,2,True,Jake Quast,"Collin Madson,Isaac Verges,JR Lukenbill,Jake Quast,Luke Bara","Aidyn Boone,Dominic Trelenberg,EJ Marshall,Sebastian Blachut,Talen Pearson",324,324.0,0.0,2,1,1,0,0,0,0,0,0,0,0,0,0,1,1,1,1,1,0
05:24,,Assist by Wis.-Whitewater's JR Lukenbill,,6512971,2025-12-02,Wis.-Whitewater,Elmhurst,2,,,59.0,77.0,Wis.-Whitewater,0,0,False,JR Lukenbill,"Collin Madson,Isaac Verges,JR Lukenbill,Jake Quast,Luke Bara","Aidyn Boone,Dominic Trelenberg,EJ Marshall,Sebastian Blachut,Talen Pearson",324,298.0,26.0,0,0,0,0,0,0,0,0,0,1,0,0,0,1,1,1,1,1,0
04:58,,Personal Foul on Wis.-Whitewater's Luke Bara (Sebastian Blachut draws the foul),,6512971,2025-12-02,Wis.-Whitewater,Elmhurst,2,,,59.0,77.0,Wis.-Whitewater,0,0,False,Luke Bara,"Collin Madson,Isaac Verges,JR Lukenbill,Jake Quast,Luke Bara","Aidyn Boone,Dominic Trelenberg,EJ Marshall,Sebastian Blachut,Talen Pearson",298,298.0,0.0,0,0,0,0,0,0,0,1,0,0,0,0,0,1,1,1,1,1,0
04:58,,Subbing out for Elmhurst-Aidyn Boone,,6512971,2025-12-02,Wis.-Whitewater,Elmhurst,2,,,59.0,77.0,,0,0,False,Aidyn Boone,"Collin Madson,Isaac Verges,JR Lukenbill,Jake Quast,Luke Bara","Dominic Trelenberg,EJ Marshall,Sebastian Blachut,Talen Pearson",298,298.0,0.0,0,0,0,0,0,0,0,0,0,0,0,0,0,1,1,1,0,1,0
04:58,,Subbing in for Elmhurst-Vinnie Adjahoungbeta,,6512971,2025-12-02,Wis.-Whitewater,Elmhurst,2,,,59.0,77.0,,0,0,False,Vinnie Adjahoungbeta,"Collin Madson,Isaac Verges,JR Lukenbill,Jake Quast,Luke Bara","Dominic Trelenberg,EJ Marshall,Sebastian Blachut,Talen Pearson,Vinnie Adjahoungbeta",298,298.0,0.0,0,0,0,0,0,0,0,0,0,0,0,0,0,2,1,1,0,1,0
04:58,,Free Throw by Elmhurst's Sebastian Blachut,(60-77),6512971,2025-12-02,Wis.-Whitewater,Elmhurst,2,77.0,60.0,60.0,77.0,Elmhurst,1,0,True,Sebastian Blachut,"Collin Madson,Isaac Verges,JR Lukenbill,Jake Quast,Luke Bara","Dominic Trelenberg,EJ Marshall,Sebastian Blachut,Talen Pearson,Vinnie Adjahoungbeta",298,298.0,0.0,1,0,0,0,0,1,1,0,0,0,0,0,0,2,1,1,0,1,0
04:58,,Free Throw by Elmhurst's Sebastian Blachut,(61-77),6512971,2025-12-02,Wis.-Whitewater,Elmhurst,2,77.0,61.0,61.0,77.0,Elmhurst,1,0,True,Sebastian Blachut,"Collin Madson,Isaac Verges,JR Lukenbill,Jake Quast,Luke Bara","Dominic Trelenberg,EJ Marshall,Sebastian Blachut,Talen Pearson,Vinnie Adjahoungbeta",298,298.0,0.0,1,0,0,0,0,1,1,0,0,0,0,0,0,2,1,1,0,1,0
04:58,,Subbing out for Elmhurst-EJ Marshall,,6512971,2025-12-02,Wis.-Whitewater,Elmhurst,2,,,61.0,77.0,,0,0,False,EJ Marshall,"Collin Madson,Isaac Verges,JR Lukenbill,Jake Quast,Luke Bara","Dominic Trelenberg,Sebastian Blachut,Talen Pearson,Vinnie Adjahoungbeta",298,298.0,0.0,0,0,0,0,0,0,0,0,0,0,0,0,0,2,0,1,0,1,0
04:58,,Subbing in for Elmhurst-Jack Cherry,,6512971,2025-12-02,Wis.-Whitewater,Elmhurst,2,,,61.0,77.0,,0,0,False,Jack Cherry,"Collin Madson,Isaac Verges,JR Lukenbill,Jake Quast,Luke Bara","Dominic Trelenberg,Jack Cherry,Sebastian Blachut,Talen Pearson,Vinnie Adjahoungbeta",298,289.0,9.0,0,0,0,0,0,0,0,0,0,0,0,0,0,2,1,1,0,1,1
04:49,,Wis.-Whitewater takes a [short] time out.,,6512971,2025-12-02,Wis.-Whitewater,Elmhurst,2,,,61.0,77.0,,0,0,False,,"Collin Madson,Isaac Verges,JR Lukenbill,Jake Quast,Luke Bara","Dominic Trelenberg,Jack Cherry,Sebastian Blachut,Talen Pearson,Vinnie Adjahoungbeta",289,278.0,11.0,0,0,0,0,0,0,0,0,0,0,0,0,0,2,1,1,0,1,1
04:38,,Turnover by Wis.-Whitewater 's Jake Quast,,6512971,2025-12-02,Wis.-Whitewater,Elmhurst,2,,,61.0,77.0,,0,0,True,Jake Quast,"Collin Madson,Isaac Verges,JR Lukenbill,Jake Quast,Luke Bara","Dominic Trelenberg,Jack Cherry,Sebastian Blachut,Talen Pearson,Vinnie Adjahoungbeta",278,278.0,0.0,0,0,0,0,0,0,0,0,1,0,0,0,0,2,1,1,0,1,1
04:38,,Steal by Elmhurst's Jack Cherry,,6512971,2025-12-02,Wis.-Whitewater,Elmhurst,2,,,61.0,77.0,Elmhurst,0,0,False,Jack Cherry,"Collin Madson,Isaac Verges,JR Lukenbill,Jake Quast,Luke Bara","Dominic Trelenberg,Jack Cherry,Sebastian Blachut,Talen Pearson,Vinnie Adjahoungbeta",278,273.0,5.0,0,0,0,0,0,0,0,0,0,0,1,0,0,2,1,1,0,1,1
04:33,,Layup MISSED by Elmhurst's Dominic Trelenberg,,6512971,2025-12-02,Wis.-Whitewater,Elmhurst,2,,,61.0,77.0,Elmhurst,0,0,False,Dominic Trelenberg,"Collin Madson,Isaac Verges,JR Lukenbill,Jake Quast,Luke Bara","Dominic Trelenberg,Jack Cherry,Sebastian Blachut,Talen Pearson,Vinnie Adjahoungbeta",273,271.0,2.0,0,0,1,0,0,0,0,0,0,0,0,0,0,2,1,1,0,1,1
04:31,,Defensive rebound by Wis.-Whitewater's Isaac Verges,,6512971,2025-12-02,Wis.-Whitewater,Elmhurst,2,,,61.0,77.0,Wis.-Whitewater,0,0,False,Isaac Verges,"Collin Madson,Isaac Verges,JR Lukenbill,Jake Quast,Luke Bara","Dominic Trelenberg,Jack Cherry,Sebastian Blachut,Talen Pearson,Vinnie Adjahoungbeta",271,260.0,11.0,0,0,0,0,0,0,0,0,0,0,0,0,1,2,1,1,0,1,1
04:20,,Turnover by Wis.-Whitewater 's Jake Quast,,6512971,2025-12-02,Wis.-Whitewater,Elmhurst,2,,,61.0,77.0,,0,0,True,Jake Quast,"Collin Madson,Isaac Verges,JR Lukenbill,Jake Quast,Luke Bara","Dominic Trelenberg,Jack Cherry,Sebastian Blachut,Talen Pearson,Vinnie Adjahoungbeta",260,260.0,0.0,0,0,0,0,0,0,0,0,1,0,0,0,0,2,1,1,0,1,1
04:20,,Steal by Elmhurst's Jack Cherry,,6512971,2025-12-02,Wis.-Whitewater,Elmhurst,2,,,61.0,77.0,Elmhurst,0,0,False,Jack Cherry,"Collin Madson,Isaac Verges,JR Lukenbill,Jake Quast,Luke Bara","Dominic Trelenberg,Jack Cherry,Sebastian Blachut,Talen Pearson,Vinnie Adjahoungbeta",260,257.0,3.0,0,0,0,0,0,0,0,0,0,0,1,0,0,2,1,1,0,1,1
04:17,,2 Pointer MISSED by Elmhurst's Jack Cherry,,6512971,2025-12-02,Wis.-Whitewater,Elmhurst,2,,,61.0,77.0,Elmhurst,0,0,False,Jack Cherry,"Collin Madson,Isaac Verges,JR Lukenbill,Jake Quast,Luke Bara","Dominic Trelenberg,Jack Cherry,Sebastian Blachut,Talen Pearson,Vinnie Adjahoungbeta",257,253.0,4.0,0,0,0,0,0,0,0,0,0,0,0,0,0,2,1,1,0,1,1
04:13,,Defensive rebound by Wis.-Whitewater's JR Lukenbill,,6512971,2025-12-02,Wis.-Whitewater,Elmhurst,2,,,61.0,77.0,Wis.-Whitewater,0,0,False,JR Lukenbill,"Collin Madson,Isaac Verges,JR Lukenbill,Jake Quast,Luke Bara","Dominic Trelenberg,Jack Cherry,Sebastian Blachut,Talen Pearson,Vinnie Adjahoungbeta",253,239.0,14.0,0,0,0,0,0,0,0,0,0,0,0,0,1,2,1,1,0,1,1
03:59,,2 Pointer by Wis.-Whitewater's Isaac Verges,(61-79),6512971,2025-12-02,Wis.-Whitewater,Elmhurst,2,79.0,61.0,61.0,79.0,Wis.-Whitewater,0,2,True,Isaac Verges,"Collin Madson,Isaac Verges,JR Lukenbill,Jake Quast,Luke Bara","Dominic Trelenberg,Jack Cherry,Sebastian Blachut,Talen Pearson,Vinnie Adjahoungbeta",239,222.0,17.0,2,1,1,0,0,0,0,0,0,0,0,0,0,2,1,1,0,1,1
03:42,,Turnover by Elmhurst 's Vinnie Adjahoungbeta,,6512971,2025-12-02,Wis.-Whitewater,Elmhurst,2,,,61.0,79.0,,0,0,True,Vinnie Adjahoungbeta,"Collin Madson,Isaac Verges,JR Lukenbill,Jake Quast,Luke Bara","Dominic Trelenberg,Jack Cherry,Sebastian Blachut,Talen Pearson,Vinnie Adjahoungbeta",222,222.0,0.0,0,0,0,0,0,0,0,0,1,0,0,0,0,2,1,1,0,1,1
03:42,,Commercial time out.,,6512971,2025-12-02,Wis.-Whitewater,Elmhurst,2,,,61.0,79.0,,0,0,False,,"Collin Madson,Isaac Verges,JR Lukenbill,Jake Quast,Luke Bara","Dominic Trelenberg,Jack Cherry,Sebastian Blachut,Talen Pearson,Vinnie Adjahoungbeta",222,222.0,0.0,0,0,0,0,0,0,0,0,0,0,0,0,0,2,1,1,0,1,1
03:42,,Subbing out for Elmhurst-Talen Pearson,,6512971,2025-12-02,Wis.-Whitewater,Elmhurst,2,,,61.0,79.0,,0,0,False,Talen Pearson,"Collin Madson,Isaac Verges,JR Lukenbill,Jake Quast,Luke Bara","Dominic Trelenberg,Jack Cherry,Sebastian Blachut,Vinnie Adjahoungbeta",222,222.0,0.0,0,0,0,0,0,0,0,0,0,0,0,0,0,2,1,1,0,0,1
03:42,,Subbing in for Elmhurst-EJ Marshall,,6512971,2025-12-02,Wis.-Whitewater,Elmhurst,2,,,61.0,79.0,,0,0,False,EJ Marshall,"Collin Madson,Isaac Verges,JR Lukenbill,Jake Quast,Luke Bara","Dominic Trelenberg,EJ Marshall,Jack Cherry,Sebastian Blachut,Vinnie Adjahoungbeta",222,210.0,12.0,0,0,0,0,0,0,0,0,0,0,0,0,0,2,2,1,0,0,1
03:30,,2 Pointer by Wis.-Whitewater's Isaac Verges,(61-81),6512971,2025-12-02,Wis.-Whitewater,Elmhurst,2,81.0,61.0,61.0,81.0,Wis.-Whitewater,0,2,True,Isaac Verges,"Collin Madson,Isaac Verges,JR Lukenbill,Jake Quast,Luke Bara","Dominic Trelenberg,EJ Marshall,Jack Cherry,Sebastian Blachut,Vinnie Adjahoungbeta",210,210.0,0.0,2,1,1,0,0,0,0,0,0,0,0,0,0,2,2,1,0,0,1
03:30,,Foul on Elmhurst'sElmhurst,,6512971,2025-12-02,Wis.-Whitewater,Elmhurst,2,,,61.0,81.0,Elmhurst,0,0,False,,"Collin Madson,Isaac Verges,JR Lukenbill,Jake Quast,Luke Bara","Dominic Trelenberg,EJ Marshall,Jack Cherry,Sebastian Blachut,Vinnie Adjahoungbeta",210,210.0,0.0,0,0,0,0,0,0,0,1,0,0,0,0,0,2,2,1,0,0,1
03:30,,Personal Foul on Elmhurst's Jack Cherry (Isaac Verges draws the foul),(61-81),6512971,2025-12-02,Wis.-Whitewater,Elmhurst,2,81.0,61.0,61.0,81.0,Elmhurst,0,0,False,Jack Cherry,"Collin Madson,Isaac Verges,JR Lukenbill,Jake Quast,Luke Bara","Dominic Trelenberg,EJ Marshall,Jack Cherry,Sebastian Blachut,Vinnie Adjahoungbeta",210,210.0,0.0,0,0,0,0,0,0,0,1,0,0,0,0,0,2,2,1,0,0,1
03:30,,Subbing out for Elmhurst-EJ Marshall,,6512971,2025-12-02,Wis.-Whitewater,Elmhurst,2,,,61.0,81.0,,0,0,False,EJ Marshall,"Collin Madson,Isaac Verges,JR Lukenbill,Jake Quast,Luke Bara","Dominic Trelenberg,Jack Cherry,Sebastian Blachut,Vinnie Adjahoungbeta",210,210.0,0.0,0,0,0,0,0,0,0,0,0,0,0,0,0,2,1,1,0,0,1
03:30,,Subbing in for Elmhurst-Aidyn Boone,,6512971,2025-12-02,Wis.-Whitewater,Elmhurst,2,,,61.0,81.0,,0,0,False,Aidyn Boone,"Collin Madson,Isaac Verges,JR Lukenbill,Jake Quast,Luke Bara","Aidyn Boone,Dominic Trelenberg,Jack Cherry,Sebastian Blachut,Vinnie Adjahoungbeta",210,210.0,0.0,0,0,0,0,0,0,0,0,0,0,0,0,0,2,1,1,1,0,1
03:30,,Free Throw by Wis.-Whitewater's Isaac Verges,(61-82),6512971,2025-12-02,Wis.-Whitewater,Elmhurst,2,82.0,61.0,61.0,82.0,Wis.-Whitewater,0,1,True,Isaac Verges,"Collin Madson,Isaac Verges,JR Lukenbill,Jake Quast,Luke Bara","Aidyn Boone,Dominic Trelenberg,Jack Cherry,Sebastian Blachut,Vinnie Adjahoungbeta",210,206.0,4.0,1,0,0,0,0,1,1,0,0,0,0,0,0,2,1,1,1,0,1
03:26,,Subbing out for Elmhurst-Aidyn Boone,,6512971,2025-12-02,Wis.-Whitewater,Elmhurst,2,,,61.0,82.0,,0,0,False,Aidyn Boone,"Collin Madson,Isaac Verges,JR Lukenbill,Jake Quast,Luke Bara","Dominic Trelenberg,Jack Cherry,Sebastian Blachut,Vinnie Adjahoungbeta",206,206.0,0.0,0,0,0,0,0,0,0,0,0,0,0,0,0,2,1,1,0,0,1
03:26,,Subbing in for Elmhurst-Talen Pearson,,6512971,2025-12-02,Wis.-Whitewater,Elmhurst,2,,,61.0,82.0,,0,0,False,Talen Pearson,"Collin Madson,Isaac Verges,JR Lukenbill,Jake Quast,Luke Bara","Dominic Trelenberg,Jack Cherry,Sebastian Blachut,Talen Pearson,Vinnie Adjahoungbeta",206,201.0,5.0,0,0,0,0,0,0,0,0,0,0,0,0,0,2,1,1,0,1,1
03:21,,Personal Foul on Wis.-Whitewater's Luke Bara (Sebastian Blachut draws the foul),,6512971,2025-12-02,Wis.-Whitewater,Elmhurst,2,,,61.0,82.0,Wis.-Whitewater,0,0,False,Luke Bara,"Collin Madson,Isaac Verges,JR Lukenbill,Jake Quast,Luke Bara","Dominic Trelenberg,Jack Cherry,Sebastian Blachut,Talen Pearson,Vinnie Adjahoungbeta",201,201.0,0.0,0,0,0,0,0,0,0,1,0,0,0,0,0,2,1,1,0,1,1
03:21,,Free Throw by Elmhurst's Sebastian Blachut,(62-82),6512971,2025-12-02,Wis.-Whitewater,Elmhurst,2,82.0,62.0,62.0,82.0,Elmhurst,1,0,True,Sebastian Blachut,"Collin Madson,Isaac Verges,JR Lukenbill,Jake Quast,Luke Bara","Dominic Trelenberg,Jack Cherry,Sebastian Blachut,Talen Pearson,Vinnie Adjahoungbeta",201,201.0,0.0,1,0,0,0,0,1,1,0,0,0,0,0,0,2,1,1,0,1,1
03:21,,Free Throw MISSED by Elmhurst's Sebastian Blachut,,6512971,2025-12-02,Wis.-Whitewater,Elmhurst,2,,,62.0,82.0,Elmhurst,0,0,False,Sebastian Blachut,"Collin Madson,Isaac Verges,JR Lukenbill,Jake Quast,Luke Bara","Dominic Trelenberg,Jack Cherry,Sebastian Blachut,Talen Pearson,Vinnie Adjahoungbeta",201,200.0,1.0,0,0,0,0,0,0,1,0,0,0,0,0,0,2,1,1,0,1,1
03:20,,Defensive rebound by Wis.-Whitewater's Collin Madson,,6512971,2025-12-02,Wis.-Whitewater,Elmhurst,2,,,62.0,82.0,Wis.-Whitewater,0,0,False,Collin Madson,"Collin Madson,Isaac Verges,JR Lukenbill,Jake Quast,Luke Bara","Dominic Trelenberg,Jack Cherry,Sebastian Blachut,Talen Pearson,Vinnie Adjahoungbeta",200,188.0,12.0,0,0,0,0,0,0,0,0,0,0,0,0,1,2,1,1,0,1,1
03:08,,Layup by Wis.-Whitewater's Isaac Verges,(62-84),6512971,2025-12-02,Wis.-Whitewater,Elmhurst,2,84.0,62.0,62.0,84.0,Wis.-Whitewater,0,2,True,Isaac Verges,"Collin Madson,Isaac Verges,JR Lukenbill,Jake Quast,Luke Bara","Dominic Trelenberg,Jack Cherry,Sebastian Blachut,Talen Pearson,Vinnie Adjahoungbeta",188,188.0,0.0,2,1,1,0,0,0,0,0,0,0,0,0,0,2,1,1,0,1,1
03:08,,Assist by Wis.-Whitewater's Jake Quast,,6512971,2025-12-02,Wis.-Whitewater,Elmhurst,2,,,62.0,84.0,Wis.-Whitewater,0,0,False,Jake Quast,"Collin Madson,Isaac Verges,JR Lukenbill,Jake Quast,Luke Bara","Dominic Trelenberg,Jack Cherry,Sebastian Blachut,Talen Pearson,Vinnie Adjahoungbeta",188,171.0,17.0,0,0,0,0,0,0,0,0,0,1,0,0,0,2,1,1,0,1,1
02:51,,2 Pointer by Elmhurst's Sebastian Blachut,(64-84),6512971,2025-12-02,Wis.-Whitewater,Elmhurst,2,84.0,64.0,64.0,84.0,Elmhurst,2,0,True,Sebastian Blachut,"Collin Madson,Isaac Verges,JR Lukenbill,Jake Quast,Luke Bara","Dominic Trelenberg,Jack Cherry,Sebastian Blachut,Talen Pearson,Vinnie Adjahoungbeta",171,156.0,15.0,2,1,1,0,0,0,0,0,0,0,0,0,0,2,1,1,0,1,1
02:36,,2 Pointer MISSED by Wis.-Whitewater's Jake Quast,,6512971,2025-12-02,Wis.-Whitewater,Elmhurst,2,,,64.0,84.0,Wis.-Whitewater,0,0,False,Jake Quast,"Collin Madson,Isaac Verges,JR Lukenbill,Jake Quast,Luke Bara","Dominic Trelenberg,Jack Cherry,Sebastian Blachut,Talen Pearson,Vinnie Adjahoungbeta",156,156.0,0.0,0,0,0,0,0,0,0,0,0,0,0,0,0,2,1,1,0,1,1
02:36,,Block by Elmhurst's Vinnie Adjahoungbeta,,6512971,2025-12-02,Wis.-Whitewater,Elmhurst,2,,,64.0,84.0,Elmhurst,0,0,False,Vinnie Adjahoungbeta,"Collin Madson,Isaac Verges,JR Lukenbill,Jake Quast,Luke Bara","Dominic Trelenberg,Jack Cherry,Sebastian Blachut,Talen Pearson,Vinnie Adjahoungbeta",156,152.0,4.0,0,0,0,0,0,0,0,0,0,0,0,0,0,2,1,1,0,1,1
02:32,,Defensive rebound by Elmhurst's Vinnie Adjahoungbeta,,6512971,2025-12-02,Wis.-Whitewater,Elmhurst,2,,,64.0,84.0,Elmhurst,0,0,False,Vinnie Adjahoungbeta,"Collin Madson,Isaac Verges,JR Lukenbill,Jake Quast,Luke Bara","Dominic Trelenberg,Jack Cherry,Sebastian Blachut,Talen Pearson,Vinnie Adjahoungbeta",152,142.0,10.0,0,0,0,0,0,0,0,0,0,0,0,0,1,2,1,1,0,1,1
02:22,,2 Pointer by Elmhurst's Jack Cherry,(66-84),6512971,2025-12-02,Wis.-Whitewater,Elmhurst,2,84.0,66.0,66.0,84.0,Elmhurst,2,0,True,Jack Cherry,"Collin Madson,Isaac Verges,JR Lukenbill,Jake Quast,Luke Bara","Dominic Trelenberg,Jack Cherry,Sebastian Blachut,Talen Pearson,Vinnie Adjahoungbeta",142,119.0,23.0,2,1,1,0,0,0,0,0,0,0,0,0,0,2,1,1,0,1,1
01:59,,Jumper MISSED by Wis.-Whitewater's JR Lukenbill,,6512971,2025-12-02,Wis.-Whitewater,Elmhurst,2,,,66.0,84.0,Wis.-Whitewater,0,0,False,JR Lukenbill,"Collin Madson,Isaac Verges,JR Lukenbill,Jake Quast,Luke Bara","Dominic Trelenberg,Jack Cherry,Sebastian Blachut,Talen Pearson,Vinnie Adjahoungbeta",119,116.0,3.0,0,0,1,0,1,0,0,0,0,0,0,0,0,2,1,1,0,1,1
01:56,,Defensive rebound by Elmhurst's Elmhurst,,6512971,2025-12-02,Wis.-Whitewater,Elmhurst,2,,,66.0,84.0,Elmhurst,0,0,False,,"Collin Madson,Isaac Verges,JR Lukenbill,Jake Quast,Luke Bara","Dominic Trelenberg,Jack Cherry,Sebastian Blachut,Talen Pearson,Vinnie Adjahoungbeta",116,116.0,0.0,0,0,0,0,0,0,0,0,0,0,0,0,1,2,1,1,0,1,1
01:56,,Subbing out for Elmhurst-Talen Pearson,,6512971,2025-12-02,Wis.-Whitewater,Elmhurst,2,,,66.0,84.0,,0,0,False,Talen Pearson,"Collin Madson,Isaac Verges,JR Lukenbill,Jake Quast,Luke Bara","Dominic Trelenberg,Jack Cherry,Sebastian Blachut,Vinnie Adjahoungbeta",116,116.0,0.0,0,0,0,0,0,0,0,0,0,0,0,0,0,2,1,1,0,0,1
01:56,,Subbing in for Elmhurst-EJ Marshall,,6512971,2025-12-02,Wis.-Whitewater,Elmhurst,2,,,66.0,84.0,,0,0,False,EJ Marshall,"Collin Madson,Isaac Verges,JR Lukenbill,Jake Quast,Luke Bara","Dominic Trelenberg,EJ Marshall,Jack Cherry,Sebastian Blachut,Vinnie Adjahoungbeta",116,106.0,10.0,0,0,0,0,0,0,0,0,0,0,0,0,0,2,2,1,0,0,1
01:46,,Layup MISSED by Elmhurst's Dominic Trelenberg,,6512971,2025-12-02,Wis.-Whitewater,Elmhurst,2,,,66.0,84.0,Elmhurst,0,0,False,Dominic Trelenberg,"Collin Madson,Isaac Verges,JR Lukenbill,Jake Quast,Luke Bara","Dominic Trelenberg,EJ Marshall,Jack Cherry,Sebastian Blachut,Vinnie Adjahoungbeta",106,104.0,2.0,0,0,1,0,0,0,0,0,0,0,0,0,0,2,2,1,0,0,1
01:44,,Offensive rebound by Elmhurst's Dominic Trelenberg,,6512971,2025-12-02,Wis.-Whitewater,Elmhurst,2,,,66.0,84.0,Elmhurst,0,0,False,Dominic Trelenberg,"Collin Madson,Isaac Verges,JR Lukenbill,Jake Quast,Luke Bara","Dominic Trelenberg,EJ Marshall,Jack Cherry,Sebastian Blachut,Vinnie Adjahoungbeta",104,102.0,2.0,0,0,0,0,0,0,0,0,0,0,0,1,0,2,2,1,0,0,1
01:42,,2 Pointer by Elmhurst's Dominic Trelenberg,(68-84),6512971,2025-12-02,Wis.-Whitewater,Elmhurst,2,84.0,68.0,68.0,84.0,Elmhurst,2,0,True,Dominic Trelenberg,"Collin Madson,Isaac Verges,JR Lukenbill,Jake Quast,Luke Bara","Dominic Trelenberg,EJ Marshall,Jack Cherry,Sebastian Blachut,Vinnie Adjahoungbeta",102,102.0,0.0,2,1,1,0,0,0,0,0,0,0,0,0,0,2,2,1,0,0,1
01:42,,Elmhurst takes a [short] time out.,,6512971,2025-12-02,Wis.-Whitewater,Elmhurst,2,,,68.0,84.0,,0,0,False,,"Collin Madson,Isaac Verges,JR Lukenbill,Jake Quast,Luke Bara","Dominic Trelenberg,EJ Marshall,Jack Cherry,Sebastian Blachut,Vinnie Adjahoungbeta",102,98.0,4.0,0,0,0,0,0,0,0,0,0,0,0,0,0,2,2,1,0,0,1
01:38,,Layup by Wis.-Whitewater's JR Lukenbill,(68-86),6512971,2025-12-02,Wis.-Whitewater,Elmhurst,2,86.0,68.0,68.0,86.0,Wis.-Whitewater,0,2,True,JR Lukenbill,"Collin Madson,Isaac Verges,JR Lukenbill,Jake Quast,Luke Bara","Dominic Trelenberg,EJ Marshall,Jack Cherry,Sebastian Blachut,Vinnie Adjahoungbeta",98,98.0,0.0,2,1,1,0,0,0,0,0,0,0,0,0,0,2,2,1,0,0,1
01:38,,Assist by Wis.-Whitewater's Collin Madson,,6512971,2025-12-02,Wis.-Whitewater,Elmhurst,2,,,68.0,86.0,Wis.-Whitewater,0,0,False,Collin Madson,"Collin Madson,Isaac Verges,JR Lukenbill,Jake Quast,Luke Bara","Dominic Trelenberg,EJ Marshall,Jack Cherry,Sebastian Blachut,Vinnie Adjahoungbeta",98,74.0,24.0,0,0,0,0,0,0,0,0,0,1,0,0,0,2,2,1,0,0,1
01:14,,Slam Dunk by Elmhurst's Vinnie Adjahoungbeta,(70-86),6512971,2025-12-02,Wis.-Whitewater,Elmhurst,2,86.0,70.0,70.0,86.0,Elmhurst,2,0,True,Vinnie Adjahoungbeta,"Collin Madson,Isaac Verges,JR Lukenbill,Jake Quast,Luke Bara","Dominic Trelenberg,EJ Marshall,Jack Cherry,Sebastian Blachut,Vinnie Adjahoungbeta",74,74.0,0.0,2,1,1,0,0,0,0,0,0,0,0,0,0,2,2,1,0,0,1
01:14,,Assist by Elmhurst's Dominic Trelenberg,,6512971,2025-12-02,Wis.-Whitewater,Elmhurst,2,,,70.0,86.0,Elmhurst,0,0,False,Dominic Trelenberg,"Collin Madson,Isaac Verges,JR Lukenbill,Jake Quast,Luke Bara","Dominic Trelenberg,EJ Marshall,Jack Cherry,Sebastian Blachut,Vinnie Adjahoungbeta",74,64.0,10.0,0,0,0,0,0,0,0,0,0,1,0,0,0,2,2,1,0,0,1
01:04,,Personal Foul on Elmhurst's EJ Marshall (Isaac Verges draws the foul),,6512971,2025-12-02,Wis.-Whitewater,Elmhurst,2,,,70.0,86.0,Elmhurst,0,0,False,EJ Marshall,"Collin Madson,Isaac Verges,JR Lukenbill,Jake Quast,Luke Bara","Dominic Trelenberg,EJ Marshall,Jack Cherry,Sebastian Blachut,Vinnie Adjahoungbeta",64,64.0,0.0,0,0,0,0,0,0,0,1,0,0,0,0,0,2,2,1,0,0,1
01:04,,Subbing out for Elmhurst-EJ Marshall,,6512971,2025-12-02,Wis.-Whitewater,Elmhurst,2,,,70.0,86.0,,0,0,False,EJ Marshall,"Collin Madson,Isaac Verges,JR Lukenbill,Jake Quast,Luke Bara","Dominic Trelenberg,Jack Cherry,Sebastian Blachut,Vinnie Adjahoungbeta",64,64.0,0.0,0,0,0,0,0,0,0,0,0,0,0,0,0,2,1,1,0,0,1
01:04,,Subbing in for Elmhurst-Aidyn Boone,,6512971,2025-12-02,Wis.-Whitewater,Elmhurst,2,,,70.0,86.0,,0,0,False,Aidyn Boone,"Collin Madson,Isaac Verges,JR Lukenbill,Jake Quast,Luke Bara","Aidyn Boone,Dominic Trelenberg,Jack Cherry,Sebastian Blachut,Vinnie Adjahoungbeta",64,64.0,0.0,0,0,0,0,0,0,0,0,0,0,0,0,0,2,1,1,1,0,1
01:04,,Free Throw MISSED by Wis.-Whitewater's Isaac Verges,,6512971,2025-12-02,Wis.-Whitewater,Elmhurst,2,,,70.0,86.0,Wis.-Whitewater,0,0,False,Isaac Verges,"Collin Madson,Isaac Verges,JR Lukenbill,Jake Quast,Luke Bara","Aidyn Boone,Dominic Trelenberg,Jack Cherry,Sebastian Blachut,Vinnie Adjahoungbeta",64,62.0,2.0,0,0,0,0,0,0,1,0,0,0,0,0,0,2,1,1,1,0,1
01:02,,Defensive rebound by Elmhurst's Vinnie Adjahoungbeta,,6512971,2025-12-02,Wis.-Whitewater,Elmhurst,2,,,70.0,86.0,Elmhurst,0,0,False,Vinnie Adjahoungbeta,"Collin Madson,Isaac Verges,JR Lukenbill,Jake Quast,Luke Bara","Aidyn Boone,Dominic Trelenberg,Jack Cherry,Sebastian Blachut,Vinnie Adjahoungbeta",62,48.0,14.0,0,0,0,0,0,0,0,0,0,0,0,0,1,2,1,1,1,0,1
00:48,,Jumper MISSED by Elmhurst's Vinnie Adjahoungbeta,,6512971,2025-12-02,Wis.-Whitewater,Elmhurst,2,,,70.0,86.0,Elmhurst,0,0,False,Vinnie Adjahoungbeta,"Collin Madson,Isaac Verges,JR Lukenbill,Jake Quast,Luke Bara","Aidyn Boone,Dominic Trelenberg,Jack Cherry,Sebastian Blachut,Vinnie Adjahoungbeta",48,45.0,3.0,0,0,1,0,1,0,0,0,0,0,0,0,0,2,1,1,1,0,1
00:45,,Defensive rebound by Wis.-Whitewater's Jake Quast,,6512971,2025-12-02,Wis.-Whitewater,Elmhurst,2,,,70.0,86.0,Wis.-Whitewater,0,0,False,Jake Quast,"Collin Madson,Isaac Verges,JR Lukenbill,Jake Quast,Luke Bara","Aidyn Boone,Dominic Trelenberg,Jack Cherry,Sebastian Blachut,Vinnie Adjahoungbeta",45,21.0,24.0,0,0,0,0,0,0,0,0,0,0,0,0,1,2,1,1,1,0,1
00:21,,Layup by Wis.-Whitewater's Luke Bara,(70-88),6512971,2025-12-02,Wis.-Whitewater,Elmhurst,2,88.0,70.0,70.0,88.0,Wis.-Whitewater,0,2,True,Luke Bara,"Collin Madson,Isaac Verges,JR Lukenbill,Jake Quast,Luke Bara","Aidyn Boone,Dominic Trelenberg,Jack Cherry,Sebastian Blachut,Vinnie Adjahoungbeta",21,15.0,6.0,2,1,1,0,0,0,0,0,0,0,0,0,0,2,1,1,1,0,1
00:15,,Personal Foul on Wis.-Whitewater's Luke Bara (Vinnie Adjahoungbeta draws the foul),,6512971,2025-12-02,Wis.-Whitewater,Elmhurst,2,,,70.0,88.0,Wis.-Whitewater,0,0,False,Luke Bara,"Collin Madson,Isaac Verges,JR Lukenbill,Jake Quast,Luke Bara","Aidyn Boone,Dominic Trelenberg,Jack Cherry,Sebastian Blachut,Vinnie Adjahoungbeta",15,15.0,0.0,0,0,0,0,0,0,0,1,0,0,0,0,0,2,1,1,1,0,1
00:15,,Subbing out for Wis.-Whitewater-Luke Bara,,6512971,2025-12-02,Wis.-Whitewater,Elmhurst,2,,,70.0,88.0,,0,0,False,Luke Bara,"Collin Madson,Isaac Verges,JR Lukenbill,Jake Quast","Aidyn Boone,Dominic Trelenberg,Jack Cherry,Sebastian Blachut,Vinnie Adjahoungbeta",15,15.0,0.0,0,0,0,0,0,0,0,0,0,0,0,0,0,2,1,1,1,0,1
00:15,,Subbing in for Wis.-Whitewater-Joey Berezowitz,,6512971,2025-12-02,Wis.-Whitewater,Elmhurst,2,,,70.0,88.0,,0,0,False,Joey Berezowitz,"Collin Madson,Isaac Verges,JR Lukenbill,Jake Quast,Joey Berezowitz","Aidyn Boone,Dominic Trelenberg,Jack Cherry,Sebastian Blachut,Vinnie Adjahoungbeta",15,15.0,0.0,0,0,0,0,0,0,0,0,0,0,0,0,0,2,1,1,1,0,1
00:15,,Free Throw by Elmhurst's Vinnie Adjahoungbeta,(71-88),6512971,2025-12-02,Wis.-Whitewater,Elmhurst,2,88.0,71.0,71.0,88.0,Elmhurst,1,0,True,Vinnie Adjahoungbeta,"Collin Madson,Isaac Verges,JR Lukenbill,Jake Quast,Joey Berezowitz","Aidyn Boone,Dominic Trelenberg,Jack Cherry,Sebastian Blachut,Vinnie Adjahoungbeta",15,15.0,0.0,1,0,0,0,0,1,1,0,0,0,0,0,0,2,1,1,1,0,1
00:15,,Free Throw by Elmhurst's Vinnie Adjahoungbeta,(72-88),6512971,2025-12-02,Wis.-Whitewater,Elmhurst,2,88.0,72.0,72.0,88.0,Elmhurst,1,0,True,Vinnie Adjahoungbeta,"Collin Madson,Isaac Verges,JR Lukenbill,Jake Quast,Joey Berezowitz","Aidyn Boone,Dominic Trelenberg,Jack Cherry,Sebastian Blachut,Vinnie Adjahoungbeta",15,0.0,15.0,1,0,0,0,0,1,1,0,0,0,0,0,0,2,1,1,1,0,1
00:00,,End of 2nd Half.,,6512971,2025-12-02,Wis.-Whitewater,Elmhurst,2,,,72.0,88.0,,0,0,True,,"Collin Madson,Isaac Verges,JR Lukenbill,Jake Quast,Joey Berezowitz","Aidyn Boone,Dominic Trelenberg,Jack Cherry,Sebastian Blachut,Vinnie Adjahoungbeta",0,,0.0,0,0,0,0,0,0,0,0,0,0,0,0,0,2,1,1,1,0,1
