TIME,TEAM,PLAY,SCORE,Game,Date,TEAM_NAME,OPPONENT_NAME,HALF,TEAM_SCORE,OPPONENT_SCORE,OPPONENT_SCORE_FILLED,TEAM_SCORE_FILLED,ACTING_TEAM,OPPONENT_POINTS,TEAM_POINTS,IS_END_OF_POSSESSION,PLAYER,TEAM_ROSTER_ON_COURT,OPPONENT_ROSTER_ON_COURT,TIME_SECONDS,NEXT_TIME_SECONDS,DURATION_SECONDS,PTS,FGM,FGA,3PM,3PA,FTM,FTA,FOULS,TO,AST,STL,OREB,DREB,Driver/Shooter,Spot-Up Shooter,Rebounder,Post Scorer,Not Scouted,Driver/Slasher
20:00,,Casey Schoenecker vs Richie Warren (Lawrence gains possession),(0-0),6513263,2025-12-10,Wis.-Whitewater,Lawrence,1,0.0,0.0,0.0,0.0,,0,0,False,Casey Schoenecker,"Brock Marino,Collin Madson,Isaac Verges,Luke Bara,Richie Warren","CJ Campbell,Casey Schoenecker,Hogan Demovsky,Nathan Valentine,Nicholas Gouriotis",1200,1184.0,16.0,0,0,0,0,0,0,0,0,0,0,0,0,0,3,1,1,1,0,0
19:44,,Jumper MISSED by Lawrence's CJ Campbell,,6513263,2025-12-10,Wis.-Whitewater,Lawrence,1,,,0.0,0.0,Lawrence,0,0,False,CJ Campbell,"Brock Marino,Collin Madson,Isaac Verges,Luke Bara,Richie Warren","CJ Campbell,Casey Schoenecker,Hogan Demovsky,Nathan Valentine,Nicholas Gouriotis",1184,1178.0,6.0,0,0,1,0,1,0,0,0,0,0,0,0,0,3,1,1,1,0,0
19:38,,Offensive rebound by Lawrence's Hogan Demovsky,,6513263,2025-12-10,Wis.-Whitewater,Lawrence,1,,,0.0,0.0,Lawrence,0,0,False,Hogan Demovsky,"Brock Marino,Collin Madson,Isaac Verges,Luke Bara,Richie Warren","CJ Campbell,Casey Schoenecker,Hogan Demovsky,Nathan Valentine,Nicholas Gouriotis",1178,1178.0,0.0,0,0,0,0,0,0,0,0,0,0,0,1,0,3,1,1,1,0,0
19:38,,2 Pointer by Lawrence's Hogan Demovsky,(0-2),6513263,2025-12-10,Wis.-Whitewater,Lawrence,1,0.0,2.0,2.0,0.0,Lawrence,2,0,True,Hogan Demovsky,"Brock Marino,Collin Madson,Isaac Verges,Luke Bara,Richie Warren","CJ Campbell,Casey Schoenecker,Hogan Demovsky,Nathan Valentine,Nicholas Gouriotis",1178,1164.0,14.0,2,1,1,0,0,0,0,0,0,0,0,0,0,3,1,1,1,0,0
19:24,,Turnover by Wis.-Whitewater 's Brock Marino,,6513263,2025-12-10,Wis.-Whitewater,Lawrence,1,,,2.0,0.0,,0,0,True,Brock Marino,"Brock Marino,Collin Madson,Isaac Verges,Luke Bara,Richie Warren","CJ Campbell,Casey Schoenecker,Hogan Demovsky,Nathan Valentine,Nicholas Gouriotis",1164,1164.0,0.0,0,0,0,0,0,0,0,0,1,0,0,0,0,3,1,1,1,0,0
19:24,,Steal by Lawrence's Nicholas Gouriotis,,6513263,2025-12-10,Wis.-Whitewater,Lawrence,1,,,2.0,0.0,Lawrence,0,0,False,Nicholas Gouriotis,"Brock Marino,Collin Madson,Isaac Verges,Luke Bara,Richie Warren","CJ Campbell,Casey Schoenecker,Hogan Demovsky,Nathan Valentine,Nicholas Gouriotis",1164,1158.0,6.0,0,0,0,0,0,0,0,0,0,0,1,0,0,3,1,1,1,0,0
19:18,,Turnover by Lawrence 's Hogan Demovsky,,6513263,2025-12-10,Wis.-Whitewater,Lawrence,1,,,2.0,0.0,,0,0,True,Hogan Demovsky,"Brock Marino,Collin Madson,Isaac Verges,Luke Bara,Richie Warren","CJ Campbell,Casey Schoenecker,Hogan Demovsky,Nathan Valentine,Nicholas Gouriotis",1158,1143.0,15.0,0,0,0,0,0,0,0,0,1,0,0,0,0,3,1,1,1,0,0
19:03,,Jumper MISSED by Wis.-Whitewater's Luke Bara,,6513263,2025-12-10,Wis.-Whitewater,Lawrence,1,,,2.0,0.0,Wis.-Whitewater,0,0,False,Luke Bara,"Brock Marino,Collin Madson,Isaac Verges,Luke Bara,Richie Warren","CJ Campbell,Casey Schoenecker,Hogan Demovsky,Nathan Valentine,Nicholas Gouriotis",1143,1138.0,5.0,0,0,1,0,0,0,0,0,0,0,0,0,0,3,1,1,1,0,0
18:58,,Defensive rebound by Lawrence's Hogan Demovsky,,6513263,2025-12-10,Wis.-Whitewater,Lawrence,1,,,2.0,0.0,Lawrence,0,0,False,Hogan Demovsky,"Brock Marino,Collin Madson,Isaac Verges,Luke Bara,Richie Warren","CJ Campbell,Casey Schoenecker,Hogan Demovsky,Nathan Valentine,Nicholas Gouriotis",1138,1117.0,21.0,0,0,0,0,0,0,0,0,0,0,0,0,1,3,1,1,1,0,0
18:37,,Jumper MISSED by Lawrence's CJ Campbell,,6513263,2025-12-10,Wis.-Whitewater,Lawrence,1,,,2.0,0.0,Lawrence,0,0,False,CJ Campbell,"Brock Marino,Collin Madson,Isaac Verges,Luke Bara,Richie Warren","CJ Campbell,Casey Schoenecker,Hogan Demovsky,Nathan Valentine,Nicholas Gouriotis",1117,1113.0,4.0,0,0,1,0,1,0,0,0,0,0,0,0,0,3,1,1,1,0,0
18:33,,Wis.-Whitewater gets a rebound from a dead ball.,,6513263,2025-12-10,Wis.-Whitewater,Lawrence,1,,,2.0,0.0,,0,0,False,,"Brock Marino,Collin Madson,Isaac Verges,Luke Bara,Richie Warren","CJ Campbell,Casey Schoenecker,Hogan Demovsky,Nathan Valentine,Nicholas Gouriotis",1113,1103.0,10.0,0,0,0,0,0,0,0,0,0,0,0,0,0,3,1,1,1,0,0
18:23,,Layup by Wis.-Whitewater's Brock Marino,(2-2),6513263,2025-12-10,Wis.-Whitewater,Lawrence,1,2.0,2.0,2.0,2.0,Wis.-Whitewater,0,2,True,Brock Marino,"Brock Marino,Collin Madson,Isaac Verges,Luke Bara,Richie Warren","CJ Campbell,Casey Schoenecker,Hogan Demovsky,Nathan Valentine,Nicholas Gouriotis",1103,1103.0,0.0,2,1,1,0,0,0,0,0,0,0,0,0,0,3,1,1,1,0,0
18:23,,Assist by Wis.-Whitewater's Isaac Verges,,6513263,2025-12-10,Wis.-Whitewater,Lawrence,1,,,2.0,2.0,Wis.-Whitewater,0,0,False,Isaac Verges,"Brock Marino,Collin Madson,Isaac Verges,Luke Bara,Richie Warren","CJ Campbell,Casey Schoenecker,Hogan Demovsky,Nathan Valentine,Nicholas Gouriotis",1103,1103.0,0.0,0,0,0,0,0,0,0,0,0,1,0,0,0,3,1,1,1,0,0
18:23,,Personal Foul on Lawrence's Casey Schoenecker (Brock Marino draws the foul),,6513263,2025-12-10,Wis.-Whitewater,Lawrence,1,,,2.0,2.0,Lawrence,0,0,False,Casey Schoenecker,"Brock Marino,Collin Madson,Isaac Verges,Luke Bara,Richie Warren","CJ Campbell,Casey Schoenecker,Hogan Demovsky,Nathan Valentine,Nicholas Gouriotis",1103,1103.0,0.0,0,0,0,0,0,0,0,1,0,0,0,0,0,3,1,1,1,0,0
18:23,,Free Throw by Wis.-Whitewater's Brock Marino,(3-2),6513263,2025-12-10,Wis.-Whitewater,Lawrence,1,3.0,2.0,2.0,3.0,Wis.-Whitewater,0,1,True,Brock Marino,"Brock Marino,Collin Madson,Isaac Verges,Luke Bara,Richie Warren","CJ Campbell,Casey Schoenecker,Hogan Demovsky,Nathan Valentine,Nicholas Gouriotis",1103,1090.0,13.0,1,0,0,0,0,1,1,0,0,0,0,0,0,3,1,1,1,0,0
18:10,,Jumper MISSED by Lawrence's Hogan Demovsky,,6513263,2025-12-10,Wis.-Whitewater,Lawrence,1,,,2.0,3.0,Lawrence,0,0,False,Hogan Demovsky,"Brock Marino,Collin Madson,Isaac Verges,Luke Bara,Richie Warren","CJ Campbell,Casey Schoenecker,Hogan Demovsky,Nathan Valentine,Nicholas Gouriotis",1090,1086.0,4.0,0,0,1,0,1,0,0,0,0,0,0,0,0,3,1,1,1,0,0
18:06,,Offensive rebound by Lawrence's Casey Schoenecker,,6513263,2025-12-10,Wis.-Whitewater,Lawrence,1,,,2.0,3.0,Lawrence,0,0,False,Casey Schoenecker,"Brock Marino,Collin Madson,Isaac Verges,Luke Bara,Richie Warren","CJ Campbell,Casey Schoenecker,Hogan Demovsky,Nathan Valentine,Nicholas Gouriotis",1086,1086.0,0.0,0,0,0,0,0,0,0,0,0,0,0,1,0,3,1,1,1,0,0
18:06,,2 Pointer by Lawrence's Casey Schoenecker,(3-4),6513263,2025-12-10,Wis.-Whitewater,Lawrence,1,3.0,4.0,4.0,3.0,Lawrence,2,0,True,Casey Schoenecker,"Brock Marino,Collin Madson,Isaac Verges,Luke Bara,Richie Warren","CJ Campbell,Casey Schoenecker,Hogan Demovsky,Nathan Valentine,Nicholas Gouriotis",1086,1066.0,20.0,2,1,1,0,0,0,0,0,0,0,0,0,0,3,1,1,1,0,0
17:46,,Jumper by Wis.-Whitewater's Richie Warren,(5-4),6513263,2025-12-10,Wis.-Whitewater,Lawrence,1,5.0,4.0,4.0,5.0,Wis.-Whitewater,0,2,True,Richie Warren,"Brock Marino,Collin Madson,Isaac Verges,Luke Bara,Richie Warren","CJ Campbell,Casey Schoenecker,Hogan Demovsky,Nathan Valentine,Nicholas Gouriotis",1066,1066.0,0.0,2,1,1,0,0,0,0,0,0,0,0,0,0,3,1,1,1,0,0
17:46,,Assist by Wis.-Whitewater's Brock Marino,,6513263,2025-12-10,Wis.-Whitewater,Lawrence,1,,,4.0,5.0,Wis.-Whitewater,0,0,False,Brock Marino,"Brock Marino,Collin Madson,Isaac Verges,Luke Bara,Richie Warren","CJ Campbell,Casey Schoenecker,Hogan Demovsky,Nathan Valentine,Nicholas Gouriotis",1066,1046.0,20.0,0,0,0,0,0,0,0,0,0,1,0,0,0,3,1,1,1,0,0
17:26,,Jumper by Lawrence's Nathan Valentine,(5-7),6513263,2025-12-10,Wis.-Whitewater,Lawrence,1,5.0,7.0,7.0,5.0,Lawrence,3,0,True,Nathan Valentine,"Brock Marino,Collin Madson,Isaac Verges,Luke Bara,Richie Warren","CJ Campbell,Casey Schoenecker,Hogan Demovsky,Nathan Valentine,Nicholas Gouriotis",1046,1046.0,0.0,3,1,1,1,1,0,0,0,0,0,0,0,0,3,1,1,1,0,0
17:26,,Assist by Lawrence's CJ Campbell,,6513263,2025-12-10,Wis.-Whitewater,Lawrence,1,,,7.0,5.0,Lawrence,0,0,False,CJ Campbell,"Brock Marino,Collin Madson,Isaac Verges,Luke Bara,Richie Warren","CJ Campbell,Casey Schoenecker,Hogan Demovsky,Nathan Valentine,Nicholas Gouriotis",1046,1034.0,12.0,0,0,0,0,0,0,0,0,0,1,0,0,0,3,1,1,1,0,0
17:14,,Jumper by Wis.-Whitewater's Collin Madson,(8-7),6513263,2025-12-10,Wis.-Whitewater,Lawrence,1,8.0,7.0,7.0,8.0,Wis.-Whitewater,0,3,True,Collin Madson,"Brock Marino,Collin Madson,Isaac Verges,Luke Bara,Richie Warren","CJ Campbell,Casey Schoenecker,Hogan Demovsky,Nathan Valentine,Nicholas Gouriotis",1034,1034.0,0.0,3,1,1,1,1,0,0,0,0,0,0,0,0,3,1,1,1,0,0
17:14,,Assist by Wis.-Whitewater's Isaac Verges,,6513263,2025-12-10,Wis.-Whitewater,Lawrence,1,,,7.0,8.0,Wis.-Whitewater,0,0,False,Isaac Verges,"Brock Marino,Collin Madson,Isaac Verges,Luke Bara,Richie Warren","CJ Campbell,Casey Schoenecker,Hogan Demovsky,Nathan Valentine,Nicholas Gouriotis",1034,1016.0,18.0,0,0,0,0,0,0,0,0,0,1,0,0,0,3,1,1,1,0,0
16:56,,Turnover by Lawrence 's Nicholas Gouriotis,,6513263,2025-12-10,Wis.-Whitewater,Lawrence,1,,,7.0,8.0,,0,0,True,Nicholas Gouriotis,"Brock Marino,Collin Madson,Isaac Verges,Luke Bara,Richie Warren","CJ Campbell,Casey Schoenecker,Hogan Demovsky,Nathan Valentine,Nicholas Gouriotis",1016,996.0,20.0,0,0,0,0,0,0,0,0,1,0,0,0,0,3,1,1,1,0,0
16:36,,Layup MISSED by Wis.-Whitewater's Richie Warren,,6513263,2025-12-10,Wis.-Whitewater,Lawrence,1,,,7.0,8.0,Wis.-Whitewater,0,0,False,Richie Warren,"Brock Marino,Collin Madson,Isaac Verges,Luke Bara,Richie Warren","CJ Campbell,Casey Schoenecker,Hogan Demovsky,Nathan Valentine,Nicholas Gouriotis",996,991.0,5.0,0,0,1,0,0,0,0,0,0,0,0,0,0,3,1,1,1,0,0
16:31,,Offensive rebound by Wis.-Whitewater's Richie Warren,,6513263,2025-12-10,Wis.-Whitewater,Lawrence,1,,,7.0,8.0,Wis.-Whitewater,0,0,False,Richie Warren,"Brock Marino,Collin Madson,Isaac Verges,Luke Bara,Richie Warren","CJ Campbell,Casey Schoenecker,Hogan Demovsky,Nathan Valentine,Nicholas Gouriotis",991,991.0,0.0,0,0,0,0,0,0,0,0,0,0,0,1,0,3,1,1,1,0,0
16:31,,2 Pointer by Wis.-Whitewater's Richie Warren,(10-7),6513263,2025-12-10,Wis.-Whitewater,Lawrence,1,10.0,7.0,7.0,10.0,Wis.-Whitewater,0,2,True,Richie Warren,"Brock Marino,Collin Madson,Isaac Verges,Luke Bara,Richie Warren","CJ Campbell,Casey Schoenecker,Hogan Demovsky,Nathan Valentine,Nicholas Gouriotis",991,984.0,7.0,2,1,1,0,0,0,0,0,0,0,0,0,0,3,1,1,1,0,0
16:24,,Personal Foul on Wis.-Whitewater's Richie Warren (CJ Campbell draws the foul),,6513263,2025-12-10,Wis.-Whitewater,Lawrence,1,,,7.0,10.0,Wis.-Whitewater,0,0,False,Richie Warren,"Brock Marino,Collin Madson,Isaac Verges,Luke Bara,Richie Warren","CJ Campbell,Casey Schoenecker,Hogan Demovsky,Nathan Valentine,Nicholas Gouriotis",984,984.0,0.0,0,0,0,0,0,0,0,1,0,0,0,0,0,3,1,1,1,0,0
16:24,,Subbing out for Lawrence-Hogan Demovsky,,6513263,2025-12-10,Wis.-Whitewater,Lawrence,1,,,7.0,10.0,,0,0,False,Hogan Demovsky,"Brock Marino,Collin Madson,Isaac Verges,Luke Bara,Richie Warren","CJ Campbell,Casey Schoenecker,Nathan Valentine,Nicholas Gouriotis",984,984.0,0.0,0,0,0,0,0,0,0,0,0,0,0,0,0,3,0,1,1,0,0
16:24,,Subbing out for Lawrence-Nicholas Gouriotis,,6513263,2025-12-10,Wis.-Whitewater,Lawrence,1,,,7.0,10.0,,0,0,False,Nicholas Gouriotis,"Brock Marino,Collin Madson,Isaac Verges,Luke Bara,Richie Warren","CJ Campbell,Casey Schoenecker,Nathan Valentine",984,984.0,0.0,0,0,0,0,0,0,0,0,0,0,0,0,0,2,0,1,1,0,0
16:24,,Subbing in for Lawrence-Cameron Nash,,6513263,2025-12-10,Wis.-Whitewater,Lawrence,1,,,7.0,10.0,,0,0,False,Cameron Nash,"Brock Marino,Collin Madson,Isaac Verges,Luke Bara,Richie Warren","CJ Campbell,Cameron Nash,Casey Schoenecker,Nathan Valentine",984,984.0,0.0,0,0,0,0,0,0,0,0,0,0,0,0,0,2,0,1,1,1,0
16:24,,Subbing in for Lawrence-Nicolas Manzanera,,6513263,2025-12-10,Wis.-Whitewater,Lawrence,1,,,7.0,10.0,,0,0,False,Nicolas Manzanera,"Brock Marino,Collin Madson,Isaac Verges,Luke Bara,Richie Warren","CJ Campbell,Cameron Nash,Casey Schoenecker,Nathan Valentine,Nicolas Manzanera",984,984.0,0.0,0,0,0,0,0,0,0,0,0,0,0,0,0,2,1,1,1,1,0
16:24,,Subbing out for Wis.-Whitewater-Luke Bara,,6513263,2025-12-10,Wis.-Whitewater,Lawrence,1,,,7.0,10.0,,0,0,False,Luke Bara,"Brock Marino,Collin Madson,Isaac Verges,Richie Warren","CJ Campbell,Cameron Nash,Casey Schoenecker,Nathan Valentine,Nicolas Manzanera",984,984.0,0.0,0,0,0,0,0,0,0,0,0,0,0,0,0,2,1,1,1,1,0
16:24,,Subbing in for Wis.-Whitewater-Joey Berezowitz,,6513263,2025-12-10,Wis.-Whitewater,Lawrence,1,,,7.0,10.0,,0,0,False,Joey Berezowitz,"Brock Marino,Collin Madson,Isaac Verges,Joey Berezowitz,Richie Warren","CJ Campbell,Cameron Nash,Casey Schoenecker,Nathan Valentine,Nicolas Manzanera",984,973.0,11.0,0,0,0,0,0,0,0,0,0,0,0,0,0,2,1,1,1,1,0
16:13,,Layup MISSED by Lawrence's CJ Campbell,,6513263,2025-12-10,Wis.-Whitewater,Lawrence,1,,,7.0,10.0,Lawrence,0,0,False,CJ Campbell,"Brock Marino,Collin Madson,Isaac Verges,Joey Berezowitz,Richie Warren","CJ Campbell,Cameron Nash,Casey Schoenecker,Nathan Valentine,Nicolas Manzanera",973,973.0,0.0,0,0,1,0,0,0,0,0,0,0,0,0,0,2,1,1,1,1,0
16:13,,Block by Wis.-Whitewater's Richie Warren,,6513263,2025-12-10,Wis.-Whitewater,Lawrence,1,,,7.0,10.0,Wis.-Whitewater,0,0,False,Richie Warren,"Brock Marino,Collin Madson,Isaac Verges,Joey Berezowitz,Richie Warren","CJ Campbell,Cameron Nash,Casey Schoenecker,Nathan Valentine,Nicolas Manzanera",973,968.0,5.0,0,0,0,0,0,0,0,0,0,0,0,0,0,2,1,1,1,1,0
16:08,,Offensive rebound by Lawrence's CJ Campbell,,6513263,2025-12-10,Wis.-Whitewater,Lawrence,1,,,7.0,10.0,Lawrence,0,0,False,CJ Campbell,"Brock Marino,Collin Madson,Isaac Verges,Joey Berezowitz,Richie Warren","CJ Campbell,Cameron Nash,Casey Schoenecker,Nathan Valentine,Nicolas Manzanera",968,967.0,1.0,0,0,0,0,0,0,0,0,0,0,0,1,0,2,1,1,1,1,0
16:07,,Layup MISSED by Lawrence's CJ Campbell,,6513263,2025-12-10,Wis.-Whitewater,Lawrence,1,,,7.0,10.0,Lawrence,0,0,False,CJ Campbell,"Brock Marino,Collin Madson,Isaac Verges,Joey Berezowitz,Richie Warren","CJ Campbell,Cameron Nash,Casey Schoenecker,Nathan Valentine,Nicolas Manzanera",967,960.0,7.0,0,0,1,0,0,0,0,0,0,0,0,0,0,2,1,1,1,1,0
16:00,,Offensive rebound by Lawrence's Casey Schoenecker,,6513263,2025-12-10,Wis.-Whitewater,Lawrence,1,,,7.0,10.0,Lawrence,0,0,False,Casey Schoenecker,"Brock Marino,Collin Madson,Isaac Verges,Joey Berezowitz,Richie Warren","CJ Campbell,Cameron Nash,Casey Schoenecker,Nathan Valentine,Nicolas Manzanera",960,960.0,0.0,0,0,0,0,0,0,0,0,0,0,0,1,0,2,1,1,1,1,0
16:00,,2 Pointer MISSED by Lawrence's Casey Schoenecker,,6513263,2025-12-10,Wis.-Whitewater,Lawrence,1,,,7.0,10.0,Lawrence,0,0,False,Casey Schoenecker,"Brock Marino,Collin Madson,Isaac Verges,Joey Berezowitz,Richie Warren","CJ Campbell,Cameron Nash,Casey Schoenecker,Nathan Valentine,Nicolas Manzanera",960,957.0,3.0,0,0,0,0,0,0,0,0,0,0,0,0,0,2,1,1,1,1,0
15:57,,Defensive rebound by Wis.-Whitewater's Collin Madson,,6513263,2025-12-10,Wis.-Whitewater,Lawrence,1,,,7.0,10.0,Wis.-Whitewater,0,0,False,Collin Madson,"Brock Marino,Collin Madson,Isaac Verges,Joey Berezowitz,Richie Warren","CJ Campbell,Cameron Nash,Casey Schoenecker,Nathan Valentine,Nicolas Manzanera",957,951.0,6.0,0,0,0,0,0,0,0,0,0,0,0,0,1,2,1,1,1,1,0
15:51,,Layup by Wis.-Whitewater's Brock Marino,(12-7),6513263,2025-12-10,Wis.-Whitewater,Lawrence,1,12.0,7.0,7.0,12.0,Wis.-Whitewater,0,2,True,Brock Marino,"Brock Marino,Collin Madson,Isaac Verges,Joey Berezowitz,Richie Warren","CJ Campbell,Cameron Nash,Casey Schoenecker,Nathan Valentine,Nicolas Manzanera",951,951.0,0.0,2,1,1,0,0,0,0,0,0,0,0,0,0,2,1,1,1,1,0
15:51,,Assist by Wis.-Whitewater's Collin Madson,,6513263,2025-12-10,Wis.-Whitewater,Lawrence,1,,,7.0,12.0,Wis.-Whitewater,0,0,False,Collin Madson,"Brock Marino,Collin Madson,Isaac Verges,Joey Berezowitz,Richie Warren","CJ Campbell,Cameron Nash,Casey Schoenecker,Nathan Valentine,Nicolas Manzanera",951,947.0,4.0,0,0,0,0,0,0,0,0,0,1,0,0,0,2,1,1,1,1,0
15:47,,Subbing out for Wis.-Whitewater-Isaac Verges,,6513263,2025-12-10,Wis.-Whitewater,Lawrence,1,,,7.0,12.0,,0,0,False,Isaac Verges,"Brock Marino,Collin Madson,Joey Berezowitz,Richie Warren","CJ Campbell,Cameron Nash,Casey Schoenecker,Nathan Valentine,Nicolas Manzanera",947,947.0,0.0,0,0,0,0,0,0,0,0,0,0,0,0,0,2,1,1,1,1,0
15:47,,Subbing in for Wis.-Whitewater-Kelton McEwen,,6513263,2025-12-10,Wis.-Whitewater,Lawrence,1,,,7.0,12.0,,0,0,False,Kelton McEwen,"Brock Marino,Collin Madson,Joey Berezowitz,Kelton McEwen,Richie Warren","CJ Campbell,Cameron Nash,Casey Schoenecker,Nathan Valentine,Nicolas Manzanera",947,935.0,12.0,0,0,0,0,0,0,0,0,0,0,0,0,0,2,1,1,1,1,0
15:35,,Slam Dunk MISSED by Lawrence's CJ Campbell,,6513263,2025-12-10,Wis.-Whitewater,Lawrence,1,,,7.0,12.0,Lawrence,0,0,False,CJ Campbell,"Brock Marino,Collin Madson,Joey Berezowitz,Kelton McEwen,Richie Warren","CJ Campbell,Cameron Nash,Casey Schoenecker,Nathan Valentine,Nicolas Manzanera",935,930.0,5.0,0,0,1,0,0,0,0,0,0,0,0,0,0,2,1,1,1,1,0
15:30,,Offensive rebound by Lawrence's CJ Campbell,,6513263,2025-12-10,Wis.-Whitewater,Lawrence,1,,,7.0,12.0,Lawrence,0,0,False,CJ Campbell,"Brock Marino,Collin Madson,Joey Berezowitz,Kelton McEwen,Richie Warren","CJ Campbell,Cameron Nash,Casey Schoenecker,Nathan Valentine,Nicolas Manzanera",930,930.0,0.0,0,0,0,0,0,0,0,0,0,0,0,1,0,2,1,1,1,1,0
15:30,,2 Pointer by Lawrence's CJ Campbell,(12-9),6513263,2025-12-10,Wis.-Whitewater,Lawrence,1,12.0,9.0,9.0,12.0,Lawrence,2,0,True,CJ Campbell,"Brock Marino,Collin Madson,Joey Berezowitz,Kelton McEwen,Richie Warren","CJ Campbell,Cameron Nash,Casey Schoenecker,Nathan Valentine,Nicolas Manzanera",930,918.0,12.0,2,1,1,0,0,0,0,0,0,0,0,0,0,2,1,1,1,1,0
15:18,,Personal Foul on Lawrence's Cameron Nash (Brock Marino draws the foul),,6513263,2025-12-10,Wis.-Whitewater,Lawrence,1,,,9.0,12.0,Lawrence,0,0,False,Cameron Nash,"Brock Marino,Collin Madson,Joey Berezowitz,Kelton McEwen,Richie Warren","CJ Campbell,Cameron Nash,Casey Schoenecker,Nathan Valentine,Nicolas Manzanera",918,907.0,11.0,0,0,0,0,0,0,0,1,0,0,0,0,0,2,1,1,1,1,0
15:07,,Layup MISSED by Wis.-Whitewater's Richie Warren,,6513263,2025-12-10,Wis.-Whitewater,Lawrence,1,,,9.0,12.0,Wis.-Whitewater,0,0,False,Richie Warren,"Brock Marino,Collin Madson,Joey Berezowitz,Kelton McEwen,Richie Warren","CJ Campbell,Cameron Nash,Casey Schoenecker,Nathan Valentine,Nicolas Manzanera",907,904.0,3.0,0,0,1,0,0,0,0,0,0,0,0,0,0,2,1,1,1,1,0
15:04,,Defensive rebound by Lawrence's Casey Schoenecker,,6513263,2025-12-10,Wis.-Whitewater,Lawrence,1,,,9.0,12.0,Lawrence,0,0,False,Casey Schoenecker,"Brock Marino,Collin Madson,Joey Berezowitz,Kelton McEwen,Richie Warren","CJ Campbell,Cameron Nash,Casey Schoenecker,Nathan Valentine,Nicolas Manzanera",904,902.0,2.0,0,0,0,0,0,0,0,0,0,0,0,0,1,2,1,1,1,1,0
15:02,,Personal Foul on Wis.-Whitewater's Kelton McEwen (Cameron Nash draws the foul),,6513263,2025-12-10,Wis.-Whitewater,Lawrence,1,,,9.0,12.0,Wis.-Whitewater,0,0,False,Kelton McEwen,"Brock Marino,Collin Madson,Joey Berezowitz,Kelton McEwen,Richie Warren","CJ Campbell,Cameron Nash,Casey Schoenecker,Nathan Valentine,Nicolas Manzanera",902,902.0,0.0,0,0,0,0,0,0,0,1,0,0,0,0,0,2,1,1,1,1,0
15:02,,Free Throw MISSED by Lawrence's Cameron Nash,,6513263,2025-12-10,Wis.-Whitewater,Lawrence,1,,,9.0,12.0,Lawrence,0,0,False,Cameron Nash,"Brock Marino,Collin Madson,Joey Berezowitz,Kelton McEwen,Richie Warren","CJ Campbell,Cameron Nash,Casey Schoenecker,Nathan Valentine,Nicolas Manzanera",902,902.0,0.0,0,0,0,0,0,0,1,0,0,0,0,0,0,2,1,1,1,1,0
15:02,,Lawrence gets a rebound from a dead ball.,,6513263,2025-12-10,Wis.-Whitewater,Lawrence,1,,,9.0,12.0,,0,0,False,,"Brock Marino,Collin Madson,Joey Berezowitz,Kelton McEwen,Richie Warren","CJ Campbell,Cameron Nash,Casey Schoenecker,Nathan Valentine,Nicolas Manzanera",902,902.0,0.0,0,0,0,0,0,0,0,0,0,0,0,0,0,2,1,1,1,1,0
15:02,,Subbing out for Lawrence-CJ Campbell,,6513263,2025-12-10,Wis.-Whitewater,Lawrence,1,,,9.0,12.0,,0,0,False,CJ Campbell,"Brock Marino,Collin Madson,Joey Berezowitz,Kelton McEwen,Richie Warren","Cameron Nash,Casey Schoenecker,Nathan Valentine,Nicolas Manzanera",902,902.0,0.0,0,0,0,0,0,0,0,0,0,0,0,0,0,1,1,0,1,1,0
15:02,,Subbing in for Lawrence-Caleb Nash,,6513263,2025-12-10,Wis.-Whitewater,Lawrence,1,,,9.0,12.0,,0,0,False,Caleb Nash,"Brock Marino,Collin Madson,Joey Berezowitz,Kelton McEwen,Richie Warren","Caleb Nash,Cameron Nash,Casey Schoenecker,Nathan Valentine,Nicolas Manzanera",902,902.0,0.0,0,0,0,0,0,0,0,0,0,0,0,0,0,1,1,0,2,1,0
15:02,,Free Throw by Lawrence's Cameron Nash,(12-10),6513263,2025-12-10,Wis.-Whitewater,Lawrence,1,12.0,10.0,10.0,12.0,Lawrence,1,0,True,Cameron Nash,"Brock Marino,Collin Madson,Joey Berezowitz,Kelton McEwen,Richie Warren","Caleb Nash,Cameron Nash,Casey Schoenecker,Nathan Valentine,Nicolas Manzanera",902,889.0,13.0,1,0,0,0,0,1,1,0,0,0,0,0,0,1,1,0,2,1,0
14:49,,Turnover by Wis.-Whitewater 's Kelton McEwen,,6513263,2025-12-10,Wis.-Whitewater,Lawrence,1,,,10.0,12.0,,0,0,True,Kelton McEwen,"Brock Marino,Collin Madson,Joey Berezowitz,Kelton McEwen,Richie Warren","Caleb Nash,Cameron Nash,Casey Schoenecker,Nathan Valentine,Nicolas Manzanera",889,867.0,22.0,0,0,0,0,0,0,0,0,1,0,0,0,0,1,1,0,2,1,0
14:27,,Personal Foul on Wis.-Whitewater's Joey Berezowitz (Cameron Nash draws the foul),,6513263,2025-12-10,Wis.-Whitewater,Lawrence,1,,,10.0,12.0,Wis.-Whitewater,0,0,False,Joey Berezowitz,"Brock Marino,Collin Madson,Joey Berezowitz,Kelton McEwen,Richie Warren","Caleb Nash,Cameron Nash,Casey Schoenecker,Nathan Valentine,Nicolas Manzanera",867,867.0,0.0,0,0,0,0,0,0,0,1,0,0,0,0,0,1,1,0,2,1,0
14:27,,Subbing out for Wis.-Whitewater-Richie Warren,,6513263,2025-12-10,Wis.-Whitewater,Lawrence,1,,,10.0,12.0,,0,0,False,Richie Warren,"Brock Marino,Collin Madson,Joey Berezowitz,Kelton McEwen","Caleb Nash,Cameron Nash,Casey Schoenecker,Nathan Valentine,Nicolas Manzanera",867,867.0,0.0,0,0,0,0,0,0,0,0,0,0,0,0,0,1,1,0,2,1,0
14:27,,Subbing in for Wis.-Whitewater-Jake Quast,,6513263,2025-12-10,Wis.-Whitewater,Lawrence,1,,,10.0,12.0,,0,0,False,Jake Quast,"Brock Marino,Collin Madson,Jake Quast,Joey Berezowitz,Kelton McEwen","Caleb Nash,Cameron Nash,Casey Schoenecker,Nathan Valentine,Nicolas Manzanera",867,867.0,0.0,0,0,0,0,0,0,0,0,0,0,0,0,0,1,1,0,2,1,0
14:27,,Jumper by Lawrence's Cameron Nash,(12-13),6513263,2025-12-10,Wis.-Whitewater,Lawrence,1,12.0,13.0,13.0,12.0,Lawrence,3,0,True,Cameron Nash,"Brock Marino,Collin Madson,Jake Quast,Joey Berezowitz,Kelton McEwen","Caleb Nash,Cameron Nash,Casey Schoenecker,Nathan Valentine,Nicolas Manzanera",867,867.0,0.0,3,1,1,1,1,0,0,0,0,0,0,0,0,1,1,0,2,1,0
14:27,,Assist by Lawrence's Caleb Nash,,6513263,2025-12-10,Wis.-Whitewater,Lawrence,1,,,13.0,12.0,Lawrence,0,0,False,Caleb Nash,"Brock Marino,Collin Madson,Jake Quast,Joey Berezowitz,Kelton McEwen","Caleb Nash,Cameron Nash,Casey Schoenecker,Nathan Valentine,Nicolas Manzanera",867,836.0,31.0,0,0,0,0,0,0,0,0,0,1,0,0,0,1,1,0,2,1,0
13:56,,Layup MISSED by Wis.-Whitewater's Brock Marino,,6513263,2025-12-10,Wis.-Whitewater,Lawrence,1,,,13.0,12.0,Wis.-Whitewater,0,0,False,Brock Marino,"Brock Marino,Collin Madson,Jake Quast,Joey Berezowitz,Kelton McEwen","Caleb Nash,Cameron Nash,Casey Schoenecker,Nathan Valentine,Nicolas Manzanera",836,834.0,2.0,0,0,1,0,0,0,0,0,0,0,0,0,0,1,1,0,2,1,0
13:54,,Offensive rebound by Wis.-Whitewater's Collin Madson,,6513263,2025-12-10,Wis.-Whitewater,Lawrence,1,,,13.0,12.0,Wis.-Whitewater,0,0,False,Collin Madson,"Brock Marino,Collin Madson,Jake Quast,Joey Berezowitz,Kelton McEwen","Caleb Nash,Cameron Nash,Casey Schoenecker,Nathan Valentine,Nicolas Manzanera",834,828.0,6.0,0,0,0,0,0,0,0,0,0,0,0,1,0,1,1,0,2,1,0
13:48,,Jumper by Wis.-Whitewater's Collin Madson,(15-13),6513263,2025-12-10,Wis.-Whitewater,Lawrence,1,15.0,13.0,13.0,15.0,Wis.-Whitewater,0,3,True,Collin Madson,"Brock Marino,Collin Madson,Jake Quast,Joey Berezowitz,Kelton McEwen","Caleb Nash,Cameron Nash,Casey Schoenecker,Nathan Valentine,Nicolas Manzanera",828,809.0,19.0,3,1,1,1,1,0,0,0,0,0,0,0,0,1,1,0,2,1,0
13:29,,Jumper MISSED by Lawrence's Caleb Nash,,6513263,2025-12-10,Wis.-Whitewater,Lawrence,1,,,13.0,15.0,Lawrence,0,0,False,Caleb Nash,"Brock Marino,Collin Madson,Jake Quast,Joey Berezowitz,Kelton McEwen","Caleb Nash,Cameron Nash,Casey Schoenecker,Nathan Valentine,Nicolas Manzanera",809,805.0,4.0,0,0,1,0,1,0,0,0,0,0,0,0,0,1,1,0,2,1,0
13:25,,Defensive rebound by Wis.-Whitewater's Collin Madson,,6513263,2025-12-10,Wis.-Whitewater,Lawrence,1,,,13.0,15.0,Wis.-Whitewater,0,0,False,Collin Madson,"Brock Marino,Collin Madson,Jake Quast,Joey Berezowitz,Kelton McEwen","Caleb Nash,Cameron Nash,Casey Schoenecker,Nathan Valentine,Nicolas Manzanera",805,798.0,7.0,0,0,0,0,0,0,0,0,0,0,0,0,1,1,1,0,2,1,0
13:18,,Personal Foul on Lawrence's Nicolas Manzanera (Kelton McEwen draws the foul),,6513263,2025-12-10,Wis.-Whitewater,Lawrence,1,,,13.0,15.0,Lawrence,0,0,False,Nicolas Manzanera,"Brock Marino,Collin Madson,Jake Quast,Joey Berezowitz,Kelton McEwen","Caleb Nash,Cameron Nash,Casey Schoenecker,Nathan Valentine,Nicolas Manzanera",798,798.0,0.0,0,0,0,0,0,0,0,1,0,0,0,0,0,1,1,0,2,1,0
13:18,,Subbing out for Lawrence-Nathan Valentine,,6513263,2025-12-10,Wis.-Whitewater,Lawrence,1,,,13.0,15.0,,0,0,False,Nathan Valentine,"Brock Marino,Collin Madson,Jake Quast,Joey Berezowitz,Kelton McEwen","Caleb Nash,Cameron Nash,Casey Schoenecker,Nicolas Manzanera",798,798.0,0.0,0,0,0,0,0,0,0,0,0,0,0,0,0,0,1,0,2,1,0
13:18,,Subbing out for Lawrence-Casey Schoenecker,,6513263,2025-12-10,Wis.-Whitewater,Lawrence,1,,,13.0,15.0,,0,0,False,Casey Schoenecker,"Brock Marino,Collin Madson,Jake Quast,Joey Berezowitz,Kelton McEwen","Caleb Nash,Cameron Nash,Nicolas Manzanera",798,798.0,0.0,0,0,0,0,0,0,0,0,0,0,0,0,0,0,1,0,1,1,0
13:18,,Subbing in for Lawrence-Nolan Koch,,6513263,2025-12-10,Wis.-Whitewater,Lawrence,1,,,13.0,15.0,,0,0,False,Nolan Koch,"Brock Marino,Collin Madson,Jake Quast,Joey Berezowitz,Kelton McEwen","Caleb Nash,Cameron Nash,Nicolas Manzanera,Nolan Koch",798,798.0,0.0,0,0,0,0,0,0,0,0,0,0,0,0,0,0,1,0,2,1,0
13:18,,Subbing in for Lawrence-Nicholas Gouriotis,,6513263,2025-12-10,Wis.-Whitewater,Lawrence,1,,,13.0,15.0,,0,0,False,Nicholas Gouriotis,"Brock Marino,Collin Madson,Jake Quast,Joey Berezowitz,Kelton McEwen","Caleb Nash,Cameron Nash,Nicholas Gouriotis,Nicolas Manzanera,Nolan Koch",798,798.0,0.0,0,0,0,0,0,0,0,0,0,0,0,0,0,1,1,0,2,1,0
13:18,,Subbing out for Wis.-Whitewater-Brock Marino,,6513263,2025-12-10,Wis.-Whitewater,Lawrence,1,,,13.0,15.0,,0,0,False,Brock Marino,"Collin Madson,Jake Quast,Joey Berezowitz,Kelton McEwen","Caleb Nash,Cameron Nash,Nicholas Gouriotis,Nicolas Manzanera,Nolan Koch",798,798.0,0.0,0,0,0,0,0,0,0,0,0,0,0,0,0,1,1,0,2,1,0
13:18,,Subbing in for Wis.-Whitewater-Richie Warren,,6513263,2025-12-10,Wis.-Whitewater,Lawrence,1,,,13.0,15.0,,0,0,False,Richie Warren,"Collin Madson,Jake Quast,Joey Berezowitz,Kelton McEwen,Richie Warren","Caleb Nash,Cameron Nash,Nicholas Gouriotis,Nicolas Manzanera,Nolan Koch",798,787.0,11.0,0,0,0,0,0,0,0,0,0,0,0,0,0,1,1,0,2,1,0
13:07,,Layup by Wis.-Whitewater's Collin Madson,(17-13),6513263,2025-12-10,Wis.-Whitewater,Lawrence,1,17.0,13.0,13.0,17.0,Wis.-Whitewater,0,2,True,Collin Madson,"Collin Madson,Jake Quast,Joey Berezowitz,Kelton McEwen,Richie Warren","Caleb Nash,Cameron Nash,Nicholas Gouriotis,Nicolas Manzanera,Nolan Koch",787,767.0,20.0,2,1,1,0,0,0,0,0,0,0,0,0,0,1,1,0,2,1,0
12:47,,Turnover by Lawrence 's Nicholas Gouriotis,,6513263,2025-12-10,Wis.-Whitewater,Lawrence,1,,,13.0,17.0,,0,0,True,Nicholas Gouriotis,"Collin Madson,Jake Quast,Joey Berezowitz,Kelton McEwen,Richie Warren","Caleb Nash,Cameron Nash,Nicholas Gouriotis,Nicolas Manzanera,Nolan Koch",767,767.0,0.0,0,0,0,0,0,0,0,0,1,0,0,0,0,1,1,0,2,1,0
12:47,,Steal by Wis.-Whitewater's Jake Quast,,6513263,2025-12-10,Wis.-Whitewater,Lawrence,1,,,13.0,17.0,Wis.-Whitewater,0,0,False,Jake Quast,"Collin Madson,Jake Quast,Joey Berezowitz,Kelton McEwen,Richie Warren","Caleb Nash,Cameron Nash,Nicholas Gouriotis,Nicolas Manzanera,Nolan Koch",767,761.0,6.0,0,0,0,0,0,0,0,0,0,0,1,0,0,1,1,0,2,1,0
12:41,,Jumper MISSED by Wis.-Whitewater's Kelton McEwen,,6513263,2025-12-10,Wis.-Whitewater,Lawrence,1,,,13.0,17.0,Wis.-Whitewater,0,0,False,Kelton McEwen,"Collin Madson,Jake Quast,Joey Berezowitz,Kelton McEwen,Richie Warren","Caleb Nash,Cameron Nash,Nicholas Gouriotis,Nicolas Manzanera,Nolan Koch",761,758.0,3.0,0,0,1,0,1,0,0,0,0,0,0,0,0,1,1,0,2,1,0
12:38,,Defensive rebound by Lawrence's Caleb Nash,,6513263,2025-12-10,Wis.-Whitewater,Lawrence,1,,,13.0,17.0,Lawrence,0,0,False,Caleb Nash,"Collin Madson,Jake Quast,Joey Berezowitz,Kelton McEwen,Richie Warren","Caleb Nash,Cameron Nash,Nicholas Gouriotis,Nicolas Manzanera,Nolan Koch",758,756.0,2.0,0,0,0,0,0,0,0,0,0,0,0,0,1,1,1,0,2,1,0
12:36,,Subbing out for Wis.-Whitewater-Richie Warren,(47-27),6513263,2025-12-10,Wis.-Whitewater,Lawrence,1,47.0,27.0,27.0,47.0,,14,30,True,Richie Warren,"Collin Madson,Jake Quast,Joey Berezowitz,Kelton McEwen","Caleb Nash,Cameron Nash,Nicholas Gouriotis,Nicolas Manzanera,Nolan Koch",756,756.0,0.0,30,0,0,0,0,0,0,0,0,0,0,0,0,1,1,0,2,1,0
12:36,,Subbing in for Wis.-Whitewater-Rashad Rogers,,6513263,2025-12-10,Wis.-Whitewater,Lawrence,1,,,27.0,47.0,,0,0,False,Rashad Rogers,"Collin Madson,Jake Quast,Joey Berezowitz,Kelton McEwen,Rashad Rogers","Caleb Nash,Cameron Nash,Nicholas Gouriotis,Nicolas Manzanera,Nolan Koch",756,752.0,4.0,0,0,0,0,0,0,0,0,0,0,0,0,0,1,1,0,2,1,0
12:32,,Subbing out for Wis.-Whitewater-Richie Warren,,6513263,2025-12-10,Wis.-Whitewater,Lawrence,1,,,27.0,47.0,,0,0,False,Richie Warren,"Collin Madson,Jake Quast,Joey Berezowitz,Kelton McEwen,Rashad Rogers","Caleb Nash,Cameron Nash,Nicholas Gouriotis,Nicolas Manzanera,Nolan Koch",752,752.0,0.0,0,0,0,0,0,0,0,0,0,0,0,0,0,1,1,0,2,1,0
12:32,,Subbing in for Wis.-Whitewater-Rashad Rogers,,6513263,2025-12-10,Wis.-Whitewater,Lawrence,1,,,27.0,47.0,,0,0,False,Rashad Rogers,"Collin Madson,Jake Quast,Joey Berezowitz,Kelton McEwen,Rashad Rogers","Caleb Nash,Cameron Nash,Nicholas Gouriotis,Nicolas Manzanera,Nolan Koch",752,752.0,0.0,0,0,0,0,0,0,0,0,0,0,0,0,0,1,1,0,2,1,0
12:32,,Subbing out for Wis.-Whitewater-Richie Warren,(47-27),6513263,2025-12-10,Wis.-Whitewater,Lawrence,1,47.0,27.0,27.0,47.0,,0,0,False,Richie Warren,"Collin Madson,Jake Quast,Joey Berezowitz,Kelton McEwen,Rashad Rogers","Caleb Nash,Cameron Nash,Nicholas Gouriotis,Nicolas Manzanera,Nolan Koch",752,752.0,0.0,0,0,0,0,0,0,0,0,0,0,0,0,0,1,1,0,2,1,0
12:32,,Subbing in for Wis.-Whitewater-Rashad Rogers,,6513263,2025-12-10,Wis.-Whitewater,Lawrence,1,,,27.0,47.0,,0,0,False,Rashad Rogers,"Collin Madson,Jake Quast,Joey Berezowitz,Kelton McEwen,Rashad Rogers","Caleb Nash,Cameron Nash,Nicholas Gouriotis,Nicolas Manzanera,Nolan Koch",752,752.0,0.0,0,0,0,0,0,0,0,0,0,0,0,0,0,1,1,0,2,1,0
12:32,,Turnover by Lawrence 's Nicolas Manzanera,,6513263,2025-12-10,Wis.-Whitewater,Lawrence,1,,,27.0,47.0,,0,0,True,Nicolas Manzanera,"Collin Madson,Jake Quast,Joey Berezowitz,Kelton McEwen,Rashad Rogers","Caleb Nash,Cameron Nash,Nicholas Gouriotis,Nicolas Manzanera,Nolan Koch",752,752.0,0.0,0,0,0,0,0,0,0,0,1,0,0,0,0,1,1,0,2,1,0
12:32,,Steal by Wis.-Whitewater's Rashad Rogers,,6513263,2025-12-10,Wis.-Whitewater,Lawrence,1,,,27.0,47.0,Wis.-Whitewater,0,0,False,Rashad Rogers,"Collin Madson,Jake Quast,Joey Berezowitz,Kelton McEwen,Rashad Rogers","Caleb Nash,Cameron Nash,Nicholas Gouriotis,Nicolas Manzanera,Nolan Koch",752,745.0,7.0,0,0,0,0,0,0,0,0,0,0,1,0,0,1,1,0,2,1,0
12:25,,Layup by Wis.-Whitewater's Collin Madson,(19-13),6513263,2025-12-10,Wis.-Whitewater,Lawrence,1,19.0,13.0,13.0,19.0,Wis.-Whitewater,-14,-28,False,Collin Madson,"Collin Madson,Jake Quast,Joey Berezowitz,Kelton McEwen,Rashad Rogers","Caleb Nash,Cameron Nash,Nicholas Gouriotis,Nicolas Manzanera,Nolan Koch",745,745.0,0.0,0,0,0,0,0,0,0,0,0,0,0,0,0,1,1,0,2,1,0
12:25,,Subbing out for Lawrence-Caleb Nash,,6513263,2025-12-10,Wis.-Whitewater,Lawrence,1,,,13.0,19.0,,0,0,False,Caleb Nash,"Collin Madson,Jake Quast,Joey Berezowitz,Kelton McEwen,Rashad Rogers","Cameron Nash,Nicholas Gouriotis,Nicolas Manzanera,Nolan Koch",745,745.0,0.0,0,0,0,0,0,0,0,0,0,0,0,0,0,1,1,0,1,1,0
12:25,,Subbing out for Lawrence-Cameron Nash,,6513263,2025-12-10,Wis.-Whitewater,Lawrence,1,,,13.0,19.0,,0,0,False,Cameron Nash,"Collin Madson,Jake Quast,Joey Berezowitz,Kelton McEwen,Rashad Rogers","Nicholas Gouriotis,Nicolas Manzanera,Nolan Koch",745,745.0,0.0,0,0,0,0,0,0,0,0,0,0,0,0,0,1,1,0,1,0,0
12:25,,Subbing out for Lawrence-Nicolas Manzanera,,6513263,2025-12-10,Wis.-Whitewater,Lawrence,1,,,13.0,19.0,,0,0,False,Nicolas Manzanera,"Collin Madson,Jake Quast,Joey Berezowitz,Kelton McEwen,Rashad Rogers","Nicholas Gouriotis,Nolan Koch",745,745.0,0.0,0,0,0,0,0,0,0,0,0,0,0,0,0,1,0,0,1,0,0
12:25,,Subbing in for Lawrence-Hogan Demovsky,,6513263,2025-12-10,Wis.-Whitewater,Lawrence,1,,,13.0,19.0,,0,0,False,Hogan Demovsky,"Collin Madson,Jake Quast,Joey Berezowitz,Kelton McEwen,Rashad Rogers","Hogan Demovsky,Nicholas Gouriotis,Nolan Koch",745,745.0,0.0,0,0,0,0,0,0,0,0,0,0,0,0,0,1,1,0,1,0,0
12:25,,Subbing in for Lawrence-Jackson Weber,,6513263,2025-12-10,Wis.-Whitewater,Lawrence,1,,,13.0,19.0,,0,0,False,Jackson Weber,"Collin Madson,Jake Quast,Joey Berezowitz,Kelton McEwen,Rashad Rogers","Hogan Demovsky,Jackson Weber,Nicholas Gouriotis,Nolan Koch",745,745.0,0.0,0,0,0,0,0,0,0,0,0,0,0,0,0,1,1,0,1,1,0
12:25,,Subbing in for Lawrence-CJ Campbell,,6513263,2025-12-10,Wis.-Whitewater,Lawrence,1,,,13.0,19.0,,0,0,False,CJ Campbell,"Collin Madson,Jake Quast,Joey Berezowitz,Kelton McEwen,Rashad Rogers","CJ Campbell,Hogan Demovsky,Jackson Weber,Nicholas Gouriotis,Nolan Koch",745,745.0,0.0,0,0,0,0,0,0,0,0,0,0,0,0,0,2,1,1,1,1,0
12:25,,Turnover by Lawrence 's Hogan Demovsky,,6513263,2025-12-10,Wis.-Whitewater,Lawrence,1,,,13.0,19.0,,0,0,True,Hogan Demovsky,"Collin Madson,Jake Quast,Joey Berezowitz,Kelton McEwen,Rashad Rogers","CJ Campbell,Hogan Demovsky,Jackson Weber,Nicholas Gouriotis,Nolan Koch",745,745.0,0.0,0,0,0,0,0,0,0,0,1,0,0,0,0,2,1,1,1,1,0
12:25,,Steal by Wis.-Whitewater's Jake Quast,,6513263,2025-12-10,Wis.-Whitewater,Lawrence,1,,,13.0,19.0,Wis.-Whitewater,0,0,False,Jake Quast,"Collin Madson,Jake Quast,Joey Berezowitz,Kelton McEwen,Rashad Rogers","CJ Campbell,Hogan Demovsky,Jackson Weber,Nicholas Gouriotis,Nolan Koch",745,745.0,0.0,0,0,0,0,0,0,0,0,0,0,1,0,0,2,1,1,1,1,0
12:25,,Jumper MISSED by Wis.-Whitewater's Collin Madson,,6513263,2025-12-10,Wis.-Whitewater,Lawrence,1,,,13.0,19.0,Wis.-Whitewater,0,0,False,Collin Madson,"Collin Madson,Jake Quast,Joey Berezowitz,Kelton McEwen,Rashad Rogers","CJ Campbell,Hogan Demovsky,Jackson Weber,Nicholas Gouriotis,Nolan Koch",745,745.0,0.0,0,0,1,0,0,0,0,0,0,0,0,0,0,2,1,1,1,1,0
12:25,,Defensive rebound by Lawrence's CJ Campbell,,6513263,2025-12-10,Wis.-Whitewater,Lawrence,1,,,13.0,19.0,Lawrence,0,0,False,CJ Campbell,"Collin Madson,Jake Quast,Joey Berezowitz,Kelton McEwen,Rashad Rogers","CJ Campbell,Hogan Demovsky,Jackson Weber,Nicholas Gouriotis,Nolan Koch",745,724.0,21.0,0,0,0,0,0,0,0,0,0,0,0,0,1,2,1,1,1,1,0
12:04,,Layup MISSED by Lawrence's Hogan Demovsky,,6513263,2025-12-10,Wis.-Whitewater,Lawrence,1,,,13.0,19.0,Lawrence,0,0,False,Hogan Demovsky,"Collin Madson,Jake Quast,Joey Berezowitz,Kelton McEwen,Rashad Rogers","CJ Campbell,Hogan Demovsky,Jackson Weber,Nicholas Gouriotis,Nolan Koch",724,721.0,3.0,0,0,1,0,0,0,0,0,0,0,0,0,0,2,1,1,1,1,0
12:01,,Defensive rebound by Wis.-Whitewater's Rashad Rogers,,6513263,2025-12-10,Wis.-Whitewater,Lawrence,1,,,13.0,19.0,Wis.-Whitewater,0,0,False,Rashad Rogers,"Collin Madson,Jake Quast,Joey Berezowitz,Kelton McEwen,Rashad Rogers","CJ Campbell,Hogan Demovsky,Jackson Weber,Nicholas Gouriotis,Nolan Koch",721,720.0,1.0,0,0,0,0,0,0,0,0,0,0,0,0,1,2,1,1,1,1,0
12:00,,Jumper MISSED by Wis.-Whitewater's Joey Berezowitz,,6513263,2025-12-10,Wis.-Whitewater,Lawrence,1,,,13.0,19.0,Wis.-Whitewater,0,0,False,Joey Berezowitz,"Collin Madson,Jake Quast,Joey Berezowitz,Kelton McEwen,Rashad Rogers","CJ Campbell,Hogan Demovsky,Jackson Weber,Nicholas Gouriotis,Nolan Koch",720,720.0,0.0,0,0,1,0,1,0,0,0,0,0,0,0,0,2,1,1,1,1,0
12:00,,Lawrence gets a rebound from a dead ball.,,6513263,2025-12-10,Wis.-Whitewater,Lawrence,1,,,13.0,19.0,,0,0,False,,"Collin Madson,Jake Quast,Joey Berezowitz,Kelton McEwen,Rashad Rogers","CJ Campbell,Hogan Demovsky,Jackson Weber,Nicholas Gouriotis,Nolan Koch",720,720.0,0.0,0,0,0,0,0,0,0,0,0,0,0,0,0,2,1,1,1,1,0
12:00,,Lawrence takes a [short] time out.,,6513263,2025-12-10,Wis.-Whitewater,Lawrence,1,,,13.0,19.0,,0,0,False,,"Collin Madson,Jake Quast,Joey Berezowitz,Kelton McEwen,Rashad Rogers","CJ Campbell,Hogan Demovsky,Jackson Weber,Nicholas Gouriotis,Nolan Koch",720,720.0,0.0,0,0,0,0,0,0,0,0,0,0,0,0,0,2,1,1,1,1,0
12:00,,Subbing out for Lawrence-Caleb Nash,(47-27),6513263,2025-12-10,Wis.-Whitewater,Lawrence,1,47.0,27.0,27.0,47.0,,14,28,True,Caleb Nash,"Collin Madson,Jake Quast,Joey Berezowitz,Kelton McEwen,Rashad Rogers","CJ Campbell,Hogan Demovsky,Jackson Weber,Nicholas Gouriotis,Nolan Koch",720,720.0,0.0,28,0,0,0,0,0,0,0,0,0,0,0,0,2,1,1,1,1,0
12:00,,Subbing out for Lawrence-Cameron Nash,,6513263,2025-12-10,Wis.-Whitewater,Lawrence,1,,,27.0,47.0,,0,0,False,Cameron Nash,"Collin Madson,Jake Quast,Joey Berezowitz,Kelton McEwen,Rashad Rogers","CJ Campbell,Hogan Demovsky,Jackson Weber,Nicholas Gouriotis,Nolan Koch",720,720.0,0.0,0,0,0,0,0,0,0,0,0,0,0,0,0,2,1,1,1,1,0
12:00,,Subbing out for Lawrence-Nicolas Manzanera,,6513263,2025-12-10,Wis.-Whitewater,Lawrence,1,,,27.0,47.0,,0,0,False,Nicolas Manzanera,"Collin Madson,Jake Quast,Joey Berezowitz,Kelton McEwen,Rashad Rogers","CJ Campbell,Hogan Demovsky,Jackson Weber,Nicholas Gouriotis,Nolan Koch",720,720.0,0.0,0,0,0,0,0,0,0,0,0,0,0,0,0,2,1,1,1,1,0
12:00,,Subbing in for Lawrence-Hogan Demovsky,,6513263,2025-12-10,Wis.-Whitewater,Lawrence,1,,,27.0,47.0,,0,0,False,Hogan Demovsky,"Collin Madson,Jake Quast,Joey Berezowitz,Kelton McEwen,Rashad Rogers","CJ Campbell,Hogan Demovsky,Jackson Weber,Nicholas Gouriotis,Nolan Koch",720,720.0,0.0,0,0,0,0,0,0,0,0,0,0,0,0,0,2,1,1,1,1,0
12:00,,Subbing in for Lawrence-Jackson Weber,,6513263,2025-12-10,Wis.-Whitewater,Lawrence,1,,,27.0,47.0,,0,0,False,Jackson Weber,"Collin Madson,Jake Quast,Joey Berezowitz,Kelton McEwen,Rashad Rogers","CJ Campbell,Hogan Demovsky,Jackson Weber,Nicholas Gouriotis,Nolan Koch",720,720.0,0.0,0,0,0,0,0,0,0,0,0,0,0,0,0,2,1,1,1,1,0
12:00,,Subbing in for Lawrence-CJ Campbell,,6513263,2025-12-10,Wis.-Whitewater,Lawrence,1,,,27.0,47.0,,0,0,False,CJ Campbell,"Collin Madson,Jake Quast,Joey Berezowitz,Kelton McEwen,Rashad Rogers","CJ Campbell,Hogan Demovsky,Jackson Weber,Nicholas Gouriotis,Nolan Koch",720,703.0,17.0,0,0,0,0,0,0,0,0,0,0,0,0,0,2,1,1,1,1,0
11:43,,Layup by Lawrence's Nolan Koch,,6513263,2025-12-10,Wis.-Whitewater,Lawrence,1,,,27.0,47.0,Lawrence,0,0,False,Nolan Koch,"Collin Madson,Jake Quast,Joey Berezowitz,Kelton McEwen,Rashad Rogers","CJ Campbell,Hogan Demovsky,Jackson Weber,Nicholas Gouriotis,Nolan Koch",703,684.0,19.0,0,0,0,0,0,0,0,0,0,0,0,0,0,2,1,1,1,1,0
11:24,,Subbing out for Wis.-Whitewater-Richie Warren,(47-27),6513263,2025-12-10,Wis.-Whitewater,Lawrence,1,47.0,27.0,27.0,47.0,,0,0,False,Richie Warren,"Collin Madson,Jake Quast,Joey Berezowitz,Kelton McEwen,Rashad Rogers","CJ Campbell,Hogan Demovsky,Jackson Weber,Nicholas Gouriotis,Nolan Koch",684,684.0,0.0,0,0,0,0,0,0,0,0,0,0,0,0,0,2,1,1,1,1,0
11:24,,Subbing in for Wis.-Whitewater-Rashad Rogers,,6513263,2025-12-10,Wis.-Whitewater,Lawrence,1,,,27.0,47.0,,0,0,False,Rashad Rogers,"Collin Madson,Jake Quast,Joey Berezowitz,Kelton McEwen,Rashad Rogers","CJ Campbell,Hogan Demovsky,Jackson Weber,Nicholas Gouriotis,Nolan Koch",684,676.0,8.0,0,0,0,0,0,0,0,0,0,0,0,0,0,2,1,1,1,1,0
11:16,,Personal Foul on Lawrence's Hogan Demovsky (Rashad Rogers draws the foul),,6513263,2025-12-10,Wis.-Whitewater,Lawrence,1,,,27.0,47.0,Lawrence,0,0,False,Hogan Demovsky,"Collin Madson,Jake Quast,Joey Berezowitz,Kelton McEwen,Rashad Rogers","CJ Campbell,Hogan Demovsky,Jackson Weber,Nicholas Gouriotis,Nolan Koch",676,668.0,8.0,0,0,0,0,0,0,0,1,0,0,0,0,0,2,1,1,1,1,0
11:08,,Turnover by Wis.-Whitewater 's Kelton McEwen,,6513263,2025-12-10,Wis.-Whitewater,Lawrence,1,,,27.0,47.0,,0,0,True,Kelton McEwen,"Collin Madson,Jake Quast,Joey Berezowitz,Kelton McEwen,Rashad Rogers","CJ Campbell,Hogan Demovsky,Jackson Weber,Nicholas Gouriotis,Nolan Koch",668,668.0,0.0,0,0,0,0,0,0,0,0,1,0,0,0,0,2,1,1,1,1,0
11:08,,Steal by Lawrence's Nolan Koch,,6513263,2025-12-10,Wis.-Whitewater,Lawrence,1,,,27.0,47.0,Lawrence,0,0,False,Nolan Koch,"Collin Madson,Jake Quast,Joey Berezowitz,Kelton McEwen,Rashad Rogers","CJ Campbell,Hogan Demovsky,Jackson Weber,Nicholas Gouriotis,Nolan Koch",668,650.0,18.0,0,0,0,0,0,0,0,0,0,0,1,0,0,2,1,1,1,1,0
10:50,,Layup MISSED by Lawrence's CJ Campbell,,6513263,2025-12-10,Wis.-Whitewater,Lawrence,1,,,27.0,47.0,Lawrence,0,0,False,CJ Campbell,"Collin Madson,Jake Quast,Joey Berezowitz,Kelton McEwen,Rashad Rogers","CJ Campbell,Hogan Demovsky,Jackson Weber,Nicholas Gouriotis,Nolan Koch",650,646.0,4.0,0,0,1,0,0,0,0,0,0,0,0,0,0,2,1,1,1,1,0
10:46,,Defensive rebound by Wis.-Whitewater's Jake Quast,,6513263,2025-12-10,Wis.-Whitewater,Lawrence,1,,,27.0,47.0,Wis.-Whitewater,0,0,False,Jake Quast,"Collin Madson,Jake Quast,Joey Berezowitz,Kelton McEwen,Rashad Rogers","CJ Campbell,Hogan Demovsky,Jackson Weber,Nicholas Gouriotis,Nolan Koch",646,636.0,10.0,0,0,0,0,0,0,0,0,0,0,0,0,1,2,1,1,1,1,0
10:36,,Jumper by Wis.-Whitewater's Kelton McEwen,(22-15),6513263,2025-12-10,Wis.-Whitewater,Lawrence,1,22.0,15.0,15.0,22.0,Wis.-Whitewater,-12,-25,False,Kelton McEwen,"Collin Madson,Jake Quast,Joey Berezowitz,Kelton McEwen,Rashad Rogers","CJ Campbell,Hogan Demovsky,Jackson Weber,Nicholas Gouriotis,Nolan Koch",636,636.0,0.0,0,0,0,0,0,0,0,0,0,0,0,0,0,2,1,1,1,1,0
10:36,,Assist by Wis.-Whitewater's Joey Berezowitz,,6513263,2025-12-10,Wis.-Whitewater,Lawrence,1,,,15.0,22.0,Wis.-Whitewater,0,0,False,Joey Berezowitz,"Collin Madson,Jake Quast,Joey Berezowitz,Kelton McEwen,Rashad Rogers","CJ Campbell,Hogan Demovsky,Jackson Weber,Nicholas Gouriotis,Nolan Koch",636,618.0,18.0,0,0,0,0,0,0,0,0,0,1,0,0,0,2,1,1,1,1,0
10:18,,Personal Foul on Wis.-Whitewater's Kelton McEwen (Nicholas Gouriotis draws the foul),,6513263,2025-12-10,Wis.-Whitewater,Lawrence,1,,,15.0,22.0,Wis.-Whitewater,0,0,False,Kelton McEwen,"Collin Madson,Jake Quast,Joey Berezowitz,Kelton McEwen,Rashad Rogers","CJ Campbell,Hogan Demovsky,Jackson Weber,Nicholas Gouriotis,Nolan Koch",618,618.0,0.0,0,0,0,0,0,0,0,1,0,0,0,0,0,2,1,1,1,1,0
10:18,,Subbing out for Lawrence-Jackson Weber,,6513263,2025-12-10,Wis.-Whitewater,Lawrence,1,,,15.0,22.0,,0,0,False,Jackson Weber,"Collin Madson,Jake Quast,Joey Berezowitz,Kelton McEwen,Rashad Rogers","CJ Campbell,Hogan Demovsky,Nicholas Gouriotis,Nolan Koch",618,618.0,0.0,0,0,0,0,0,0,0,0,0,0,0,0,0,2,1,1,1,0,0
10:18,,Subbing in for Lawrence-Nathan Valentine,,6513263,2025-12-10,Wis.-Whitewater,Lawrence,1,,,15.0,22.0,,0,0,False,Nathan Valentine,"Collin Madson,Jake Quast,Joey Berezowitz,Kelton McEwen,Rashad Rogers","CJ Campbell,Hogan Demovsky,Nathan Valentine,Nicholas Gouriotis,Nolan Koch",618,618.0,0.0,0,0,0,0,0,0,0,0,0,0,0,0,0,3,1,1,1,0,0
10:18,,Subbing out for Wis.-Whitewater-Kelton McEwen,,6513263,2025-12-10,Wis.-Whitewater,Lawrence,1,,,15.0,22.0,,0,0,False,Kelton McEwen,"Collin Madson,Jake Quast,Joey Berezowitz,Rashad Rogers","CJ Campbell,Hogan Demovsky,Nathan Valentine,Nicholas Gouriotis,Nolan Koch",618,618.0,0.0,0,0,0,0,0,0,0,0,0,0,0,0,0,3,1,1,1,0,0
10:18,,Subbing out for Wis.-Whitewater-Collin Madson,,6513263,2025-12-10,Wis.-Whitewater,Lawrence,1,,,15.0,22.0,,0,0,False,Collin Madson,"Jake Quast,Joey Berezowitz,Rashad Rogers","CJ Campbell,Hogan Demovsky,Nathan Valentine,Nicholas Gouriotis,Nolan Koch",618,618.0,0.0,0,0,0,0,0,0,0,0,0,0,0,0,0,3,1,1,1,0,0
10:18,,Subbing in for Wis.-Whitewater-JR Lukenbill,,6513263,2025-12-10,Wis.-Whitewater,Lawrence,1,,,15.0,22.0,,0,0,False,JR Lukenbill,"JR Lukenbill,Jake Quast,Joey Berezowitz,Rashad Rogers","CJ Campbell,Hogan Demovsky,Nathan Valentine,Nicholas Gouriotis,Nolan Koch",618,618.0,0.0,0,0,0,0,0,0,0,0,0,0,0,0,0,3,1,1,1,0,0
10:18,,Subbing in for Wis.-Whitewater-Luke Bara,,6513263,2025-12-10,Wis.-Whitewater,Lawrence,1,,,15.0,22.0,,0,0,False,Luke Bara,"JR Lukenbill,Jake Quast,Joey Berezowitz,Luke Bara,Rashad Rogers","CJ Campbell,Hogan Demovsky,Nathan Valentine,Nicholas Gouriotis,Nolan Koch",618,611.0,7.0,0,0,0,0,0,0,0,0,0,0,0,0,0,3,1,1,1,0,0
10:11,,2 Pointer MISSED by Lawrence's Nicholas Gouriotis,,6513263,2025-12-10,Wis.-Whitewater,Lawrence,1,,,15.0,22.0,Lawrence,0,0,False,Nicholas Gouriotis,"JR Lukenbill,Jake Quast,Joey Berezowitz,Luke Bara,Rashad Rogers","CJ Campbell,Hogan Demovsky,Nathan Valentine,Nicholas Gouriotis,Nolan Koch",611,608.0,3.0,0,0,0,0,0,0,0,0,0,0,0,0,0,3,1,1,1,0,0
10:08,,Defensive rebound by Wis.-Whitewater's Rashad Rogers,,6513263,2025-12-10,Wis.-Whitewater,Lawrence,1,,,15.0,22.0,Wis.-Whitewater,0,0,False,Rashad Rogers,"JR Lukenbill,Jake Quast,Joey Berezowitz,Luke Bara,Rashad Rogers","CJ Campbell,Hogan Demovsky,Nathan Valentine,Nicholas Gouriotis,Nolan Koch",608,596.0,12.0,0,0,0,0,0,0,0,0,0,0,0,0,1,3,1,1,1,0,0
09:56,,Layup MISSED by Wis.-Whitewater's Jake Quast,,6513263,2025-12-10,Wis.-Whitewater,Lawrence,1,,,15.0,22.0,Wis.-Whitewater,0,0,False,Jake Quast,"JR Lukenbill,Jake Quast,Joey Berezowitz,Luke Bara,Rashad Rogers","CJ Campbell,Hogan Demovsky,Nathan Valentine,Nicholas Gouriotis,Nolan Koch",596,592.0,4.0,0,0,1,0,0,0,0,0,0,0,0,0,0,3,1,1,1,0,0
09:52,,Offensive rebound by Wis.-Whitewater's Rashad Rogers,,6513263,2025-12-10,Wis.-Whitewater,Lawrence,1,,,15.0,22.0,Wis.-Whitewater,0,0,False,Rashad Rogers,"JR Lukenbill,Jake Quast,Joey Berezowitz,Luke Bara,Rashad Rogers","CJ Campbell,Hogan Demovsky,Nathan Valentine,Nicholas Gouriotis,Nolan Koch",592,592.0,0.0,0,0,0,0,0,0,0,0,0,0,0,1,0,3,1,1,1,0,0
09:52,,2 Pointer by Wis.-Whitewater's Rashad Rogers,(24-15),6513263,2025-12-10,Wis.-Whitewater,Lawrence,1,24.0,15.0,15.0,24.0,Wis.-Whitewater,0,2,True,Rashad Rogers,"JR Lukenbill,Jake Quast,Joey Berezowitz,Luke Bara,Rashad Rogers","CJ Campbell,Hogan Demovsky,Nathan Valentine,Nicholas Gouriotis,Nolan Koch",592,572.0,20.0,2,1,1,0,0,0,0,0,0,0,0,0,0,3,1,1,1,0,0
09:32,,Layup MISSED by Lawrence's Nolan Koch,,6513263,2025-12-10,Wis.-Whitewater,Lawrence,1,,,15.0,24.0,Lawrence,0,0,False,Nolan Koch,"JR Lukenbill,Jake Quast,Joey Berezowitz,Luke Bara,Rashad Rogers","CJ Campbell,Hogan Demovsky,Nathan Valentine,Nicholas Gouriotis,Nolan Koch",572,572.0,0.0,0,0,1,0,0,0,0,0,0,0,0,0,0,3,1,1,1,0,0
09:32,,Block by Wis.-Whitewater's Joey Berezowitz,,6513263,2025-12-10,Wis.-Whitewater,Lawrence,1,,,15.0,24.0,Wis.-Whitewater,0,0,False,Joey Berezowitz,"JR Lukenbill,Jake Quast,Joey Berezowitz,Luke Bara,Rashad Rogers","CJ Campbell,Hogan Demovsky,Nathan Valentine,Nicholas Gouriotis,Nolan Koch",572,572.0,0.0,0,0,0,0,0,0,0,0,0,0,0,0,0,3,1,1,1,0,0
09:32,,Defensive rebound by Wis.-Whitewater's Rashad Rogers,,6513263,2025-12-10,Wis.-Whitewater,Lawrence,1,,,15.0,24.0,Wis.-Whitewater,0,0,False,Rashad Rogers,"JR Lukenbill,Jake Quast,Joey Berezowitz,Luke Bara,Rashad Rogers","CJ Campbell,Hogan Demovsky,Nathan Valentine,Nicholas Gouriotis,Nolan Koch",572,553.0,19.0,0,0,0,0,0,0,0,0,0,0,0,0,1,3,1,1,1,0,0
09:13,,Jumper by Wis.-Whitewater's Luke Bara,(27-15),6513263,2025-12-10,Wis.-Whitewater,Lawrence,1,27.0,15.0,15.0,27.0,Wis.-Whitewater,0,3,True,Luke Bara,"JR Lukenbill,Jake Quast,Joey Berezowitz,Luke Bara,Rashad Rogers","CJ Campbell,Hogan Demovsky,Nathan Valentine,Nicholas Gouriotis,Nolan Koch",553,528.0,25.0,3,1,1,1,1,0,0,0,0,0,0,0,0,3,1,1,1,0,0
08:48,,Jumper MISSED by Lawrence's Hogan Demovsky,,6513263,2025-12-10,Wis.-Whitewater,Lawrence,1,,,15.0,27.0,Lawrence,0,0,False,Hogan Demovsky,"JR Lukenbill,Jake Quast,Joey Berezowitz,Luke Bara,Rashad Rogers","CJ Campbell,Hogan Demovsky,Nathan Valentine,Nicholas Gouriotis,Nolan Koch",528,525.0,3.0,0,0,1,0,1,0,0,0,0,0,0,0,0,3,1,1,1,0,0
08:45,,Offensive rebound by Lawrence's Nolan Koch,,6513263,2025-12-10,Wis.-Whitewater,Lawrence,1,,,15.0,27.0,Lawrence,0,0,False,Nolan Koch,"JR Lukenbill,Jake Quast,Joey Berezowitz,Luke Bara,Rashad Rogers","CJ Campbell,Hogan Demovsky,Nathan Valentine,Nicholas Gouriotis,Nolan Koch",525,525.0,0.0,0,0,0,0,0,0,0,0,0,0,0,1,0,3,1,1,1,0,0
08:45,,Personal Foul on Wis.-Whitewater's Rashad Rogers (Nolan Koch draws the foul),,6513263,2025-12-10,Wis.-Whitewater,Lawrence,1,,,15.0,27.0,Wis.-Whitewater,0,0,False,Rashad Rogers,"JR Lukenbill,Jake Quast,Joey Berezowitz,Luke Bara,Rashad Rogers","CJ Campbell,Hogan Demovsky,Nathan Valentine,Nicholas Gouriotis,Nolan Koch",525,525.0,0.0,0,0,0,0,0,0,0,1,0,0,0,0,0,3,1,1,1,0,0
08:45,,Free Throw by Lawrence's Nolan Koch,(27-16),6513263,2025-12-10,Wis.-Whitewater,Lawrence,1,27.0,16.0,16.0,27.0,Lawrence,1,0,True,Nolan Koch,"JR Lukenbill,Jake Quast,Joey Berezowitz,Luke Bara,Rashad Rogers","CJ Campbell,Hogan Demovsky,Nathan Valentine,Nicholas Gouriotis,Nolan Koch",525,525.0,0.0,1,0,0,0,0,1,1,0,0,0,0,0,0,3,1,1,1,0,0
08:45,,Free Throw by Lawrence's Nolan Koch,(27-17),6513263,2025-12-10,Wis.-Whitewater,Lawrence,1,27.0,17.0,17.0,27.0,Lawrence,1,0,True,Nolan Koch,"JR Lukenbill,Jake Quast,Joey Berezowitz,Luke Bara,Rashad Rogers","CJ Campbell,Hogan Demovsky,Nathan Valentine,Nicholas Gouriotis,Nolan Koch",525,525.0,0.0,1,0,0,0,0,1,1,0,0,0,0,0,0,3,1,1,1,0,0
08:45,,Subbing out for Lawrence-Nolan Koch,,6513263,2025-12-10,Wis.-Whitewater,Lawrence,1,,,17.0,27.0,,0,0,False,Nolan Koch,"JR Lukenbill,Jake Quast,Joey Berezowitz,Luke Bara,Rashad Rogers","CJ Campbell,Hogan Demovsky,Nathan Valentine,Nicholas Gouriotis",525,525.0,0.0,0,0,0,0,0,0,0,0,0,0,0,0,0,3,1,1,0,0,0
08:45,,Subbing in for Lawrence-Casey Schoenecker,,6513263,2025-12-10,Wis.-Whitewater,Lawrence,1,,,17.0,27.0,,0,0,False,Casey Schoenecker,"JR Lukenbill,Jake Quast,Joey Berezowitz,Luke Bara,Rashad Rogers","CJ Campbell,Casey Schoenecker,Hogan Demovsky,Nathan Valentine,Nicholas Gouriotis",525,525.0,0.0,0,0,0,0,0,0,0,0,0,0,0,0,0,3,1,1,1,0,0
08:45,,Subbing out for Wis.-Whitewater-Rashad Rogers,,6513263,2025-12-10,Wis.-Whitewater,Lawrence,1,,,17.0,27.0,,0,0,False,Rashad Rogers,"JR Lukenbill,Jake Quast,Joey Berezowitz,Luke Bara","CJ Campbell,Casey Schoenecker,Hogan Demovsky,Nathan Valentine,Nicholas Gouriotis",525,525.0,0.0,0,0,0,0,0,0,0,0,0,0,0,0,0,3,1,1,1,0,0
08:45,,Subbing in for Wis.-Whitewater-Brock Marino,,6513263,2025-12-10,Wis.-Whitewater,Lawrence,1,,,17.0,27.0,,0,0,False,Brock Marino,"Brock Marino,JR Lukenbill,Jake Quast,Joey Berezowitz,Luke Bara","CJ Campbell,Casey Schoenecker,Hogan Demovsky,Nathan Valentine,Nicholas Gouriotis",525,507.0,18.0,0,0,0,0,0,0,0,0,0,0,0,0,0,3,1,1,1,0,0
08:27,,Jumper by Wis.-Whitewater's Jake Quast,(30-17),6513263,2025-12-10,Wis.-Whitewater,Lawrence,1,30.0,17.0,17.0,30.0,Wis.-Whitewater,0,3,True,Jake Quast,"Brock Marino,JR Lukenbill,Jake Quast,Joey Berezowitz,Luke Bara","CJ Campbell,Casey Schoenecker,Hogan Demovsky,Nathan Valentine,Nicholas Gouriotis",507,507.0,0.0,3,1,1,1,1,0,0,0,0,0,0,0,0,3,1,1,1,0,0
08:27,,Assist by Wis.-Whitewater's JR Lukenbill,,6513263,2025-12-10,Wis.-Whitewater,Lawrence,1,,,17.0,30.0,Wis.-Whitewater,0,0,False,JR Lukenbill,"Brock Marino,JR Lukenbill,Jake Quast,Joey Berezowitz,Luke Bara","CJ Campbell,Casey Schoenecker,Hogan Demovsky,Nathan Valentine,Nicholas Gouriotis",507,491.0,16.0,0,0,0,0,0,0,0,0,0,1,0,0,0,3,1,1,1,0,0
08:11,,Jumper MISSED by Lawrence's Nathan Valentine,,6513263,2025-12-10,Wis.-Whitewater,Lawrence,1,,,17.0,30.0,Lawrence,0,0,False,Nathan Valentine,"Brock Marino,JR Lukenbill,Jake Quast,Joey Berezowitz,Luke Bara","CJ Campbell,Casey Schoenecker,Hogan Demovsky,Nathan Valentine,Nicholas Gouriotis",491,488.0,3.0,0,0,1,0,1,0,0,0,0,0,0,0,0,3,1,1,1,0,0
08:08,,Defensive rebound by Wis.-Whitewater's Brock Marino,,6513263,2025-12-10,Wis.-Whitewater,Lawrence,1,,,17.0,30.0,Wis.-Whitewater,0,0,False,Brock Marino,"Brock Marino,JR Lukenbill,Jake Quast,Joey Berezowitz,Luke Bara","CJ Campbell,Casey Schoenecker,Hogan Demovsky,Nathan Valentine,Nicholas Gouriotis",488,473.0,15.0,0,0,0,0,0,0,0,0,0,0,0,0,1,3,1,1,1,0,0
07:53,,Jumper MISSED by Wis.-Whitewater's JR Lukenbill,,6513263,2025-12-10,Wis.-Whitewater,Lawrence,1,,,17.0,30.0,Wis.-Whitewater,0,0,False,JR Lukenbill,"Brock Marino,JR Lukenbill,Jake Quast,Joey Berezowitz,Luke Bara","CJ Campbell,Casey Schoenecker,Hogan Demovsky,Nathan Valentine,Nicholas Gouriotis",473,470.0,3.0,0,0,1,0,0,0,0,0,0,0,0,0,0,3,1,1,1,0,0
07:50,,Defensive rebound by Lawrence's CJ Campbell,,6513263,2025-12-10,Wis.-Whitewater,Lawrence,1,,,17.0,30.0,Lawrence,0,0,False,CJ Campbell,"Brock Marino,JR Lukenbill,Jake Quast,Joey Berezowitz,Luke Bara","CJ Campbell,Casey Schoenecker,Hogan Demovsky,Nathan Valentine,Nicholas Gouriotis",470,450.0,20.0,0,0,0,0,0,0,0,0,0,0,0,0,1,3,1,1,1,0,0
07:30,,Jumper by Lawrence's CJ Campbell,(30-20),6513263,2025-12-10,Wis.-Whitewater,Lawrence,1,30.0,20.0,20.0,30.0,Lawrence,3,0,True,CJ Campbell,"Brock Marino,JR Lukenbill,Jake Quast,Joey Berezowitz,Luke Bara","CJ Campbell,Casey Schoenecker,Hogan Demovsky,Nathan Valentine,Nicholas Gouriotis",450,450.0,0.0,3,1,1,1,1,0,0,0,0,0,0,0,0,3,1,1,1,0,0
07:30,,Assist by Lawrence's Nathan Valentine,,6513263,2025-12-10,Wis.-Whitewater,Lawrence,1,,,20.0,30.0,Lawrence,0,0,False,Nathan Valentine,"Brock Marino,JR Lukenbill,Jake Quast,Joey Berezowitz,Luke Bara","CJ Campbell,Casey Schoenecker,Hogan Demovsky,Nathan Valentine,Nicholas Gouriotis",450,449.0,1.0,0,0,0,0,0,0,0,0,0,1,0,0,0,3,1,1,1,0,0
07:29,,Lawrence takes a [short] time out.,,6513263,2025-12-10,Wis.-Whitewater,Lawrence,1,,,20.0,30.0,,0,0,False,,"Brock Marino,JR Lukenbill,Jake Quast,Joey Berezowitz,Luke Bara","CJ Campbell,Casey Schoenecker,Hogan Demovsky,Nathan Valentine,Nicholas Gouriotis",449,449.0,0.0,0,0,0,0,0,0,0,0,0,0,0,0,0,3,1,1,1,0,0
07:29,,Subbing out for Lawrence-Nicholas Gouriotis,,6513263,2025-12-10,Wis.-Whitewater,Lawrence,1,,,20.0,30.0,,0,0,False,Nicholas Gouriotis,"Brock Marino,JR Lukenbill,Jake Quast,Joey Berezowitz,Luke Bara","CJ Campbell,Casey Schoenecker,Hogan Demovsky,Nathan Valentine",449,449.0,0.0,0,0,0,0,0,0,0,0,0,0,0,0,0,2,1,1,1,0,0
07:29,,Subbing in for Lawrence-Nicolas Manzanera,,6513263,2025-12-10,Wis.-Whitewater,Lawrence,1,,,20.0,30.0,,0,0,False,Nicolas Manzanera,"Brock Marino,JR Lukenbill,Jake Quast,Joey Berezowitz,Luke Bara","CJ Campbell,Casey Schoenecker,Hogan Demovsky,Nathan Valentine,Nicolas Manzanera",449,449.0,0.0,0,0,0,0,0,0,0,0,0,0,0,0,0,2,2,1,1,0,0
07:29,,Subbing out for Wis.-Whitewater-Jake Quast,,6513263,2025-12-10,Wis.-Whitewater,Lawrence,1,,,20.0,30.0,,0,0,False,Jake Quast,"Brock Marino,JR Lukenbill,Joey Berezowitz,Luke Bara","CJ Campbell,Casey Schoenecker,Hogan Demovsky,Nathan Valentine,Nicolas Manzanera",449,449.0,0.0,0,0,0,0,0,0,0,0,0,0,0,0,0,2,2,1,1,0,0
07:29,,Subbing in for Wis.-Whitewater-Richie Warren,,6513263,2025-12-10,Wis.-Whitewater,Lawrence,1,,,20.0,30.0,,0,0,False,Richie Warren,"Brock Marino,JR Lukenbill,Joey Berezowitz,Luke Bara,Richie Warren","CJ Campbell,Casey Schoenecker,Hogan Demovsky,Nathan Valentine,Nicolas Manzanera",449,432.0,17.0,0,0,0,0,0,0,0,0,0,0,0,0,0,2,2,1,1,0,0
07:12,,Layup by Wis.-Whitewater's Richie Warren,(32-20),6513263,2025-12-10,Wis.-Whitewater,Lawrence,1,32.0,20.0,20.0,32.0,Wis.-Whitewater,0,2,True,Richie Warren,"Brock Marino,JR Lukenbill,Joey Berezowitz,Luke Bara,Richie Warren","CJ Campbell,Casey Schoenecker,Hogan Demovsky,Nathan Valentine,Nicolas Manzanera",432,401.0,31.0,2,1,1,0,0,0,0,0,0,0,0,0,0,2,2,1,1,0,0
06:41,,Layup MISSED by Lawrence's Casey Schoenecker,,6513263,2025-12-10,Wis.-Whitewater,Lawrence,1,,,20.0,32.0,Lawrence,0,0,False,Casey Schoenecker,"Brock Marino,JR Lukenbill,Joey Berezowitz,Luke Bara,Richie Warren","CJ Campbell,Casey Schoenecker,Hogan Demovsky,Nathan Valentine,Nicolas Manzanera",401,399.0,2.0,0,0,1,0,0,0,0,0,0,0,0,0,0,2,2,1,1,0,0
06:39,,Defensive rebound by Wis.-Whitewater's Richie Warren,,6513263,2025-12-10,Wis.-Whitewater,Lawrence,1,,,20.0,32.0,Wis.-Whitewater,0,0,False,Richie Warren,"Brock Marino,JR Lukenbill,Joey Berezowitz,Luke Bara,Richie Warren","CJ Campbell,Casey Schoenecker,Hogan Demovsky,Nathan Valentine,Nicolas Manzanera",399,395.0,4.0,0,0,0,0,0,0,0,0,0,0,0,0,1,2,2,1,1,0,0
06:35,,Jumper by Wis.-Whitewater's JR Lukenbill,(35-20),6513263,2025-12-10,Wis.-Whitewater,Lawrence,1,35.0,20.0,20.0,35.0,Wis.-Whitewater,0,3,True,JR Lukenbill,"Brock Marino,JR Lukenbill,Joey Berezowitz,Luke Bara,Richie Warren","CJ Campbell,Casey Schoenecker,Hogan Demovsky,Nathan Valentine,Nicolas Manzanera",395,395.0,0.0,3,1,1,1,1,0,0,0,0,0,0,0,0,2,2,1,1,0,0
06:35,,Assist by Wis.-Whitewater's Luke Bara,,6513263,2025-12-10,Wis.-Whitewater,Lawrence,1,,,20.0,35.0,Wis.-Whitewater,0,0,False,Luke Bara,"Brock Marino,JR Lukenbill,Joey Berezowitz,Luke Bara,Richie Warren","CJ Campbell,Casey Schoenecker,Hogan Demovsky,Nathan Valentine,Nicolas Manzanera",395,387.0,8.0,0,0,0,0,0,0,0,0,0,1,0,0,0,2,2,1,1,0,0
06:27,,Turnover by Lawrence 's Casey Schoenecker,,6513263,2025-12-10,Wis.-Whitewater,Lawrence,1,,,20.0,35.0,,0,0,True,Casey Schoenecker,"Brock Marino,JR Lukenbill,Joey Berezowitz,Luke Bara,Richie Warren","CJ Campbell,Casey Schoenecker,Hogan Demovsky,Nathan Valentine,Nicolas Manzanera",387,387.0,0.0,0,0,0,0,0,0,0,0,1,0,0,0,0,2,2,1,1,0,0
06:27,,Steal by Wis.-Whitewater's Joey Berezowitz,,6513263,2025-12-10,Wis.-Whitewater,Lawrence,1,,,20.0,35.0,Wis.-Whitewater,0,0,False,Joey Berezowitz,"Brock Marino,JR Lukenbill,Joey Berezowitz,Luke Bara,Richie Warren","CJ Campbell,Casey Schoenecker,Hogan Demovsky,Nathan Valentine,Nicolas Manzanera",387,378.0,9.0,0,0,0,0,0,0,0,0,0,0,1,0,0,2,2,1,1,0,0
06:18,,Jumper MISSED by Wis.-Whitewater's Brock Marino,,6513263,2025-12-10,Wis.-Whitewater,Lawrence,1,,,20.0,35.0,Wis.-Whitewater,0,0,False,Brock Marino,"Brock Marino,JR Lukenbill,Joey Berezowitz,Luke Bara,Richie Warren","CJ Campbell,Casey Schoenecker,Hogan Demovsky,Nathan Valentine,Nicolas Manzanera",378,374.0,4.0,0,0,1,0,1,0,0,0,0,0,0,0,0,2,2,1,1,0,0
06:14,,Offensive rebound by Wis.-Whitewater's Joey Berezowitz,,6513263,2025-12-10,Wis.-Whitewater,Lawrence,1,,,20.0,35.0,Wis.-Whitewater,0,0,False,Joey Berezowitz,"Brock Marino,JR Lukenbill,Joey Berezowitz,Luke Bara,Richie Warren","CJ Campbell,Casey Schoenecker,Hogan Demovsky,Nathan Valentine,Nicolas Manzanera",374,370.0,4.0,0,0,0,0,0,0,0,0,0,0,0,1,0,2,2,1,1,0,0
06:10,,Jumper MISSED by Wis.-Whitewater's Joey Berezowitz,,6513263,2025-12-10,Wis.-Whitewater,Lawrence,1,,,20.0,35.0,Wis.-Whitewater,0,0,False,Joey Berezowitz,"Brock Marino,JR Lukenbill,Joey Berezowitz,Luke Bara,Richie Warren","CJ Campbell,Casey Schoenecker,Hogan Demovsky,Nathan Valentine,Nicolas Manzanera",370,365.0,5.0,0,0,1,0,1,0,0,0,0,0,0,0,0,2,2,1,1,0,0
06:05,,Defensive rebound by Lawrence's Casey Schoenecker,,6513263,2025-12-10,Wis.-Whitewater,Lawrence,1,,,20.0,35.0,Lawrence,0,0,False,Casey Schoenecker,"Brock Marino,JR Lukenbill,Joey Berezowitz,Luke Bara,Richie Warren","CJ Campbell,Casey Schoenecker,Hogan Demovsky,Nathan Valentine,Nicolas Manzanera",365,360.0,5.0,0,0,0,0,0,0,0,0,0,0,0,0,1,2,2,1,1,0,0
06:00,,Jumper MISSED by Lawrence's Nathan Valentine,,6513263,2025-12-10,Wis.-Whitewater,Lawrence,1,,,20.0,35.0,Lawrence,0,0,False,Nathan Valentine,"Brock Marino,JR Lukenbill,Joey Berezowitz,Luke Bara,Richie Warren","CJ Campbell,Casey Schoenecker,Hogan Demovsky,Nathan Valentine,Nicolas Manzanera",360,357.0,3.0,0,0,1,0,1,0,0,0,0,0,0,0,0,2,2,1,1,0,0
05:57,,Lawrence gets a rebound from a dead ball.,,6513263,2025-12-10,Wis.-Whitewater,Lawrence,1,,,20.0,35.0,,0,0,False,,"Brock Marino,JR Lukenbill,Joey Berezowitz,Luke Bara,Richie Warren","CJ Campbell,Casey Schoenecker,Hogan Demovsky,Nathan Valentine,Nicolas Manzanera",357,357.0,0.0,0,0,0,0,0,0,0,0,0,0,0,0,0,2,2,1,1,0,0
05:57,,Subbing out for Lawrence-Hogan Demovsky,,6513263,2025-12-10,Wis.-Whitewater,Lawrence,1,,,20.0,35.0,,0,0,False,Hogan Demovsky,"Brock Marino,JR Lukenbill,Joey Berezowitz,Luke Bara,Richie Warren","CJ Campbell,Casey Schoenecker,Nathan Valentine,Nicolas Manzanera",357,357.0,0.0,0,0,0,0,0,0,0,0,0,0,0,0,0,2,1,1,1,0,0
05:57,,Subbing in for Lawrence-Cameron Nash,,6513263,2025-12-10,Wis.-Whitewater,Lawrence,1,,,20.0,35.0,,0,0,False,Cameron Nash,"Brock Marino,JR Lukenbill,Joey Berezowitz,Luke Bara,Richie Warren","CJ Campbell,Cameron Nash,Casey Schoenecker,Nathan Valentine,Nicolas Manzanera",357,357.0,0.0,0,0,0,0,0,0,0,0,0,0,0,0,0,2,1,1,1,1,0
05:57,,Subbing out for Wis.-Whitewater-JR Lukenbill,,6513263,2025-12-10,Wis.-Whitewater,Lawrence,1,,,20.0,35.0,,0,0,False,JR Lukenbill,"Brock Marino,Joey Berezowitz,Luke Bara,Richie Warren","CJ Campbell,Cameron Nash,Casey Schoenecker,Nathan Valentine,Nicolas Manzanera",357,357.0,0.0,0,0,0,0,0,0,0,0,0,0,0,0,0,2,1,1,1,1,0
05:57,,Subbing out for Wis.-Whitewater-Joey Berezowitz,,6513263,2025-12-10,Wis.-Whitewater,Lawrence,1,,,20.0,35.0,,0,0,False,Joey Berezowitz,"Brock Marino,Luke Bara,Richie Warren","CJ Campbell,Cameron Nash,Casey Schoenecker,Nathan Valentine,Nicolas Manzanera",357,357.0,0.0,0,0,0,0,0,0,0,0,0,0,0,0,0,2,1,1,1,1,0
05:57,,Subbing in for Wis.-Whitewater-Isaac Verges,,6513263,2025-12-10,Wis.-Whitewater,Lawrence,1,,,20.0,35.0,,0,0,False,Isaac Verges,"Brock Marino,Isaac Verges,Luke Bara,Richie Warren","CJ Campbell,Cameron Nash,Casey Schoenecker,Nathan Valentine,Nicolas Manzanera",357,357.0,0.0,0,0,0,0,0,0,0,0,0,0,0,0,0,2,1,1,1,1,0
05:57,,Subbing in for Wis.-Whitewater-Collin Madson,,6513263,2025-12-10,Wis.-Whitewater,Lawrence,1,,,20.0,35.0,,0,0,False,Collin Madson,"Brock Marino,Collin Madson,Isaac Verges,Luke Bara,Richie Warren","CJ Campbell,Cameron Nash,Casey Schoenecker,Nathan Valentine,Nicolas Manzanera",357,337.0,20.0,0,0,0,0,0,0,0,0,0,0,0,0,0,2,1,1,1,1,0
05:37,,Jumper by Lawrence's CJ Campbell,(35-23),6513263,2025-12-10,Wis.-Whitewater,Lawrence,1,35.0,23.0,23.0,35.0,Lawrence,3,0,True,CJ Campbell,"Brock Marino,Collin Madson,Isaac Verges,Luke Bara,Richie Warren","CJ Campbell,Cameron Nash,Casey Schoenecker,Nathan Valentine,Nicolas Manzanera",337,337.0,0.0,3,1,1,1,1,0,0,0,0,0,0,0,0,2,1,1,1,1,0
05:37,,Assist by Lawrence's Casey Schoenecker,,6513263,2025-12-10,Wis.-Whitewater,Lawrence,1,,,23.0,35.0,Lawrence,0,0,False,Casey Schoenecker,"Brock Marino,Collin Madson,Isaac Verges,Luke Bara,Richie Warren","CJ Campbell,Cameron Nash,Casey Schoenecker,Nathan Valentine,Nicolas Manzanera",337,310.0,27.0,0,0,0,0,0,0,0,0,0,1,0,0,0,2,1,1,1,1,0
05:10,,Jumper MISSED by Wis.-Whitewater's Luke Bara,,6513263,2025-12-10,Wis.-Whitewater,Lawrence,1,,,23.0,35.0,Wis.-Whitewater,0,0,False,Luke Bara,"Brock Marino,Collin Madson,Isaac Verges,Luke Bara,Richie Warren","CJ Campbell,Cameron Nash,Casey Schoenecker,Nathan Valentine,Nicolas Manzanera",310,310.0,0.0,0,0,1,0,1,0,0,0,0,0,0,0,0,2,1,1,1,1,0
05:10,,Offensive rebound by Wis.-Whitewater's Brock Marino,,6513263,2025-12-10,Wis.-Whitewater,Lawrence,1,,,23.0,35.0,Wis.-Whitewater,0,0,False,Brock Marino,"Brock Marino,Collin Madson,Isaac Verges,Luke Bara,Richie Warren","CJ Campbell,Cameron Nash,Casey Schoenecker,Nathan Valentine,Nicolas Manzanera",310,310.0,0.0,0,0,0,0,0,0,0,0,0,0,0,1,0,2,1,1,1,1,0
05:10,,Personal Foul on Lawrence's Casey Schoenecker (Brock Marino draws the foul),,6513263,2025-12-10,Wis.-Whitewater,Lawrence,1,,,23.0,35.0,Lawrence,0,0,False,Casey Schoenecker,"Brock Marino,Collin Madson,Isaac Verges,Luke Bara,Richie Warren","CJ Campbell,Cameron Nash,Casey Schoenecker,Nathan Valentine,Nicolas Manzanera",310,310.0,0.0,0,0,0,0,0,0,0,1,0,0,0,0,0,2,1,1,1,1,0
05:10,,Free Throw MISSED by Wis.-Whitewater's Brock Marino,,6513263,2025-12-10,Wis.-Whitewater,Lawrence,1,,,23.0,35.0,Wis.-Whitewater,0,0,False,Brock Marino,"Brock Marino,Collin Madson,Isaac Verges,Luke Bara,Richie Warren","CJ Campbell,Cameron Nash,Casey Schoenecker,Nathan Valentine,Nicolas Manzanera",310,310.0,0.0,0,0,0,0,0,0,1,0,0,0,0,0,0,2,1,1,1,1,0
05:10,,Wis.-Whitewater gets a rebound from a dead ball.,,6513263,2025-12-10,Wis.-Whitewater,Lawrence,1,,,23.0,35.0,,0,0,False,,"Brock Marino,Collin Madson,Isaac Verges,Luke Bara,Richie Warren","CJ Campbell,Cameron Nash,Casey Schoenecker,Nathan Valentine,Nicolas Manzanera",310,310.0,0.0,0,0,0,0,0,0,0,0,0,0,0,0,0,2,1,1,1,1,0
05:10,,Subbing out for Lawrence-Casey Schoenecker,,6513263,2025-12-10,Wis.-Whitewater,Lawrence,1,,,23.0,35.0,,0,0,False,Casey Schoenecker,"Brock Marino,Collin Madson,Isaac Verges,Luke Bara,Richie Warren","CJ Campbell,Cameron Nash,Nathan Valentine,Nicolas Manzanera",310,310.0,0.0,0,0,0,0,0,0,0,0,0,0,0,0,0,2,1,1,0,1,0
05:10,,Subbing in for Lawrence-Nolan Koch,,6513263,2025-12-10,Wis.-Whitewater,Lawrence,1,,,23.0,35.0,,0,0,False,Nolan Koch,"Brock Marino,Collin Madson,Isaac Verges,Luke Bara,Richie Warren","CJ Campbell,Cameron Nash,Nathan Valentine,Nicolas Manzanera,Nolan Koch",310,310.0,0.0,0,0,0,0,0,0,0,0,0,0,0,0,0,2,1,1,1,1,0
05:10,,Free Throw MISSED by Wis.-Whitewater's Brock Marino,,6513263,2025-12-10,Wis.-Whitewater,Lawrence,1,,,23.0,35.0,Wis.-Whitewater,0,0,False,Brock Marino,"Brock Marino,Collin Madson,Isaac Verges,Luke Bara,Richie Warren","CJ Campbell,Cameron Nash,Nathan Valentine,Nicolas Manzanera,Nolan Koch",310,310.0,0.0,0,0,0,0,0,0,1,0,0,0,0,0,0,2,1,1,1,1,0
05:10,,Offensive rebound by Wis.-Whitewater's Richie Warren,,6513263,2025-12-10,Wis.-Whitewater,Lawrence,1,,,23.0,35.0,Wis.-Whitewater,0,0,False,Richie Warren,"Brock Marino,Collin Madson,Isaac Verges,Luke Bara,Richie Warren","CJ Campbell,Cameron Nash,Nathan Valentine,Nicolas Manzanera,Nolan Koch",310,307.0,3.0,0,0,0,0,0,0,0,0,0,0,0,1,0,2,1,1,1,1,0
05:07,,Jumper MISSED by Wis.-Whitewater's Collin Madson,,6513263,2025-12-10,Wis.-Whitewater,Lawrence,1,,,23.0,35.0,Wis.-Whitewater,0,0,False,Collin Madson,"Brock Marino,Collin Madson,Isaac Verges,Luke Bara,Richie Warren","CJ Campbell,Cameron Nash,Nathan Valentine,Nicolas Manzanera,Nolan Koch",307,304.0,3.0,0,0,1,0,0,0,0,0,0,0,0,0,0,2,1,1,1,1,0
05:04,,Offensive rebound by Wis.-Whitewater's Brock Marino,,6513263,2025-12-10,Wis.-Whitewater,Lawrence,1,,,23.0,35.0,Wis.-Whitewater,0,0,False,Brock Marino,"Brock Marino,Collin Madson,Isaac Verges,Luke Bara,Richie Warren","CJ Campbell,Cameron Nash,Nathan Valentine,Nicolas Manzanera,Nolan Koch",304,302.0,2.0,0,0,0,0,0,0,0,0,0,0,0,1,0,2,1,1,1,1,0
05:02,,Layup by Wis.-Whitewater's Collin Madson,(37-23),6513263,2025-12-10,Wis.-Whitewater,Lawrence,1,37.0,23.0,23.0,37.0,Wis.-Whitewater,0,2,True,Collin Madson,"Brock Marino,Collin Madson,Isaac Verges,Luke Bara,Richie Warren","CJ Campbell,Cameron Nash,Nathan Valentine,Nicolas Manzanera,Nolan Koch",302,302.0,0.0,2,1,1,0,0,0,0,0,0,0,0,0,0,2,1,1,1,1,0
05:02,,Assist by Wis.-Whitewater's Brock Marino,,6513263,2025-12-10,Wis.-Whitewater,Lawrence,1,,,23.0,37.0,Wis.-Whitewater,0,0,False,Brock Marino,"Brock Marino,Collin Madson,Isaac Verges,Luke Bara,Richie Warren","CJ Campbell,Cameron Nash,Nathan Valentine,Nicolas Manzanera,Nolan Koch",302,277.0,25.0,0,0,0,0,0,0,0,0,0,1,0,0,0,2,1,1,1,1,0
04:37,,Layup MISSED by Lawrence's CJ Campbell,,6513263,2025-12-10,Wis.-Whitewater,Lawrence,1,,,23.0,37.0,Lawrence,0,0,False,CJ Campbell,"Brock Marino,Collin Madson,Isaac Verges,Luke Bara,Richie Warren","CJ Campbell,Cameron Nash,Nathan Valentine,Nicolas Manzanera,Nolan Koch",277,273.0,4.0,0,0,1,0,0,0,0,0,0,0,0,0,0,2,1,1,1,1,0
04:33,,Defensive rebound by Wis.-Whitewater's Isaac Verges,,6513263,2025-12-10,Wis.-Whitewater,Lawrence,1,,,23.0,37.0,Wis.-Whitewater,0,0,False,Isaac Verges,"Brock Marino,Collin Madson,Isaac Verges,Luke Bara,Richie Warren","CJ Campbell,Cameron Nash,Nathan Valentine,Nicolas Manzanera,Nolan Koch",273,271.0,2.0,0,0,0,0,0,0,0,0,0,0,0,0,1,2,1,1,1,1,0
04:31,,Personal Foul on Lawrence's Nicolas Manzanera (Isaac Verges draws the foul),,6513263,2025-12-10,Wis.-Whitewater,Lawrence,1,,,23.0,37.0,Lawrence,0,0,False,Nicolas Manzanera,"Brock Marino,Collin Madson,Isaac Verges,Luke Bara,Richie Warren","CJ Campbell,Cameron Nash,Nathan Valentine,Nicolas Manzanera,Nolan Koch",271,271.0,0.0,0,0,0,0,0,0,0,1,0,0,0,0,0,2,1,1,1,1,0
04:31,,Free Throw MISSED by Wis.-Whitewater's Isaac Verges,,6513263,2025-12-10,Wis.-Whitewater,Lawrence,1,,,23.0,37.0,Wis.-Whitewater,0,0,False,Isaac Verges,"Brock Marino,Collin Madson,Isaac Verges,Luke Bara,Richie Warren","CJ Campbell,Cameron Nash,Nathan Valentine,Nicolas Manzanera,Nolan Koch",271,271.0,0.0,0,0,0,0,0,0,1,0,0,0,0,0,0,2,1,1,1,1,0
04:31,,Wis.-Whitewater gets a rebound from a dead ball.,,6513263,2025-12-10,Wis.-Whitewater,Lawrence,1,,,23.0,37.0,,0,0,False,,"Brock Marino,Collin Madson,Isaac Verges,Luke Bara,Richie Warren","CJ Campbell,Cameron Nash,Nathan Valentine,Nicolas Manzanera,Nolan Koch",271,271.0,0.0,0,0,0,0,0,0,0,0,0,0,0,0,0,2,1,1,1,1,0
04:31,,Subbing out for Lawrence-Nathan Valentine,,6513263,2025-12-10,Wis.-Whitewater,Lawrence,1,,,23.0,37.0,,0,0,False,Nathan Valentine,"Brock Marino,Collin Madson,Isaac Verges,Luke Bara,Richie Warren","CJ Campbell,Cameron Nash,Nicolas Manzanera,Nolan Koch",271,271.0,0.0,0,0,0,0,0,0,0,0,0,0,0,0,0,1,1,1,1,1,0
04:31,,Subbing in for Lawrence-Jackson Weber,,6513263,2025-12-10,Wis.-Whitewater,Lawrence,1,,,23.0,37.0,,0,0,False,Jackson Weber,"Brock Marino,Collin Madson,Isaac Verges,Luke Bara,Richie Warren","CJ Campbell,Cameron Nash,Jackson Weber,Nicolas Manzanera,Nolan Koch",271,271.0,0.0,0,0,0,0,0,0,0,0,0,0,0,0,0,1,1,1,1,2,0
04:31,,Free Throw MISSED by Wis.-Whitewater's Isaac Verges,,6513263,2025-12-10,Wis.-Whitewater,Lawrence,1,,,23.0,37.0,Wis.-Whitewater,0,0,False,Isaac Verges,"Brock Marino,Collin Madson,Isaac Verges,Luke Bara,Richie Warren","CJ Campbell,Cameron Nash,Jackson Weber,Nicolas Manzanera,Nolan Koch",271,270.0,1.0,0,0,0,0,0,0,1,0,0,0,0,0,0,1,1,1,1,2,0
04:30,,Defensive rebound by Lawrence's Nicolas Manzanera,,6513263,2025-12-10,Wis.-Whitewater,Lawrence,1,,,23.0,37.0,Lawrence,0,0,False,Nicolas Manzanera,"Brock Marino,Collin Madson,Isaac Verges,Luke Bara,Richie Warren","CJ Campbell,Cameron Nash,Jackson Weber,Nicolas Manzanera,Nolan Koch",270,251.0,19.0,0,0,0,0,0,0,0,0,0,0,0,0,1,1,1,1,1,2,0
04:11,,Turnover by Lawrence 's Jackson Weber,,6513263,2025-12-10,Wis.-Whitewater,Lawrence,1,,,23.0,37.0,,0,0,True,Jackson Weber,"Brock Marino,Collin Madson,Isaac Verges,Luke Bara,Richie Warren","CJ Campbell,Cameron Nash,Jackson Weber,Nicolas Manzanera,Nolan Koch",251,251.0,0.0,0,0,0,0,0,0,0,0,1,0,0,0,0,1,1,1,1,2,0
04:11,,Steal by Wis.-Whitewater's Isaac Verges,,6513263,2025-12-10,Wis.-Whitewater,Lawrence,1,,,23.0,37.0,Wis.-Whitewater,0,0,False,Isaac Verges,"Brock Marino,Collin Madson,Isaac Verges,Luke Bara,Richie Warren","CJ Campbell,Cameron Nash,Jackson Weber,Nicolas Manzanera,Nolan Koch",251,243.0,8.0,0,0,0,0,0,0,0,0,0,0,1,0,0,1,1,1,1,2,0
04:03,,Personal Foul on Lawrence's Cameron Nash (Richie Warren draws the foul),,6513263,2025-12-10,Wis.-Whitewater,Lawrence,1,,,23.0,37.0,Lawrence,0,0,False,Cameron Nash,"Brock Marino,Collin Madson,Isaac Verges,Luke Bara,Richie Warren","CJ Campbell,Cameron Nash,Jackson Weber,Nicolas Manzanera,Nolan Koch",243,243.0,0.0,0,0,0,0,0,0,0,1,0,0,0,0,0,1,1,1,1,2,0
04:03,,Subbing out for Lawrence-Cameron Nash,,6513263,2025-12-10,Wis.-Whitewater,Lawrence,1,,,23.0,37.0,,0,0,False,Cameron Nash,"Brock Marino,Collin Madson,Isaac Verges,Luke Bara,Richie Warren","CJ Campbell,Jackson Weber,Nicolas Manzanera,Nolan Koch",243,243.0,0.0,0,0,0,0,0,0,0,0,0,0,0,0,0,1,1,1,1,1,0
04:03,,Subbing in for Lawrence-Matai Edgecombe,,6513263,2025-12-10,Wis.-Whitewater,Lawrence,1,,,23.0,37.0,,0,0,False,Matai Edgecombe,"Brock Marino,Collin Madson,Isaac Verges,Luke Bara,Richie Warren","CJ Campbell,Jackson Weber,Matai Edgecombe,Nicolas Manzanera,Nolan Koch",243,243.0,0.0,0,0,0,0,0,0,0,0,0,0,0,0,0,1,1,1,1,2,0
04:03,,Free Throw MISSED by Wis.-Whitewater's Richie Warren,,6513263,2025-12-10,Wis.-Whitewater,Lawrence,1,,,23.0,37.0,Wis.-Whitewater,0,0,False,Richie Warren,"Brock Marino,Collin Madson,Isaac Verges,Luke Bara,Richie Warren","CJ Campbell,Jackson Weber,Matai Edgecombe,Nicolas Manzanera,Nolan Koch",243,243.0,0.0,0,0,0,0,0,0,1,0,0,0,0,0,0,1,1,1,1,2,0
04:03,,Defensive rebound by Lawrence's CJ Campbell,,6513263,2025-12-10,Wis.-Whitewater,Lawrence,1,,,23.0,37.0,Lawrence,0,0,False,CJ Campbell,"Brock Marino,Collin Madson,Isaac Verges,Luke Bara,Richie Warren","CJ Campbell,Jackson Weber,Matai Edgecombe,Nicolas Manzanera,Nolan Koch",243,231.0,12.0,0,0,0,0,0,0,0,0,0,0,0,0,1,1,1,1,1,2,0
03:51,,Personal Foul on Wis.-Whitewater's Luke Bara (Nicolas Manzanera draws the foul),,6513263,2025-12-10,Wis.-Whitewater,Lawrence,1,,,23.0,37.0,Wis.-Whitewater,0,0,False,Luke Bara,"Brock Marino,Collin Madson,Isaac Verges,Luke Bara,Richie Warren","CJ Campbell,Jackson Weber,Matai Edgecombe,Nicolas Manzanera,Nolan Koch",231,231.0,0.0,0,0,0,0,0,0,0,1,0,0,0,0,0,1,1,1,1,2,0
03:51,,Free Throw MISSED by Lawrence's Nicolas Manzanera,,6513263,2025-12-10,Wis.-Whitewater,Lawrence,1,,,23.0,37.0,Lawrence,0,0,False,Nicolas Manzanera,"Brock Marino,Collin Madson,Isaac Verges,Luke Bara,Richie Warren","CJ Campbell,Jackson Weber,Matai Edgecombe,Nicolas Manzanera,Nolan Koch",231,231.0,0.0,0,0,0,0,0,0,1,0,0,0,0,0,0,1,1,1,1,2,0
03:51,,Lawrence gets a rebound from a dead ball.,,6513263,2025-12-10,Wis.-Whitewater,Lawrence,1,,,23.0,37.0,,0,0,False,,"Brock Marino,Collin Madson,Isaac Verges,Luke Bara,Richie Warren","CJ Campbell,Jackson Weber,Matai Edgecombe,Nicolas Manzanera,Nolan Koch",231,231.0,0.0,0,0,0,0,0,0,0,0,0,0,0,0,0,1,1,1,1,2,0
03:51,,Subbing out for Wis.-Whitewater-Brock Marino,,6513263,2025-12-10,Wis.-Whitewater,Lawrence,1,,,23.0,37.0,,0,0,False,Brock Marino,"Collin Madson,Isaac Verges,Luke Bara,Richie Warren","CJ Campbell,Jackson Weber,Matai Edgecombe,Nicolas Manzanera,Nolan Koch",231,231.0,0.0,0,0,0,0,0,0,0,0,0,0,0,0,0,1,1,1,1,2,0
03:51,,Subbing out for Wis.-Whitewater-Luke Bara,,6513263,2025-12-10,Wis.-Whitewater,Lawrence,1,,,23.0,37.0,,0,0,False,Luke Bara,"Collin Madson,Isaac Verges,Richie Warren","CJ Campbell,Jackson Weber,Matai Edgecombe,Nicolas Manzanera,Nolan Koch",231,231.0,0.0,0,0,0,0,0,0,0,0,0,0,0,0,0,1,1,1,1,2,0
03:51,,Subbing in for Wis.-Whitewater-Jake Quast,,6513263,2025-12-10,Wis.-Whitewater,Lawrence,1,,,23.0,37.0,,0,0,False,Jake Quast,"Collin Madson,Isaac Verges,Jake Quast,Richie Warren","CJ Campbell,Jackson Weber,Matai Edgecombe,Nicolas Manzanera,Nolan Koch",231,231.0,0.0,0,0,0,0,0,0,0,0,0,0,0,0,0,1,1,1,1,2,0
03:51,,Subbing in for Wis.-Whitewater-Rashad Rogers,,6513263,2025-12-10,Wis.-Whitewater,Lawrence,1,,,23.0,37.0,,0,0,False,Rashad Rogers,"Collin Madson,Isaac Verges,Jake Quast,Rashad Rogers,Richie Warren","CJ Campbell,Jackson Weber,Matai Edgecombe,Nicolas Manzanera,Nolan Koch",231,231.0,0.0,0,0,0,0,0,0,0,0,0,0,0,0,0,1,1,1,1,2,0
03:51,,Free Throw by Lawrence's Nicolas Manzanera,(37-24),6513263,2025-12-10,Wis.-Whitewater,Lawrence,1,37.0,24.0,24.0,37.0,Lawrence,1,0,True,Nicolas Manzanera,"Collin Madson,Isaac Verges,Jake Quast,Rashad Rogers,Richie Warren","CJ Campbell,Jackson Weber,Matai Edgecombe,Nicolas Manzanera,Nolan Koch",231,212.0,19.0,1,0,0,0,0,1,1,0,0,0,0,0,0,1,1,1,1,2,0
03:32,,Jumper MISSED by Wis.-Whitewater's Richie Warren,,6513263,2025-12-10,Wis.-Whitewater,Lawrence,1,,,24.0,37.0,Wis.-Whitewater,0,0,False,Richie Warren,"Collin Madson,Isaac Verges,Jake Quast,Rashad Rogers,Richie Warren","CJ Campbell,Jackson Weber,Matai Edgecombe,Nicolas Manzanera,Nolan Koch",212,210.0,2.0,0,0,1,0,1,0,0,0,0,0,0,0,0,1,1,1,1,2,0
03:30,,Offensive rebound by Wis.-Whitewater's Isaac Verges,,6513263,2025-12-10,Wis.-Whitewater,Lawrence,1,,,24.0,37.0,Wis.-Whitewater,0,0,False,Isaac Verges,"Collin Madson,Isaac Verges,Jake Quast,Rashad Rogers,Richie Warren","CJ Campbell,Jackson Weber,Matai Edgecombe,Nicolas Manzanera,Nolan Koch",210,210.0,0.0,0,0,0,0,0,0,0,0,0,0,0,1,0,1,1,1,1,2,0
03:30,,Layup by Wis.-Whitewater's Richie Warren,(39-24),6513263,2025-12-10,Wis.-Whitewater,Lawrence,1,39.0,24.0,24.0,39.0,Wis.-Whitewater,0,2,True,Richie Warren,"Collin Madson,Isaac Verges,Jake Quast,Rashad Rogers,Richie Warren","CJ Campbell,Jackson Weber,Matai Edgecombe,Nicolas Manzanera,Nolan Koch",210,210.0,0.0,2,1,1,0,0,0,0,0,0,0,0,0,0,1,1,1,1,2,0
03:30,,Assist by Wis.-Whitewater's Isaac Verges,,6513263,2025-12-10,Wis.-Whitewater,Lawrence,1,,,24.0,39.0,Wis.-Whitewater,0,0,False,Isaac Verges,"Collin Madson,Isaac Verges,Jake Quast,Rashad Rogers,Richie Warren","CJ Campbell,Jackson Weber,Matai Edgecombe,Nicolas Manzanera,Nolan Koch",210,210.0,0.0,0,0,0,0,0,0,0,0,0,1,0,0,0,1,1,1,1,2,0
03:30,,Personal Foul on Lawrence's Matai Edgecombe (Richie Warren draws the foul),,6513263,2025-12-10,Wis.-Whitewater,Lawrence,1,,,24.0,39.0,Lawrence,0,0,False,Matai Edgecombe,"Collin Madson,Isaac Verges,Jake Quast,Rashad Rogers,Richie Warren","CJ Campbell,Jackson Weber,Matai Edgecombe,Nicolas Manzanera,Nolan Koch",210,210.0,0.0,0,0,0,0,0,0,0,1,0,0,0,0,0,1,1,1,1,2,0
03:30,,Free Throw by Wis.-Whitewater's Richie Warren,(40-24),6513263,2025-12-10,Wis.-Whitewater,Lawrence,1,40.0,24.0,24.0,40.0,Wis.-Whitewater,0,1,True,Richie Warren,"Collin Madson,Isaac Verges,Jake Quast,Rashad Rogers,Richie Warren","CJ Campbell,Jackson Weber,Matai Edgecombe,Nicolas Manzanera,Nolan Koch",210,210.0,0.0,1,0,0,0,0,1,1,0,0,0,0,0,0,1,1,1,1,2,0
03:30,,Subbing out for Lawrence-Nolan Koch,,6513263,2025-12-10,Wis.-Whitewater,Lawrence,1,,,24.0,40.0,,0,0,False,Nolan Koch,"Collin Madson,Isaac Verges,Jake Quast,Rashad Rogers,Richie Warren","CJ Campbell,Jackson Weber,Matai Edgecombe,Nicolas Manzanera",210,210.0,0.0,0,0,0,0,0,0,0,0,0,0,0,0,0,1,1,1,0,2,0
03:30,,Subbing in for Lawrence-Nicholas Gouriotis,,6513263,2025-12-10,Wis.-Whitewater,Lawrence,1,,,24.0,40.0,,0,0,False,Nicholas Gouriotis,"Collin Madson,Isaac Verges,Jake Quast,Rashad Rogers,Richie Warren","CJ Campbell,Jackson Weber,Matai Edgecombe,Nicholas Gouriotis,Nicolas Manzanera",210,191.0,19.0,0,0,0,0,0,0,0,0,0,0,0,0,0,2,1,1,0,2,0
03:11,,2 Pointer MISSED by Lawrence's Nicolas Manzanera,,6513263,2025-12-10,Wis.-Whitewater,Lawrence,1,,,24.0,40.0,Lawrence,0,0,False,Nicolas Manzanera,"Collin Madson,Isaac Verges,Jake Quast,Rashad Rogers,Richie Warren","CJ Campbell,Jackson Weber,Matai Edgecombe,Nicholas Gouriotis,Nicolas Manzanera",191,188.0,3.0,0,0,0,0,0,0,0,0,0,0,0,0,0,2,1,1,0,2,0
03:08,,Defensive rebound by Wis.-Whitewater's Richie Warren,,6513263,2025-12-10,Wis.-Whitewater,Lawrence,1,,,24.0,40.0,Wis.-Whitewater,0,0,False,Richie Warren,"Collin Madson,Isaac Verges,Jake Quast,Rashad Rogers,Richie Warren","CJ Campbell,Jackson Weber,Matai Edgecombe,Nicholas Gouriotis,Nicolas Manzanera",188,183.0,5.0,0,0,0,0,0,0,0,0,0,0,0,0,1,2,1,1,0,2,0
03:03,,Jumper by Wis.-Whitewater's Collin Madson,(43-24),6513263,2025-12-10,Wis.-Whitewater,Lawrence,1,43.0,24.0,24.0,43.0,Wis.-Whitewater,0,3,True,Collin Madson,"Collin Madson,Isaac Verges,Jake Quast,Rashad Rogers,Richie Warren","CJ Campbell,Jackson Weber,Matai Edgecombe,Nicholas Gouriotis,Nicolas Manzanera",183,183.0,0.0,3,1,1,1,1,0,0,0,0,0,0,0,0,2,1,1,0,2,0
03:03,,Assist by Wis.-Whitewater's Rashad Rogers,,6513263,2025-12-10,Wis.-Whitewater,Lawrence,1,,,24.0,43.0,Wis.-Whitewater,0,0,False,Rashad Rogers,"Collin Madson,Isaac Verges,Jake Quast,Rashad Rogers,Richie Warren","CJ Campbell,Jackson Weber,Matai Edgecombe,Nicholas Gouriotis,Nicolas Manzanera",183,181.0,2.0,0,0,0,0,0,0,0,0,0,1,0,0,0,2,1,1,0,2,0
03:01,,Lawrence takes a [full] time out.,,6513263,2025-12-10,Wis.-Whitewater,Lawrence,1,,,24.0,43.0,,0,0,False,,"Collin Madson,Isaac Verges,Jake Quast,Rashad Rogers,Richie Warren","CJ Campbell,Jackson Weber,Matai Edgecombe,Nicholas Gouriotis,Nicolas Manzanera",181,152.0,29.0,0,0,0,0,0,0,0,0,0,0,0,0,0,2,1,1,0,2,0
02:32,,Personal Foul on Wis.-Whitewater's Richie Warren (Matai Edgecombe draws the foul),,6513263,2025-12-10,Wis.-Whitewater,Lawrence,1,,,24.0,43.0,Wis.-Whitewater,0,0,False,Richie Warren,"Collin Madson,Isaac Verges,Jake Quast,Rashad Rogers,Richie Warren","CJ Campbell,Jackson Weber,Matai Edgecombe,Nicholas Gouriotis,Nicolas Manzanera",152,152.0,0.0,0,0,0,0,0,0,0,1,0,0,0,0,0,2,1,1,0,2,0
02:32,,Free Throw by Lawrence's Matai Edgecombe,(43-25),6513263,2025-12-10,Wis.-Whitewater,Lawrence,1,43.0,25.0,25.0,43.0,Lawrence,1,0,True,Matai Edgecombe,"Collin Madson,Isaac Verges,Jake Quast,Rashad Rogers,Richie Warren","CJ Campbell,Jackson Weber,Matai Edgecombe,Nicholas Gouriotis,Nicolas Manzanera",152,152.0,0.0,1,0,0,0,0,1,1,0,0,0,0,0,0,2,1,1,0,2,0
02:32,,Subbing out for Lawrence-Nicolas Manzanera,,6513263,2025-12-10,Wis.-Whitewater,Lawrence,1,,,25.0,43.0,,0,0,False,Nicolas Manzanera,"Collin Madson,Isaac Verges,Jake Quast,Rashad Rogers,Richie Warren","CJ Campbell,Jackson Weber,Matai Edgecombe,Nicholas Gouriotis",152,152.0,0.0,0,0,0,0,0,0,0,0,0,0,0,0,0,2,0,1,0,2,0
02:32,,Subbing in for Lawrence-Landon Key,,6513263,2025-12-10,Wis.-Whitewater,Lawrence,1,,,25.0,43.0,,0,0,False,Landon Key,"Collin Madson,Isaac Verges,Jake Quast,Rashad Rogers,Richie Warren","CJ Campbell,Jackson Weber,Landon Key,Matai Edgecombe,Nicholas Gouriotis",152,152.0,0.0,0,0,0,0,0,0,0,0,0,0,0,0,0,2,0,1,0,2,1
02:32,,Subbing out for Wis.-Whitewater-Richie Warren,,6513263,2025-12-10,Wis.-Whitewater,Lawrence,1,,,25.0,43.0,,0,0,False,Richie Warren,"Collin Madson,Isaac Verges,Jake Quast,Rashad Rogers","CJ Campbell,Jackson Weber,Landon Key,Matai Edgecombe,Nicholas Gouriotis",152,152.0,0.0,0,0,0,0,0,0,0,0,0,0,0,0,0,2,0,1,0,2,1
02:32,,Subbing in for Wis.-Whitewater-JR Lukenbill,,6513263,2025-12-10,Wis.-Whitewater,Lawrence,1,,,25.0,43.0,,0,0,False,JR Lukenbill,"Collin Madson,Isaac Verges,JR Lukenbill,Jake Quast,Rashad Rogers","CJ Campbell,Jackson Weber,Landon Key,Matai Edgecombe,Nicholas Gouriotis",152,152.0,0.0,0,0,0,0,0,0,0,0,0,0,0,0,0,2,0,1,0,2,1
02:32,,Free Throw MISSED by Lawrence's Matai Edgecombe,,6513263,2025-12-10,Wis.-Whitewater,Lawrence,1,,,25.0,43.0,Lawrence,0,0,False,Matai Edgecombe,"Collin Madson,Isaac Verges,JR Lukenbill,Jake Quast,Rashad Rogers","CJ Campbell,Jackson Weber,Landon Key,Matai Edgecombe,Nicholas Gouriotis",152,152.0,0.0,0,0,0,0,0,0,1,0,0,0,0,0,0,2,0,1,0,2,1
02:32,,Defensive rebound by Wis.-Whitewater's Collin Madson,,6513263,2025-12-10,Wis.-Whitewater,Lawrence,1,,,25.0,43.0,Wis.-Whitewater,0,0,False,Collin Madson,"Collin Madson,Isaac Verges,JR Lukenbill,Jake Quast,Rashad Rogers","CJ Campbell,Jackson Weber,Landon Key,Matai Edgecombe,Nicholas Gouriotis",152,130.0,22.0,0,0,0,0,0,0,0,0,0,0,0,0,1,2,0,1,0,2,1
02:10,,Jumper MISSED by Wis.-Whitewater's Collin Madson,,6513263,2025-12-10,Wis.-Whitewater,Lawrence,1,,,25.0,43.0,Wis.-Whitewater,0,0,False,Collin Madson,"Collin Madson,Isaac Verges,JR Lukenbill,Jake Quast,Rashad Rogers","CJ Campbell,Jackson Weber,Landon Key,Matai Edgecombe,Nicholas Gouriotis",130,127.0,3.0,0,0,1,0,1,0,0,0,0,0,0,0,0,2,0,1,0,2,1
02:07,,Defensive rebound by Lawrence's Matai Edgecombe,,6513263,2025-12-10,Wis.-Whitewater,Lawrence,1,,,25.0,43.0,Lawrence,0,0,False,Matai Edgecombe,"Collin Madson,Isaac Verges,JR Lukenbill,Jake Quast,Rashad Rogers","CJ Campbell,Jackson Weber,Landon Key,Matai Edgecombe,Nicholas Gouriotis",127,116.0,11.0,0,0,0,0,0,0,0,0,0,0,0,0,1,2,0,1,0,2,1
01:56,,Jumper MISSED by Lawrence's Nicholas Gouriotis,,6513263,2025-12-10,Wis.-Whitewater,Lawrence,1,,,25.0,43.0,Lawrence,0,0,False,Nicholas Gouriotis,"Collin Madson,Isaac Verges,JR Lukenbill,Jake Quast,Rashad Rogers","CJ Campbell,Jackson Weber,Landon Key,Matai Edgecombe,Nicholas Gouriotis",116,113.0,3.0,0,0,1,0,1,0,0,0,0,0,0,0,0,2,0,1,0,2,1
01:53,,Defensive rebound by Wis.-Whitewater's Jake Quast,,6513263,2025-12-10,Wis.-Whitewater,Lawrence,1,,,25.0,43.0,Wis.-Whitewater,0,0,False,Jake Quast,"Collin Madson,Isaac Verges,JR Lukenbill,Jake Quast,Rashad Rogers","CJ Campbell,Jackson Weber,Landon Key,Matai Edgecombe,Nicholas Gouriotis",113,108.0,5.0,0,0,0,0,0,0,0,0,0,0,0,0,1,2,0,1,0,2,1
01:48,,Layup MISSED by Wis.-Whitewater's Rashad Rogers,,6513263,2025-12-10,Wis.-Whitewater,Lawrence,1,,,25.0,43.0,Wis.-Whitewater,0,0,False,Rashad Rogers,"Collin Madson,Isaac Verges,JR Lukenbill,Jake Quast,Rashad Rogers","CJ Campbell,Jackson Weber,Landon Key,Matai Edgecombe,Nicholas Gouriotis",108,107.0,1.0,0,0,1,0,0,0,0,0,0,0,0,0,0,2,0,1,0,2,1
01:47,,Defensive rebound by Lawrence's CJ Campbell,,6513263,2025-12-10,Wis.-Whitewater,Lawrence,1,,,25.0,43.0,Lawrence,0,0,False,CJ Campbell,"Collin Madson,Isaac Verges,JR Lukenbill,Jake Quast,Rashad Rogers","CJ Campbell,Jackson Weber,Landon Key,Matai Edgecombe,Nicholas Gouriotis",107,107.0,0.0,0,0,0,0,0,0,0,0,0,0,0,0,1,2,0,1,0,2,1
01:47,,Personal Foul on Wis.-Whitewater's Rashad Rogers (CJ Campbell draws the foul),,6513263,2025-12-10,Wis.-Whitewater,Lawrence,1,,,25.0,43.0,Wis.-Whitewater,0,0,False,Rashad Rogers,"Collin Madson,Isaac Verges,JR Lukenbill,Jake Quast,Rashad Rogers","CJ Campbell,Jackson Weber,Landon Key,Matai Edgecombe,Nicholas Gouriotis",107,107.0,0.0,0,0,0,0,0,0,0,1,0,0,0,0,0,2,0,1,0,2,1
01:47,,Free Throw by Lawrence's CJ Campbell,(43-26),6513263,2025-12-10,Wis.-Whitewater,Lawrence,1,43.0,26.0,26.0,43.0,Lawrence,1,0,True,CJ Campbell,"Collin Madson,Isaac Verges,JR Lukenbill,Jake Quast,Rashad Rogers","CJ Campbell,Jackson Weber,Landon Key,Matai Edgecombe,Nicholas Gouriotis",107,107.0,0.0,1,0,0,0,0,1,1,0,0,0,0,0,0,2,0,1,0,2,1
01:47,,Subbing out for Wis.-Whitewater-Rashad Rogers,,6513263,2025-12-10,Wis.-Whitewater,Lawrence,1,,,26.0,43.0,,0,0,False,Rashad Rogers,"Collin Madson,Isaac Verges,JR Lukenbill,Jake Quast","CJ Campbell,Jackson Weber,Landon Key,Matai Edgecombe,Nicholas Gouriotis",107,107.0,0.0,0,0,0,0,0,0,0,0,0,0,0,0,0,2,0,1,0,2,1
01:47,,Subbing in for Wis.-Whitewater-Joey Berezowitz,,6513263,2025-12-10,Wis.-Whitewater,Lawrence,1,,,26.0,43.0,,0,0,False,Joey Berezowitz,"Collin Madson,Isaac Verges,JR Lukenbill,Jake Quast,Joey Berezowitz","CJ Campbell,Jackson Weber,Landon Key,Matai Edgecombe,Nicholas Gouriotis",107,107.0,0.0,0,0,0,0,0,0,0,0,0,0,0,0,0,2,0,1,0,2,1
01:47,,Free Throw by Lawrence's CJ Campbell,(43-27),6513263,2025-12-10,Wis.-Whitewater,Lawrence,1,43.0,27.0,27.0,43.0,Lawrence,1,0,True,CJ Campbell,"Collin Madson,Isaac Verges,JR Lukenbill,Jake Quast,Joey Berezowitz","CJ Campbell,Jackson Weber,Landon Key,Matai Edgecombe,Nicholas Gouriotis",107,90.0,17.0,1,0,0,0,0,1,1,0,0,0,0,0,0,2,0,1,0,2,1
01:30,,Personal Foul on Lawrence's Jackson Weber (Isaac Verges draws the foul),,6513263,2025-12-10,Wis.-Whitewater,Lawrence,1,,,27.0,43.0,Lawrence,0,0,False,Jackson Weber,"Collin Madson,Isaac Verges,JR Lukenbill,Jake Quast,Joey Berezowitz","CJ Campbell,Jackson Weber,Landon Key,Matai Edgecombe,Nicholas Gouriotis",90,90.0,0.0,0,0,0,0,0,0,0,1,0,0,0,0,0,2,0,1,0,2,1
01:30,,Free Throw MISSED by Wis.-Whitewater's Isaac Verges,,6513263,2025-12-10,Wis.-Whitewater,Lawrence,1,,,27.0,43.0,Wis.-Whitewater,0,0,False,Isaac Verges,"Collin Madson,Isaac Verges,JR Lukenbill,Jake Quast,Joey Berezowitz","CJ Campbell,Jackson Weber,Landon Key,Matai Edgecombe,Nicholas Gouriotis",90,90.0,0.0,0,0,0,0,0,0,1,0,0,0,0,0,0,2,0,1,0,2,1
01:30,,Defensive rebound by Lawrence's Matai Edgecombe,,6513263,2025-12-10,Wis.-Whitewater,Lawrence,1,,,27.0,43.0,Lawrence,0,0,False,Matai Edgecombe,"Collin Madson,Isaac Verges,JR Lukenbill,Jake Quast,Joey Berezowitz","CJ Campbell,Jackson Weber,Landon Key,Matai Edgecombe,Nicholas Gouriotis",90,66.0,24.0,0,0,0,0,0,0,0,0,0,0,0,0,1,2,0,1,0,2,1
01:06,,Turnover by Lawrence 's Landon Key,,6513263,2025-12-10,Wis.-Whitewater,Lawrence,1,,,27.0,43.0,,0,0,True,Landon Key,"Collin Madson,Isaac Verges,JR Lukenbill,Jake Quast,Joey Berezowitz","CJ Campbell,Jackson Weber,Landon Key,Matai Edgecombe,Nicholas Gouriotis",66,66.0,0.0,0,0,0,0,0,0,0,0,1,0,0,0,0,2,0,1,0,2,1
01:06,,Steal by Wis.-Whitewater's JR Lukenbill,,6513263,2025-12-10,Wis.-Whitewater,Lawrence,1,,,27.0,43.0,Wis.-Whitewater,0,0,False,JR Lukenbill,"Collin Madson,Isaac Verges,JR Lukenbill,Jake Quast,Joey Berezowitz","CJ Campbell,Jackson Weber,Landon Key,Matai Edgecombe,Nicholas Gouriotis",66,59.0,7.0,0,0,0,0,0,0,0,0,0,0,1,0,0,2,0,1,0,2,1
00:59,,Layup MISSED by Wis.-Whitewater's Jake Quast,,6513263,2025-12-10,Wis.-Whitewater,Lawrence,1,,,27.0,43.0,Wis.-Whitewater,0,0,False,Jake Quast,"Collin Madson,Isaac Verges,JR Lukenbill,Jake Quast,Joey Berezowitz","CJ Campbell,Jackson Weber,Landon Key,Matai Edgecombe,Nicholas Gouriotis",59,59.0,0.0,0,0,1,0,0,0,0,0,0,0,0,0,0,2,0,1,0,2,1
00:59,,Block by Lawrence's Nicholas Gouriotis,,6513263,2025-12-10,Wis.-Whitewater,Lawrence,1,,,27.0,43.0,Lawrence,0,0,False,Nicholas Gouriotis,"Collin Madson,Isaac Verges,JR Lukenbill,Jake Quast,Joey Berezowitz","CJ Campbell,Jackson Weber,Landon Key,Matai Edgecombe,Nicholas Gouriotis",59,54.0,5.0,0,0,0,0,0,0,0,0,0,0,0,0,0,2,0,1,0,2,1
00:54,,Defensive rebound by Lawrence's Landon Key,,6513263,2025-12-10,Wis.-Whitewater,Lawrence,1,,,27.0,43.0,Lawrence,0,0,False,Landon Key,"Collin Madson,Isaac Verges,JR Lukenbill,Jake Quast,Joey Berezowitz","CJ Campbell,Jackson Weber,Landon Key,Matai Edgecombe,Nicholas Gouriotis",54,53.0,1.0,0,0,0,0,0,0,0,0,0,0,0,0,1,2,0,1,0,2,1
00:53,,Offensive foul by Lawrence's Nicholas Gouriotis,,6513263,2025-12-10,Wis.-Whitewater,Lawrence,1,,,27.0,43.0,Lawrence,0,0,True,Nicholas Gouriotis,"Collin Madson,Isaac Verges,JR Lukenbill,Jake Quast,Joey Berezowitz","CJ Campbell,Jackson Weber,Landon Key,Matai Edgecombe,Nicholas Gouriotis",53,53.0,0.0,0,0,0,0,0,0,0,1,1,0,0,0,0,2,0,1,0,2,1
00:53,,Offensive turnover by Lawrence's Nicholas Gouriotis,,6513263,2025-12-10,Wis.-Whitewater,Lawrence,1,,,27.0,43.0,Lawrence,0,0,True,Nicholas Gouriotis,"Collin Madson,Isaac Verges,JR Lukenbill,Jake Quast,Joey Berezowitz","CJ Campbell,Jackson Weber,Landon Key,Matai Edgecombe,Nicholas Gouriotis",53,43.0,10.0,0,0,0,0,0,0,0,0,0,0,0,0,0,2,0,1,0,2,1
00:43,,Jumper by Wis.-Whitewater's Collin Madson,(45-27),6513263,2025-12-10,Wis.-Whitewater,Lawrence,1,45.0,27.0,27.0,45.0,Wis.-Whitewater,0,2,True,Collin Madson,"Collin Madson,Isaac Verges,JR Lukenbill,Jake Quast,Joey Berezowitz","CJ Campbell,Jackson Weber,Landon Key,Matai Edgecombe,Nicholas Gouriotis",43,10.0,33.0,2,1,1,0,0,0,0,0,0,0,0,0,0,2,0,1,0,2,1
00:10,,Jumper MISSED by Lawrence's Matai Edgecombe,,6513263,2025-12-10,Wis.-Whitewater,Lawrence,1,,,27.0,45.0,Lawrence,0,0,False,Matai Edgecombe,"Collin Madson,Isaac Verges,JR Lukenbill,Jake Quast,Joey Berezowitz","CJ Campbell,Jackson Weber,Landon Key,Matai Edgecombe,Nicholas Gouriotis",10,10.0,0.0,0,0,1,0,1,0,0,0,0,0,0,0,0,2,0,1,0,2,1
00:10,,Offensive rebound by Lawrence's Jackson Weber,,6513263,2025-12-10,Wis.-Whitewater,Lawrence,1,,,27.0,45.0,Lawrence,0,0,False,Jackson Weber,"Collin Madson,Isaac Verges,JR Lukenbill,Jake Quast,Joey Berezowitz","CJ Campbell,Jackson Weber,Landon Key,Matai Edgecombe,Nicholas Gouriotis",10,9.0,1.0,0,0,0,0,0,0,0,0,0,0,0,1,0,2,0,1,0,2,1
00:09,,Turnover by Lawrence [shot clock violation],,6513263,2025-12-10,Wis.-Whitewater,Lawrence,1,,,27.0,45.0,,0,0,True,,"Collin Madson,Isaac Verges,JR Lukenbill,Jake Quast,Joey Berezowitz","CJ Campbell,Jackson Weber,Landon Key,Matai Edgecombe,Nicholas Gouriotis",9,0.0,9.0,0,0,0,0,0,0,0,0,1,0,0,0,0,2,0,1,0,2,1
00:00,,Personal Foul on Lawrence's Matai Edgecombe (Collin Madson draws the foul),,6513263,2025-12-10,Wis.-Whitewater,Lawrence,1,,,27.0,45.0,Lawrence,0,0,False,Matai Edgecombe,"Collin Madson,Isaac Verges,JR Lukenbill,Jake Quast,Joey Berezowitz","CJ Campbell,Jackson Weber,Landon Key,Matai Edgecombe,Nicholas Gouriotis",0,0.0,0.0,0,0,0,0,0,0,0,1,0,0,0,0,0,2,0,1,0,2,1
00:00,,Free Throw MISSED by Wis.-Whitewater's Collin Madson,,6513263,2025-12-10,Wis.-Whitewater,Lawrence,1,,,27.0,45.0,Wis.-Whitewater,0,0,False,Collin Madson,"Collin Madson,Isaac Verges,JR Lukenbill,Jake Quast,Joey Berezowitz","CJ Campbell,Jackson Weber,Landon Key,Matai Edgecombe,Nicholas Gouriotis",0,0.0,0.0,0,0,0,0,0,0,1,0,0,0,0,0,0,2,0,1,0,2,1
00:00,,Wis.-Whitewater gets a rebound from a dead ball.,,6513263,2025-12-10,Wis.-Whitewater,Lawrence,1,,,27.0,45.0,,0,0,False,,"Collin Madson,Isaac Verges,JR Lukenbill,Jake Quast,Joey Berezowitz","CJ Campbell,Jackson Weber,Landon Key,Matai Edgecombe,Nicholas Gouriotis",0,0.0,0.0,0,0,0,0,0,0,0,0,0,0,0,0,0,2,0,1,0,2,1
00:00,,Free Throw by Wis.-Whitewater's Collin Madson,(46-27),6513263,2025-12-10,Wis.-Whitewater,Lawrence,1,46.0,27.0,27.0,46.0,Wis.-Whitewater,0,1,True,Collin Madson,"Collin Madson,Isaac Verges,JR Lukenbill,Jake Quast,Joey Berezowitz","CJ Campbell,Jackson Weber,Landon Key,Matai Edgecombe,Nicholas Gouriotis",0,0.0,0.0,1,0,0,0,0,1,1,0,0,0,0,0,0,2,0,1,0,2,1
00:00,,Free Throw by Wis.-Whitewater's Collin Madson,(47-27),6513263,2025-12-10,Wis.-Whitewater,Lawrence,1,47.0,27.0,27.0,47.0,Wis.-Whitewater,0,1,True,Collin Madson,"Collin Madson,Isaac Verges,JR Lukenbill,Jake Quast,Joey Berezowitz","CJ Campbell,Jackson Weber,Landon Key,Matai Edgecombe,Nicholas Gouriotis",0,0.0,0.0,1,0,0,0,0,1,1,0,0,0,0,0,0,2,0,1,0,2,1
00:00,,End of 1st Half.,,6513263,2025-12-10,Wis.-Whitewater,Lawrence,1,,,27.0,47.0,,0,0,True,,"Collin Madson,Isaac Verges,JR Lukenbill,Jake Quast,Joey Berezowitz","CJ Campbell,Jackson Weber,Landon Key,Matai Edgecombe,Nicholas Gouriotis",0,0.0,0.0,0,0,0,0,0,0,0,0,0,0,0,0,0,2,0,1,0,2,1
20:00,,Subbing out for Lawrence-Matai Edgecombe,(47-27),6513263,2025-12-10,Wis.-Whitewater,Lawrence,2,47.0,27.0,27.0,47.0,,0,0,False,Matai Edgecombe,"Collin Madson,Isaac Verges,JR Lukenbill,Jake Quast,Joey Berezowitz","CJ Campbell,Jackson Weber,Landon Key,Nicholas Gouriotis",1200,1200.0,0.0,0,0,0,0,0,0,0,0,0,0,0,0,0,2,0,1,0,1,1
20:00,,Subbing out for Lawrence-Jackson Weber,,6513263,2025-12-10,Wis.-Whitewater,Lawrence,2,,,27.0,47.0,,0,0,False,Jackson Weber,"Collin Madson,Isaac Verges,JR Lukenbill,Jake Quast,Joey Berezowitz","CJ Campbell,Landon Key,Nicholas Gouriotis",1200,1200.0,0.0,0,0,0,0,0,0,0,0,0,0,0,0,0,2,0,1,0,0,1
20:00,,Subbing out for Lawrence-Landon Key,,6513263,2025-12-10,Wis.-Whitewater,Lawrence,2,,,27.0,47.0,,0,0,False,Landon Key,"Collin Madson,Isaac Verges,JR Lukenbill,Jake Quast,Joey Berezowitz","CJ Campbell,Nicholas Gouriotis",1200,1200.0,0.0,0,0,0,0,0,0,0,0,0,0,0,0,0,2,0,1,0,0,0
20:00,,Subbing in for Lawrence-Nathan Valentine,,6513263,2025-12-10,Wis.-Whitewater,Lawrence,2,,,27.0,47.0,,0,0,False,Nathan Valentine,"Collin Madson,Isaac Verges,JR Lukenbill,Jake Quast,Joey Berezowitz","CJ Campbell,Nathan Valentine,Nicholas Gouriotis",1200,1200.0,0.0,0,0,0,0,0,0,0,0,0,0,0,0,0,3,0,1,0,0,0
20:00,,Subbing in for Lawrence-Hogan Demovsky,,6513263,2025-12-10,Wis.-Whitewater,Lawrence,2,,,27.0,47.0,,0,0,False,Hogan Demovsky,"Collin Madson,Isaac Verges,JR Lukenbill,Jake Quast,Joey Berezowitz","CJ Campbell,Hogan Demovsky,Nathan Valentine,Nicholas Gouriotis",1200,1200.0,0.0,0,0,0,0,0,0,0,0,0,0,0,0,0,3,1,1,0,0,0
20:00,,Subbing in for Lawrence-Casey Schoenecker,,6513263,2025-12-10,Wis.-Whitewater,Lawrence,2,,,27.0,47.0,,0,0,False,Casey Schoenecker,"Collin Madson,Isaac Verges,JR Lukenbill,Jake Quast,Joey Berezowitz","CJ Campbell,Casey Schoenecker,Hogan Demovsky,Nathan Valentine,Nicholas Gouriotis",1200,1200.0,0.0,0,0,0,0,0,0,0,0,0,0,0,0,0,3,1,1,1,0,0
20:00,,Subbing out for Wis.-Whitewater-JR Lukenbill,,6513263,2025-12-10,Wis.-Whitewater,Lawrence,2,,,27.0,47.0,,0,0,False,JR Lukenbill,"Collin Madson,Isaac Verges,Jake Quast,Joey Berezowitz","CJ Campbell,Casey Schoenecker,Hogan Demovsky,Nathan Valentine,Nicholas Gouriotis",1200,1200.0,0.0,0,0,0,0,0,0,0,0,0,0,0,0,0,3,1,1,1,0,0
20:00,,Subbing out for Wis.-Whitewater-Jake Quast,,6513263,2025-12-10,Wis.-Whitewater,Lawrence,2,,,27.0,47.0,,0,0,False,Jake Quast,"Collin Madson,Isaac Verges,Joey Berezowitz","CJ Campbell,Casey Schoenecker,Hogan Demovsky,Nathan Valentine,Nicholas Gouriotis",1200,1200.0,0.0,0,0,0,0,0,0,0,0,0,0,0,0,0,3,1,1,1,0,0
20:00,,Subbing out for Wis.-Whitewater-Joey Berezowitz,,6513263,2025-12-10,Wis.-Whitewater,Lawrence,2,,,27.0,47.0,,0,0,False,Joey Berezowitz,"Collin Madson,Isaac Verges","CJ Campbell,Casey Schoenecker,Hogan Demovsky,Nathan Valentine,Nicholas Gouriotis",1200,1200.0,0.0,0,0,0,0,0,0,0,0,0,0,0,0,0,3,1,1,1,0,0
20:00,,Subbing in for Wis.-Whitewater-Brock Marino,,6513263,2025-12-10,Wis.-Whitewater,Lawrence,2,,,27.0,47.0,,0,0,False,Brock Marino,"Brock Marino,Collin Madson,Isaac Verges","CJ Campbell,Casey Schoenecker,Hogan Demovsky,Nathan Valentine,Nicholas Gouriotis",1200,1200.0,0.0,0,0,0,0,0,0,0,0,0,0,0,0,0,3,1,1,1,0,0
20:00,,Subbing in for Wis.-Whitewater-Richie Warren,,6513263,2025-12-10,Wis.-Whitewater,Lawrence,2,,,27.0,47.0,,0,0,False,Richie Warren,"Brock Marino,Collin Madson,Isaac Verges,Richie Warren","CJ Campbell,Casey Schoenecker,Hogan Demovsky,Nathan Valentine,Nicholas Gouriotis",1200,1200.0,0.0,0,0,0,0,0,0,0,0,0,0,0,0,0,3,1,1,1,0,0
20:00,,Subbing in for Wis.-Whitewater-Luke Bara,,6513263,2025-12-10,Wis.-Whitewater,Lawrence,2,,,27.0,47.0,,0,0,False,Luke Bara,"Brock Marino,Collin Madson,Isaac Verges,Luke Bara,Richie Warren","CJ Campbell,Casey Schoenecker,Hogan Demovsky,Nathan Valentine,Nicholas Gouriotis",1200,1184.0,16.0,0,0,0,0,0,0,0,0,0,0,0,0,0,3,1,1,1,0,0
19:44,,Layup MISSED by Wis.-Whitewater's Brock Marino,,6513263,2025-12-10,Wis.-Whitewater,Lawrence,2,,,27.0,47.0,Wis.-Whitewater,0,0,False,Brock Marino,"Brock Marino,Collin Madson,Isaac Verges,Luke Bara,Richie Warren","CJ Campbell,Casey Schoenecker,Hogan Demovsky,Nathan Valentine,Nicholas Gouriotis",1184,1184.0,0.0,0,0,1,0,0,0,0,0,0,0,0,0,0,3,1,1,1,0,0
19:44,,Block by Lawrence's CJ Campbell,,6513263,2025-12-10,Wis.-Whitewater,Lawrence,2,,,27.0,47.0,Lawrence,0,0,False,CJ Campbell,"Brock Marino,Collin Madson,Isaac Verges,Luke Bara,Richie Warren","CJ Campbell,Casey Schoenecker,Hogan Demovsky,Nathan Valentine,Nicholas Gouriotis",1184,1184.0,0.0,0,0,0,0,0,0,0,0,0,0,0,0,0,3,1,1,1,0,0
19:44,,Wis.-Whitewater gets a rebound from a dead ball.,,6513263,2025-12-10,Wis.-Whitewater,Lawrence,2,,,27.0,47.0,,0,0,False,,"Brock Marino,Collin Madson,Isaac Verges,Luke Bara,Richie Warren","CJ Campbell,Casey Schoenecker,Hogan Demovsky,Nathan Valentine,Nicholas Gouriotis",1184,1182.0,2.0,0,0,0,0,0,0,0,0,0,0,0,0,0,3,1,1,1,0,0
19:42,,Jumper MISSED by Wis.-Whitewater's Luke Bara,,6513263,2025-12-10,Wis.-Whitewater,Lawrence,2,,,27.0,47.0,Wis.-Whitewater,0,0,False,Luke Bara,"Brock Marino,Collin Madson,Isaac Verges,Luke Bara,Richie Warren","CJ Campbell,Casey Schoenecker,Hogan Demovsky,Nathan Valentine,Nicholas Gouriotis",1182,1180.0,2.0,0,0,1,0,1,0,0,0,0,0,0,0,0,3,1,1,1,0,0
19:40,,Wis.-Whitewater gets a rebound from a dead ball.,,6513263,2025-12-10,Wis.-Whitewater,Lawrence,2,,,27.0,47.0,,0,0,False,,"Brock Marino,Collin Madson,Isaac Verges,Luke Bara,Richie Warren","CJ Campbell,Casey Schoenecker,Hogan Demovsky,Nathan Valentine,Nicholas Gouriotis",1180,1180.0,0.0,0,0,0,0,0,0,0,0,0,0,0,0,0,3,1,1,1,0,0
19:40,,Personal Foul on Lawrence's Hogan Demovsky (Isaac Verges draws the foul),,6513263,2025-12-10,Wis.-Whitewater,Lawrence,2,,,27.0,47.0,Lawrence,0,0,False,Hogan Demovsky,"Brock Marino,Collin Madson,Isaac Verges,Luke Bara,Richie Warren","CJ Campbell,Casey Schoenecker,Hogan Demovsky,Nathan Valentine,Nicholas Gouriotis",1180,1180.0,0.0,0,0,0,0,0,0,0,1,0,0,0,0,0,3,1,1,1,0,0
19:40,,Jumper MISSED by Wis.-Whitewater's Luke Bara,,6513263,2025-12-10,Wis.-Whitewater,Lawrence,2,,,27.0,47.0,Wis.-Whitewater,0,0,False,Luke Bara,"Brock Marino,Collin Madson,Isaac Verges,Luke Bara,Richie Warren","CJ Campbell,Casey Schoenecker,Hogan Demovsky,Nathan Valentine,Nicholas Gouriotis",1180,1172.0,8.0,0,0,1,0,1,0,0,0,0,0,0,0,0,3,1,1,1,0,0
19:32,,Defensive rebound by Lawrence's Nicholas Gouriotis,,6513263,2025-12-10,Wis.-Whitewater,Lawrence,2,,,27.0,47.0,Lawrence,0,0,False,Nicholas Gouriotis,"Brock Marino,Collin Madson,Isaac Verges,Luke Bara,Richie Warren","CJ Campbell,Casey Schoenecker,Hogan Demovsky,Nathan Valentine,Nicholas Gouriotis",1172,1172.0,0.0,0,0,0,0,0,0,0,0,0,0,0,0,1,3,1,1,1,0,0
19:32,,Personal Foul on Wis.-Whitewater's Collin Madson (Nicholas Gouriotis draws the foul),,6513263,2025-12-10,Wis.-Whitewater,Lawrence,2,,,27.0,47.0,Wis.-Whitewater,0,0,False,Collin Madson,"Brock Marino,Collin Madson,Isaac Verges,Luke Bara,Richie Warren","CJ Campbell,Casey Schoenecker,Hogan Demovsky,Nathan Valentine,Nicholas Gouriotis",1172,1157.0,15.0,0,0,0,0,0,0,0,1,0,0,0,0,0,3,1,1,1,0,0
19:17,,Layup by Lawrence's Casey Schoenecker,(47-29),6513263,2025-12-10,Wis.-Whitewater,Lawrence,2,47.0,29.0,29.0,47.0,Lawrence,2,0,True,Casey Schoenecker,"Brock Marino,Collin Madson,Isaac Verges,Luke Bara,Richie Warren","CJ Campbell,Casey Schoenecker,Hogan Demovsky,Nathan Valentine,Nicholas Gouriotis",1157,1142.0,15.0,2,1,1,0,0,0,0,0,0,0,0,0,0,3,1,1,1,0,0
19:02,,Turnover by Wis.-Whitewater 's Isaac Verges,,6513263,2025-12-10,Wis.-Whitewater,Lawrence,2,,,29.0,47.0,,0,0,True,Isaac Verges,"Brock Marino,Collin Madson,Isaac Verges,Luke Bara,Richie Warren","CJ Campbell,Casey Schoenecker,Hogan Demovsky,Nathan Valentine,Nicholas Gouriotis",1142,1142.0,0.0,0,0,0,0,0,0,0,0,1,0,0,0,0,3,1,1,1,0,0
19:02,,Steal by Lawrence's Casey Schoenecker,,6513263,2025-12-10,Wis.-Whitewater,Lawrence,2,,,29.0,47.0,Lawrence,0,0,False,Casey Schoenecker,"Brock Marino,Collin Madson,Isaac Verges,Luke Bara,Richie Warren","CJ Campbell,Casey Schoenecker,Hogan Demovsky,Nathan Valentine,Nicholas Gouriotis",1142,1136.0,6.0,0,0,0,0,0,0,0,0,0,0,1,0,0,3,1,1,1,0,0
18:56,,Personal Foul on Wis.-Whitewater's Richie Warren (Casey Schoenecker draws the foul),,6513263,2025-12-10,Wis.-Whitewater,Lawrence,2,,,29.0,47.0,Wis.-Whitewater,0,0,False,Richie Warren,"Brock Marino,Collin Madson,Isaac Verges,Luke Bara,Richie Warren","CJ Campbell,Casey Schoenecker,Hogan Demovsky,Nathan Valentine,Nicholas Gouriotis",1136,1125.0,11.0,0,0,0,0,0,0,0,1,0,0,0,0,0,3,1,1,1,0,0
18:45,,Jumper MISSED by Lawrence's Hogan Demovsky,,6513263,2025-12-10,Wis.-Whitewater,Lawrence,2,,,29.0,47.0,Lawrence,0,0,False,Hogan Demovsky,"Brock Marino,Collin Madson,Isaac Verges,Luke Bara,Richie Warren","CJ Campbell,Casey Schoenecker,Hogan Demovsky,Nathan Valentine,Nicholas Gouriotis",1125,1122.0,3.0,0,0,1,0,1,0,0,0,0,0,0,0,0,3,1,1,1,0,0
18:42,,Defensive rebound by Wis.-Whitewater's Richie Warren,,6513263,2025-12-10,Wis.-Whitewater,Lawrence,2,,,29.0,47.0,Wis.-Whitewater,0,0,False,Richie Warren,"Brock Marino,Collin Madson,Isaac Verges,Luke Bara,Richie Warren","CJ Campbell,Casey Schoenecker,Hogan Demovsky,Nathan Valentine,Nicholas Gouriotis",1122,1117.0,5.0,0,0,0,0,0,0,0,0,0,0,0,0,1,3,1,1,1,0,0
18:37,,Layup MISSED by Wis.-Whitewater's Isaac Verges,,6513263,2025-12-10,Wis.-Whitewater,Lawrence,2,,,29.0,47.0,Wis.-Whitewater,0,0,False,Isaac Verges,"Brock Marino,Collin Madson,Isaac Verges,Luke Bara,Richie Warren","CJ Campbell,Casey Schoenecker,Hogan Demovsky,Nathan Valentine,Nicholas Gouriotis",1117,1117.0,0.0,0,0,1,0,0,0,0,0,0,0,0,0,0,3,1,1,1,0,0
18:37,,Lawrence gets a rebound from a dead ball.,,6513263,2025-12-10,Wis.-Whitewater,Lawrence,2,,,29.0,47.0,,0,0,False,,"Brock Marino,Collin Madson,Isaac Verges,Luke Bara,Richie Warren","CJ Campbell,Casey Schoenecker,Hogan Demovsky,Nathan Valentine,Nicholas Gouriotis",1117,1098.0,19.0,0,0,0,0,0,0,0,0,0,0,0,0,0,3,1,1,1,0,0
18:18,,Personal Foul on Wis.-Whitewater's Brock Marino (Casey Schoenecker draws the foul),,6513263,2025-12-10,Wis.-Whitewater,Lawrence,2,,,29.0,47.0,Wis.-Whitewater,0,0,False,Brock Marino,"Brock Marino,Collin Madson,Isaac Verges,Luke Bara,Richie Warren","CJ Campbell,Casey Schoenecker,Hogan Demovsky,Nathan Valentine,Nicholas Gouriotis",1098,1098.0,0.0,0,0,0,0,0,0,0,1,0,0,0,0,0,3,1,1,1,0,0
18:18,,Free Throw MISSED by Lawrence's Casey Schoenecker,,6513263,2025-12-10,Wis.-Whitewater,Lawrence,2,,,29.0,47.0,Lawrence,0,0,False,Casey Schoenecker,"Brock Marino,Collin Madson,Isaac Verges,Luke Bara,Richie Warren","CJ Campbell,Casey Schoenecker,Hogan Demovsky,Nathan Valentine,Nicholas Gouriotis",1098,1098.0,0.0,0,0,0,0,0,0,1,0,0,0,0,0,0,3,1,1,1,0,0
18:18,,Lawrence gets a rebound from a dead ball.,,6513263,2025-12-10,Wis.-Whitewater,Lawrence,2,,,29.0,47.0,,0,0,False,,"Brock Marino,Collin Madson,Isaac Verges,Luke Bara,Richie Warren","CJ Campbell,Casey Schoenecker,Hogan Demovsky,Nathan Valentine,Nicholas Gouriotis",1098,1098.0,0.0,0,0,0,0,0,0,0,0,0,0,0,0,0,3,1,1,1,0,0
18:18,,Free Throw by Lawrence's Casey Schoenecker,(47-30),6513263,2025-12-10,Wis.-Whitewater,Lawrence,2,47.0,30.0,30.0,47.0,Lawrence,1,0,True,Casey Schoenecker,"Brock Marino,Collin Madson,Isaac Verges,Luke Bara,Richie Warren","CJ Campbell,Casey Schoenecker,Hogan Demovsky,Nathan Valentine,Nicholas Gouriotis",1098,1083.0,15.0,1,0,0,0,0,1,1,0,0,0,0,0,0,3,1,1,1,0,0
18:03,,Layup by Wis.-Whitewater's Brock Marino,(49-30),6513263,2025-12-10,Wis.-Whitewater,Lawrence,2,49.0,30.0,30.0,49.0,Wis.-Whitewater,0,2,True,Brock Marino,"Brock Marino,Collin Madson,Isaac Verges,Luke Bara,Richie Warren","CJ Campbell,Casey Schoenecker,Hogan Demovsky,Nathan Valentine,Nicholas Gouriotis",1083,1083.0,0.0,2,1,1,0,0,0,0,0,0,0,0,0,0,3,1,1,1,0,0
18:03,,Assist by Wis.-Whitewater's Richie Warren,,6513263,2025-12-10,Wis.-Whitewater,Lawrence,2,,,30.0,49.0,Wis.-Whitewater,0,0,False,Richie Warren,"Brock Marino,Collin Madson,Isaac Verges,Luke Bara,Richie Warren","CJ Campbell,Casey Schoenecker,Hogan Demovsky,Nathan Valentine,Nicholas Gouriotis",1083,1069.0,14.0,0,0,0,0,0,0,0,0,0,1,0,0,0,3,1,1,1,0,0
17:49,,Layup by Lawrence's Nicholas Gouriotis,(49-32),6513263,2025-12-10,Wis.-Whitewater,Lawrence,2,49.0,32.0,32.0,49.0,Lawrence,2,0,True,Nicholas Gouriotis,"Brock Marino,Collin Madson,Isaac Verges,Luke Bara,Richie Warren","CJ Campbell,Casey Schoenecker,Hogan Demovsky,Nathan Valentine,Nicholas Gouriotis",1069,1069.0,0.0,2,1,1,0,0,0,0,0,0,0,0,0,0,3,1,1,1,0,0
17:49,,Assist by Lawrence's Nathan Valentine,,6513263,2025-12-10,Wis.-Whitewater,Lawrence,2,,,32.0,49.0,Lawrence,0,0,False,Nathan Valentine,"Brock Marino,Collin Madson,Isaac Verges,Luke Bara,Richie Warren","CJ Campbell,Casey Schoenecker,Hogan Demovsky,Nathan Valentine,Nicholas Gouriotis",1069,1068.0,1.0,0,0,0,0,0,0,0,0,0,1,0,0,0,3,1,1,1,0,0
17:48,,Lawrence takes a [full] time out.,,6513263,2025-12-10,Wis.-Whitewater,Lawrence,2,,,32.0,49.0,,0,0,False,,"Brock Marino,Collin Madson,Isaac Verges,Luke Bara,Richie Warren","CJ Campbell,Casey Schoenecker,Hogan Demovsky,Nathan Valentine,Nicholas Gouriotis",1068,1050.0,18.0,0,0,0,0,0,0,0,0,0,0,0,0,0,3,1,1,1,0,0
17:30,,Layup MISSED by Wis.-Whitewater's Richie Warren,,6513263,2025-12-10,Wis.-Whitewater,Lawrence,2,,,32.0,49.0,Wis.-Whitewater,0,0,False,Richie Warren,"Brock Marino,Collin Madson,Isaac Verges,Luke Bara,Richie Warren","CJ Campbell,Casey Schoenecker,Hogan Demovsky,Nathan Valentine,Nicholas Gouriotis",1050,1050.0,0.0,0,0,1,0,0,0,0,0,0,0,0,0,0,3,1,1,1,0,0
17:30,,Block by Lawrence's Casey Schoenecker,,6513263,2025-12-10,Wis.-Whitewater,Lawrence,2,,,32.0,49.0,Lawrence,0,0,False,Casey Schoenecker,"Brock Marino,Collin Madson,Isaac Verges,Luke Bara,Richie Warren","CJ Campbell,Casey Schoenecker,Hogan Demovsky,Nathan Valentine,Nicholas Gouriotis",1050,1042.0,8.0,0,0,0,0,0,0,0,0,0,0,0,0,0,3,1,1,1,0,0
17:22,,Defensive rebound by Lawrence's CJ Campbell,,6513263,2025-12-10,Wis.-Whitewater,Lawrence,2,,,32.0,49.0,Lawrence,0,0,False,CJ Campbell,"Brock Marino,Collin Madson,Isaac Verges,Luke Bara,Richie Warren","CJ Campbell,Casey Schoenecker,Hogan Demovsky,Nathan Valentine,Nicholas Gouriotis",1042,1036.0,6.0,0,0,0,0,0,0,0,0,0,0,0,0,1,3,1,1,1,0,0
17:16,,Subbing out for Wis.-Whitewater-Isaac Verges,,6513263,2025-12-10,Wis.-Whitewater,Lawrence,2,,,32.0,49.0,,0,0,False,Isaac Verges,"Brock Marino,Collin Madson,Luke Bara,Richie Warren","CJ Campbell,Casey Schoenecker,Hogan Demovsky,Nathan Valentine,Nicholas Gouriotis",1036,1036.0,0.0,0,0,0,0,0,0,0,0,0,0,0,0,0,3,1,1,1,0,0
17:16,,Subbing out for Wis.-Whitewater-Brock Marino,,6513263,2025-12-10,Wis.-Whitewater,Lawrence,2,,,32.0,49.0,,0,0,False,Brock Marino,"Collin Madson,Luke Bara,Richie Warren","CJ Campbell,Casey Schoenecker,Hogan Demovsky,Nathan Valentine,Nicholas Gouriotis",1036,1036.0,0.0,0,0,0,0,0,0,0,0,0,0,0,0,0,3,1,1,1,0,0
17:16,,Subbing out for Wis.-Whitewater-Richie Warren,,6513263,2025-12-10,Wis.-Whitewater,Lawrence,2,,,32.0,49.0,,0,0,False,Richie Warren,"Collin Madson,Luke Bara","CJ Campbell,Casey Schoenecker,Hogan Demovsky,Nathan Valentine,Nicholas Gouriotis",1036,1036.0,0.0,0,0,0,0,0,0,0,0,0,0,0,0,0,3,1,1,1,0,0
17:16,,Subbing out for Wis.-Whitewater-Luke Bara,,6513263,2025-12-10,Wis.-Whitewater,Lawrence,2,,,32.0,49.0,,0,0,False,Luke Bara,Collin Madson,"CJ Campbell,Casey Schoenecker,Hogan Demovsky,Nathan Valentine,Nicholas Gouriotis",1036,1036.0,0.0,0,0,0,0,0,0,0,0,0,0,0,0,0,3,1,1,1,0,0
17:16,,Subbing in for Wis.-Whitewater-Kelton McEwen,,6513263,2025-12-10,Wis.-Whitewater,Lawrence,2,,,32.0,49.0,,0,0,False,Kelton McEwen,"Collin Madson,Kelton McEwen","CJ Campbell,Casey Schoenecker,Hogan Demovsky,Nathan Valentine,Nicholas Gouriotis",1036,1036.0,0.0,0,0,0,0,0,0,0,0,0,0,0,0,0,3,1,1,1,0,0
17:16,,Subbing in for Wis.-Whitewater-Jake Quast,,6513263,2025-12-10,Wis.-Whitewater,Lawrence,2,,,32.0,49.0,,0,0,False,Jake Quast,"Collin Madson,Jake Quast,Kelton McEwen","CJ Campbell,Casey Schoenecker,Hogan Demovsky,Nathan Valentine,Nicholas Gouriotis",1036,1036.0,0.0,0,0,0,0,0,0,0,0,0,0,0,0,0,3,1,1,1,0,0
17:16,,Subbing in for Wis.-Whitewater-Joey Berezowitz,,6513263,2025-12-10,Wis.-Whitewater,Lawrence,2,,,32.0,49.0,,0,0,False,Joey Berezowitz,"Collin Madson,Jake Quast,Joey Berezowitz,Kelton McEwen","CJ Campbell,Casey Schoenecker,Hogan Demovsky,Nathan Valentine,Nicholas Gouriotis",1036,1036.0,0.0,0,0,0,0,0,0,0,0,0,0,0,0,0,3,1,1,1,0,0
17:16,,Subbing in for Wis.-Whitewater-Rashad Rogers,,6513263,2025-12-10,Wis.-Whitewater,Lawrence,2,,,32.0,49.0,,0,0,False,Rashad Rogers,"Collin Madson,Jake Quast,Joey Berezowitz,Kelton McEwen,Rashad Rogers","CJ Campbell,Casey Schoenecker,Hogan Demovsky,Nathan Valentine,Nicholas Gouriotis",1036,1035.0,1.0,0,0,0,0,0,0,0,0,0,0,0,0,0,3,1,1,1,0,0
17:15,,Turnover by Lawrence 's Nathan Valentine,,6513263,2025-12-10,Wis.-Whitewater,Lawrence,2,,,32.0,49.0,,0,0,True,Nathan Valentine,"Collin Madson,Jake Quast,Joey Berezowitz,Kelton McEwen,Rashad Rogers","CJ Campbell,Casey Schoenecker,Hogan Demovsky,Nathan Valentine,Nicholas Gouriotis",1035,1035.0,0.0,0,0,0,0,0,0,0,0,1,0,0,0,0,3,1,1,1,0,0
17:15,,Steal by Wis.-Whitewater's Collin Madson,,6513263,2025-12-10,Wis.-Whitewater,Lawrence,2,,,32.0,49.0,Wis.-Whitewater,0,0,False,Collin Madson,"Collin Madson,Jake Quast,Joey Berezowitz,Kelton McEwen,Rashad Rogers","CJ Campbell,Casey Schoenecker,Hogan Demovsky,Nathan Valentine,Nicholas Gouriotis",1035,1032.0,3.0,0,0,0,0,0,0,0,0,0,0,1,0,0,3,1,1,1,0,0
17:12,,Layup by Wis.-Whitewater's Collin Madson,(51-32),6513263,2025-12-10,Wis.-Whitewater,Lawrence,2,51.0,32.0,32.0,51.0,Wis.-Whitewater,0,2,True,Collin Madson,"Collin Madson,Jake Quast,Joey Berezowitz,Kelton McEwen,Rashad Rogers","CJ Campbell,Casey Schoenecker,Hogan Demovsky,Nathan Valentine,Nicholas Gouriotis",1032,1013.0,19.0,2,1,1,0,0,0,0,0,0,0,0,0,0,3,1,1,1,0,0
16:53,,Layup by Lawrence's Casey Schoenecker,(51-34),6513263,2025-12-10,Wis.-Whitewater,Lawrence,2,51.0,34.0,34.0,51.0,Lawrence,2,0,True,Casey Schoenecker,"Collin Madson,Jake Quast,Joey Berezowitz,Kelton McEwen,Rashad Rogers","CJ Campbell,Casey Schoenecker,Hogan Demovsky,Nathan Valentine,Nicholas Gouriotis",1013,1013.0,0.0,2,1,1,0,0,0,0,0,0,0,0,0,0,3,1,1,1,0,0
16:53,,Assist by Lawrence's Nathan Valentine,,6513263,2025-12-10,Wis.-Whitewater,Lawrence,2,,,34.0,51.0,Lawrence,0,0,False,Nathan Valentine,"Collin Madson,Jake Quast,Joey Berezowitz,Kelton McEwen,Rashad Rogers","CJ Campbell,Casey Schoenecker,Hogan Demovsky,Nathan Valentine,Nicholas Gouriotis",1013,991.0,22.0,0,0,0,0,0,0,0,0,0,1,0,0,0,3,1,1,1,0,0
16:31,,Jumper MISSED by Wis.-Whitewater's Kelton McEwen,,6513263,2025-12-10,Wis.-Whitewater,Lawrence,2,,,34.0,51.0,Wis.-Whitewater,0,0,False,Kelton McEwen,"Collin Madson,Jake Quast,Joey Berezowitz,Kelton McEwen,Rashad Rogers","CJ Campbell,Casey Schoenecker,Hogan Demovsky,Nathan Valentine,Nicholas Gouriotis",991,987.0,4.0,0,0,1,0,1,0,0,0,0,0,0,0,0,3,1,1,1,0,0
16:27,,Offensive rebound by Wis.-Whitewater's Jake Quast,,6513263,2025-12-10,Wis.-Whitewater,Lawrence,2,,,34.0,51.0,Wis.-Whitewater,0,0,False,Jake Quast,"Collin Madson,Jake Quast,Joey Berezowitz,Kelton McEwen,Rashad Rogers","CJ Campbell,Casey Schoenecker,Hogan Demovsky,Nathan Valentine,Nicholas Gouriotis",987,978.0,9.0,0,0,0,0,0,0,0,0,0,0,0,1,0,3,1,1,1,0,0
16:18,,Turnover by Wis.-Whitewater 's Collin Madson,,6513263,2025-12-10,Wis.-Whitewater,Lawrence,2,,,34.0,51.0,,0,0,True,Collin Madson,"Collin Madson,Jake Quast,Joey Berezowitz,Kelton McEwen,Rashad Rogers","CJ Campbell,Casey Schoenecker,Hogan Demovsky,Nathan Valentine,Nicholas Gouriotis",978,978.0,0.0,0,0,0,0,0,0,0,0,1,0,0,0,0,3,1,1,1,0,0
16:18,,Steal by Lawrence's Nicholas Gouriotis,,6513263,2025-12-10,Wis.-Whitewater,Lawrence,2,,,34.0,51.0,Lawrence,0,0,False,Nicholas Gouriotis,"Collin Madson,Jake Quast,Joey Berezowitz,Kelton McEwen,Rashad Rogers","CJ Campbell,Casey Schoenecker,Hogan Demovsky,Nathan Valentine,Nicholas Gouriotis",978,972.0,6.0,0,0,0,0,0,0,0,0,0,0,1,0,0,3,1,1,1,0,0
16:12,,Jumper by Lawrence's CJ Campbell,(51-37),6513263,2025-12-10,Wis.-Whitewater,Lawrence,2,51.0,37.0,37.0,51.0,Lawrence,3,0,True,CJ Campbell,"Collin Madson,Jake Quast,Joey Berezowitz,Kelton McEwen,Rashad Rogers","CJ Campbell,Casey Schoenecker,Hogan Demovsky,Nathan Valentine,Nicholas Gouriotis",972,972.0,0.0,3,1,1,1,1,0,0,0,0,0,0,0,0,3,1,1,1,0,0
16:12,,Assist by Lawrence's Nathan Valentine,,6513263,2025-12-10,Wis.-Whitewater,Lawrence,2,,,37.0,51.0,Lawrence,0,0,False,Nathan Valentine,"Collin Madson,Jake Quast,Joey Berezowitz,Kelton McEwen,Rashad Rogers","CJ Campbell,Casey Schoenecker,Hogan Demovsky,Nathan Valentine,Nicholas Gouriotis",972,940.0,32.0,0,0,0,0,0,0,0,0,0,1,0,0,0,3,1,1,1,0,0
15:40,,Layup MISSED by Wis.-Whitewater's Joey Berezowitz,,6513263,2025-12-10,Wis.-Whitewater,Lawrence,2,,,37.0,51.0,Wis.-Whitewater,0,0,False,Joey Berezowitz,"Collin Madson,Jake Quast,Joey Berezowitz,Kelton McEwen,Rashad Rogers","CJ Campbell,Casey Schoenecker,Hogan Demovsky,Nathan Valentine,Nicholas Gouriotis",940,940.0,0.0,0,0,1,0,0,0,0,0,0,0,0,0,0,3,1,1,1,0,0
15:40,,Block by Lawrence's Casey Schoenecker,,6513263,2025-12-10,Wis.-Whitewater,Lawrence,2,,,37.0,51.0,Lawrence,0,0,False,Casey Schoenecker,"Collin Madson,Jake Quast,Joey Berezowitz,Kelton McEwen,Rashad Rogers","CJ Campbell,Casey Schoenecker,Hogan Demovsky,Nathan Valentine,Nicholas Gouriotis",940,940.0,0.0,0,0,0,0,0,0,0,0,0,0,0,0,0,3,1,1,1,0,0
15:40,,Defensive rebound by Lawrence's CJ Campbell,,6513263,2025-12-10,Wis.-Whitewater,Lawrence,2,,,37.0,51.0,Lawrence,0,0,False,CJ Campbell,"Collin Madson,Jake Quast,Joey Berezowitz,Kelton McEwen,Rashad Rogers","CJ Campbell,Casey Schoenecker,Hogan Demovsky,Nathan Valentine,Nicholas Gouriotis",940,932.0,8.0,0,0,0,0,0,0,0,0,0,0,0,0,1,3,1,1,1,0,0
15:32,,Personal Foul on Wis.-Whitewater's Jake Quast (Nathan Valentine draws the foul),,6513263,2025-12-10,Wis.-Whitewater,Lawrence,2,,,37.0,51.0,Wis.-Whitewater,0,0,False,Jake Quast,"Collin Madson,Jake Quast,Joey Berezowitz,Kelton McEwen,Rashad Rogers","CJ Campbell,Casey Schoenecker,Hogan Demovsky,Nathan Valentine,Nicholas Gouriotis",932,932.0,0.0,0,0,0,0,0,0,0,1,0,0,0,0,0,3,1,1,1,0,0
15:32,,Free Throw by Lawrence's Nathan Valentine,(51-38),6513263,2025-12-10,Wis.-Whitewater,Lawrence,2,51.0,38.0,38.0,51.0,Lawrence,1,0,True,Nathan Valentine,"Collin Madson,Jake Quast,Joey Berezowitz,Kelton McEwen,Rashad Rogers","CJ Campbell,Casey Schoenecker,Hogan Demovsky,Nathan Valentine,Nicholas Gouriotis",932,932.0,0.0,1,0,0,0,0,1,1,0,0,0,0,0,0,3,1,1,1,0,0
15:32,,Subbing out for Lawrence-Hogan Demovsky,,6513263,2025-12-10,Wis.-Whitewater,Lawrence,2,,,38.0,51.0,,0,0,False,Hogan Demovsky,"Collin Madson,Jake Quast,Joey Berezowitz,Kelton McEwen,Rashad Rogers","CJ Campbell,Casey Schoenecker,Nathan Valentine,Nicholas Gouriotis",932,932.0,0.0,0,0,0,0,0,0,0,0,0,0,0,0,0,3,0,1,1,0,0
15:32,,Subbing out for Lawrence-Nicholas Gouriotis,,6513263,2025-12-10,Wis.-Whitewater,Lawrence,2,,,38.0,51.0,,0,0,False,Nicholas Gouriotis,"Collin Madson,Jake Quast,Joey Berezowitz,Kelton McEwen,Rashad Rogers","CJ Campbell,Casey Schoenecker,Nathan Valentine",932,932.0,0.0,0,0,0,0,0,0,0,0,0,0,0,0,0,2,0,1,1,0,0
15:32,,Subbing in for Lawrence-Cameron Nash,,6513263,2025-12-10,Wis.-Whitewater,Lawrence,2,,,38.0,51.0,,0,0,False,Cameron Nash,"Collin Madson,Jake Quast,Joey Berezowitz,Kelton McEwen,Rashad Rogers","CJ Campbell,Cameron Nash,Casey Schoenecker,Nathan Valentine",932,932.0,0.0,0,0,0,0,0,0,0,0,0,0,0,0,0,2,0,1,1,1,0
15:32,,Subbing in for Lawrence-Nicolas Manzanera,,6513263,2025-12-10,Wis.-Whitewater,Lawrence,2,,,38.0,51.0,,0,0,False,Nicolas Manzanera,"Collin Madson,Jake Quast,Joey Berezowitz,Kelton McEwen,Rashad Rogers","CJ Campbell,Cameron Nash,Casey Schoenecker,Nathan Valentine,Nicolas Manzanera",932,932.0,0.0,0,0,0,0,0,0,0,0,0,0,0,0,0,2,1,1,1,1,0
15:32,,Free Throw by Lawrence's Nathan Valentine,(51-39),6513263,2025-12-10,Wis.-Whitewater,Lawrence,2,51.0,39.0,39.0,51.0,Lawrence,1,0,True,Nathan Valentine,"Collin Madson,Jake Quast,Joey Berezowitz,Kelton McEwen,Rashad Rogers","CJ Campbell,Cameron Nash,Casey Schoenecker,Nathan Valentine,Nicolas Manzanera",932,930.0,2.0,1,0,0,0,0,1,1,0,0,0,0,0,0,2,1,1,1,1,0
15:30,,Subbing out for Lawrence-Nathan Valentine,,6513263,2025-12-10,Wis.-Whitewater,Lawrence,2,,,39.0,51.0,,0,0,False,Nathan Valentine,"Collin Madson,Jake Quast,Joey Berezowitz,Kelton McEwen,Rashad Rogers","CJ Campbell,Cameron Nash,Casey Schoenecker,Nicolas Manzanera",930,930.0,0.0,0,0,0,0,0,0,0,0,0,0,0,0,0,1,1,1,1,1,0
15:30,,Subbing in for Lawrence-Caleb Nash,,6513263,2025-12-10,Wis.-Whitewater,Lawrence,2,,,39.0,51.0,,0,0,False,Caleb Nash,"Collin Madson,Jake Quast,Joey Berezowitz,Kelton McEwen,Rashad Rogers","CJ Campbell,Caleb Nash,Cameron Nash,Casey Schoenecker,Nicolas Manzanera",930,909.0,21.0,0,0,0,0,0,0,0,0,0,0,0,0,0,1,1,1,2,1,0
15:09,,Jumper by Wis.-Whitewater's Collin Madson,(54-39),6513263,2025-12-10,Wis.-Whitewater,Lawrence,2,54.0,39.0,39.0,54.0,Wis.-Whitewater,0,3,True,Collin Madson,"Collin Madson,Jake Quast,Joey Berezowitz,Kelton McEwen,Rashad Rogers","CJ Campbell,Caleb Nash,Cameron Nash,Casey Schoenecker,Nicolas Manzanera",909,909.0,0.0,3,1,1,1,1,0,0,0,0,0,0,0,0,1,1,1,2,1,0
15:09,,Assist by Wis.-Whitewater's Joey Berezowitz,,6513263,2025-12-10,Wis.-Whitewater,Lawrence,2,,,39.0,54.0,Wis.-Whitewater,0,0,False,Joey Berezowitz,"Collin Madson,Jake Quast,Joey Berezowitz,Kelton McEwen,Rashad Rogers","CJ Campbell,Caleb Nash,Cameron Nash,Casey Schoenecker,Nicolas Manzanera",909,907.0,2.0,0,0,0,0,0,0,0,0,0,1,0,0,0,1,1,1,2,1,0
15:07,,Wis.-Whitewater takes a [full] time out.,,6513263,2025-12-10,Wis.-Whitewater,Lawrence,2,,,39.0,54.0,,0,0,False,,"Collin Madson,Jake Quast,Joey Berezowitz,Kelton McEwen,Rashad Rogers","CJ Campbell,Caleb Nash,Cameron Nash,Casey Schoenecker,Nicolas Manzanera",907,895.0,12.0,0,0,0,0,0,0,0,0,0,0,0,0,0,1,1,1,2,1,0
14:55,,Layup MISSED by Lawrence's Caleb Nash,,6513263,2025-12-10,Wis.-Whitewater,Lawrence,2,,,39.0,54.0,Lawrence,0,0,False,Caleb Nash,"Collin Madson,Jake Quast,Joey Berezowitz,Kelton McEwen,Rashad Rogers","CJ Campbell,Caleb Nash,Cameron Nash,Casey Schoenecker,Nicolas Manzanera",895,892.0,3.0,0,0,1,0,0,0,0,0,0,0,0,0,0,1,1,1,2,1,0
14:52,,Defensive rebound by Wis.-Whitewater's Jake Quast,,6513263,2025-12-10,Wis.-Whitewater,Lawrence,2,,,39.0,54.0,Wis.-Whitewater,0,0,False,Jake Quast,"Collin Madson,Jake Quast,Joey Berezowitz,Kelton McEwen,Rashad Rogers","CJ Campbell,Caleb Nash,Cameron Nash,Casey Schoenecker,Nicolas Manzanera",892,883.0,9.0,0,0,0,0,0,0,0,0,0,0,0,0,1,1,1,1,2,1,0
14:43,,Turnover by Wis.-Whitewater 's Rashad Rogers,,6513263,2025-12-10,Wis.-Whitewater,Lawrence,2,,,39.0,54.0,,0,0,True,Rashad Rogers,"Collin Madson,Jake Quast,Joey Berezowitz,Kelton McEwen,Rashad Rogers","CJ Campbell,Caleb Nash,Cameron Nash,Casey Schoenecker,Nicolas Manzanera",883,870.0,13.0,0,0,0,0,0,0,0,0,1,0,0,0,0,1,1,1,2,1,0
14:30,,Jumper MISSED by Lawrence's Cameron Nash,,6513263,2025-12-10,Wis.-Whitewater,Lawrence,2,,,39.0,54.0,Lawrence,0,0,False,Cameron Nash,"Collin Madson,Jake Quast,Joey Berezowitz,Kelton McEwen,Rashad Rogers","CJ Campbell,Caleb Nash,Cameron Nash,Casey Schoenecker,Nicolas Manzanera",870,867.0,3.0,0,0,1,0,1,0,0,0,0,0,0,0,0,1,1,1,2,1,0
14:27,,Defensive rebound by Wis.-Whitewater's Jake Quast,,6513263,2025-12-10,Wis.-Whitewater,Lawrence,2,,,39.0,54.0,Wis.-Whitewater,0,0,False,Jake Quast,"Collin Madson,Jake Quast,Joey Berezowitz,Kelton McEwen,Rashad Rogers","CJ Campbell,Caleb Nash,Cameron Nash,Casey Schoenecker,Nicolas Manzanera",867,839.0,28.0,0,0,0,0,0,0,0,0,0,0,0,0,1,1,1,1,2,1,0
13:59,,Jumper MISSED by Wis.-Whitewater's Kelton McEwen,,6513263,2025-12-10,Wis.-Whitewater,Lawrence,2,,,39.0,54.0,Wis.-Whitewater,0,0,False,Kelton McEwen,"Collin Madson,Jake Quast,Joey Berezowitz,Kelton McEwen,Rashad Rogers","CJ Campbell,Caleb Nash,Cameron Nash,Casey Schoenecker,Nicolas Manzanera",839,838.0,1.0,0,0,1,0,1,0,0,0,0,0,0,0,0,1,1,1,2,1,0
13:58,,Offensive rebound by Wis.-Whitewater's Jake Quast,,6513263,2025-12-10,Wis.-Whitewater,Lawrence,2,,,39.0,54.0,Wis.-Whitewater,0,0,False,Jake Quast,"Collin Madson,Jake Quast,Joey Berezowitz,Kelton McEwen,Rashad Rogers","CJ Campbell,Caleb Nash,Cameron Nash,Casey Schoenecker,Nicolas Manzanera",838,838.0,0.0,0,0,0,0,0,0,0,0,0,0,0,1,0,1,1,1,2,1,0
13:58,,Personal Foul on Lawrence's Cameron Nash (Jake Quast draws the foul),,6513263,2025-12-10,Wis.-Whitewater,Lawrence,2,,,39.0,54.0,Lawrence,0,0,False,Cameron Nash,"Collin Madson,Jake Quast,Joey Berezowitz,Kelton McEwen,Rashad Rogers","CJ Campbell,Caleb Nash,Cameron Nash,Casey Schoenecker,Nicolas Manzanera",838,838.0,0.0,0,0,0,0,0,0,0,1,0,0,0,0,0,1,1,1,2,1,0
13:58,,Free Throw by Wis.-Whitewater's Jake Quast,(55-39),6513263,2025-12-10,Wis.-Whitewater,Lawrence,2,55.0,39.0,39.0,55.0,Wis.-Whitewater,0,1,True,Jake Quast,"Collin Madson,Jake Quast,Joey Berezowitz,Kelton McEwen,Rashad Rogers","CJ Campbell,Caleb Nash,Cameron Nash,Casey Schoenecker,Nicolas Manzanera",838,838.0,0.0,1,0,0,0,0,1,1,0,0,0,0,0,0,1,1,1,2,1,0
13:58,,Subbing out for Lawrence-Caleb Nash,,6513263,2025-12-10,Wis.-Whitewater,Lawrence,2,,,39.0,55.0,,0,0,False,Caleb Nash,"Collin Madson,Jake Quast,Joey Berezowitz,Kelton McEwen,Rashad Rogers","CJ Campbell,Cameron Nash,Casey Schoenecker,Nicolas Manzanera",838,838.0,0.0,0,0,0,0,0,0,0,0,0,0,0,0,0,1,1,1,1,1,0
13:58,,Subbing out for Lawrence-Cameron Nash,,6513263,2025-12-10,Wis.-Whitewater,Lawrence,2,,,39.0,55.0,,0,0,False,Cameron Nash,"Collin Madson,Jake Quast,Joey Berezowitz,Kelton McEwen,Rashad Rogers","CJ Campbell,Casey Schoenecker,Nicolas Manzanera",838,838.0,0.0,0,0,0,0,0,0,0,0,0,0,0,0,0,1,1,1,1,0,0
13:58,,Subbing in for Lawrence-Jackson Weber,,6513263,2025-12-10,Wis.-Whitewater,Lawrence,2,,,39.0,55.0,,0,0,False,Jackson Weber,"Collin Madson,Jake Quast,Joey Berezowitz,Kelton McEwen,Rashad Rogers","CJ Campbell,Casey Schoenecker,Jackson Weber,Nicolas Manzanera",838,838.0,0.0,0,0,0,0,0,0,0,0,0,0,0,0,0,1,1,1,1,1,0
13:58,,Subbing in for Lawrence-Damian Cejka,(61-46),6513263,2025-12-10,Wis.-Whitewater,Lawrence,2,61.0,46.0,46.0,61.0,,7,6,True,Damian Cejka,"Collin Madson,Jake Quast,Joey Berezowitz,Kelton McEwen,Rashad Rogers","CJ Campbell,Casey Schoenecker,Damian Cejka,Jackson Weber,Nicolas Manzanera",838,838.0,0.0,7,0,0,0,0,0,0,0,0,0,0,0,0,1,1,1,1,2,0
13:58,,Subbing in for Lawrence-Nicholas Gouriotis,,6513263,2025-12-10,Wis.-Whitewater,Lawrence,2,,,46.0,61.0,,0,0,False,Nicholas Gouriotis,"Collin Madson,Jake Quast,Joey Berezowitz,Kelton McEwen,Rashad Rogers","CJ Campbell,Casey Schoenecker,Damian Cejka,Jackson Weber,Nicholas Gouriotis,Nicolas Manzanera",838,838.0,0.0,0,0,0,0,0,0,0,0,0,0,0,0,0,2,1,1,1,2,0
13:58,,Free Throw by Wis.-Whitewater's Jake Quast,(56-39),6513263,2025-12-10,Wis.-Whitewater,Lawrence,2,56.0,39.0,39.0,56.0,Wis.-Whitewater,-7,-5,False,Jake Quast,"Collin Madson,Jake Quast,Joey Berezowitz,Kelton McEwen,Rashad Rogers","CJ Campbell,Casey Schoenecker,Damian Cejka,Jackson Weber,Nicholas Gouriotis,Nicolas Manzanera",838,819.0,19.0,0,0,0,0,0,0,0,0,0,0,0,0,0,2,1,1,1,2,0
13:39,,Layup by Lawrence's Casey Schoenecker,(56-41),6513263,2025-12-10,Wis.-Whitewater,Lawrence,2,56.0,41.0,41.0,56.0,Lawrence,2,0,True,Casey Schoenecker,"Collin Madson,Jake Quast,Joey Berezowitz,Kelton McEwen,Rashad Rogers","CJ Campbell,Casey Schoenecker,Damian Cejka,Jackson Weber,Nicholas Gouriotis,Nicolas Manzanera",819,819.0,0.0,2,1,1,0,0,0,0,0,0,0,0,0,0,2,1,1,1,2,0
13:39,,Personal Foul on Wis.-Whitewater's Rashad Rogers (Casey Schoenecker draws the foul),,6513263,2025-12-10,Wis.-Whitewater,Lawrence,2,,,41.0,56.0,Wis.-Whitewater,0,0,False,Rashad Rogers,"Collin Madson,Jake Quast,Joey Berezowitz,Kelton McEwen,Rashad Rogers","CJ Campbell,Casey Schoenecker,Damian Cejka,Jackson Weber,Nicholas Gouriotis,Nicolas Manzanera",819,819.0,0.0,0,0,0,0,0,0,0,1,0,0,0,0,0,2,1,1,1,2,0
13:39,,Subbing out for Lawrence-CJ Campbell,,6513263,2025-12-10,Wis.-Whitewater,Lawrence,2,,,41.0,56.0,,0,0,False,CJ Campbell,"Collin Madson,Jake Quast,Joey Berezowitz,Kelton McEwen,Rashad Rogers","Casey Schoenecker,Damian Cejka,Jackson Weber,Nicholas Gouriotis,Nicolas Manzanera",819,819.0,0.0,0,0,0,0,0,0,0,0,0,0,0,0,0,1,1,0,1,2,0
13:39,,Subbing in for Lawrence-Hogan Demovsky,,6513263,2025-12-10,Wis.-Whitewater,Lawrence,2,,,41.0,56.0,,0,0,False,Hogan Demovsky,"Collin Madson,Jake Quast,Joey Berezowitz,Kelton McEwen,Rashad Rogers","Casey Schoenecker,Damian Cejka,Hogan Demovsky,Jackson Weber,Nicholas Gouriotis,Nicolas Manzanera",819,819.0,0.0,0,0,0,0,0,0,0,0,0,0,0,0,0,1,2,0,1,2,0
13:39,,Free Throw by Lawrence's Casey Schoenecker,(56-42),6513263,2025-12-10,Wis.-Whitewater,Lawrence,2,56.0,42.0,42.0,56.0,Lawrence,1,0,True,Casey Schoenecker,"Collin Madson,Jake Quast,Joey Berezowitz,Kelton McEwen,Rashad Rogers","Casey Schoenecker,Damian Cejka,Hogan Demovsky,Jackson Weber,Nicholas Gouriotis,Nicolas Manzanera",819,802.0,17.0,1,0,0,0,0,1,1,0,0,0,0,0,0,1,2,0,1,2,0
13:22,,Jumper MISSED by Wis.-Whitewater's Joey Berezowitz,,6513263,2025-12-10,Wis.-Whitewater,Lawrence,2,,,42.0,56.0,Wis.-Whitewater,0,0,False,Joey Berezowitz,"Collin Madson,Jake Quast,Joey Berezowitz,Kelton McEwen,Rashad Rogers","Casey Schoenecker,Damian Cejka,Hogan Demovsky,Jackson Weber,Nicholas Gouriotis,Nicolas Manzanera",802,797.0,5.0,0,0,1,0,1,0,0,0,0,0,0,0,0,1,2,0,1,2,0
13:17,,Defensive rebound by Lawrence's Casey Schoenecker,,6513263,2025-12-10,Wis.-Whitewater,Lawrence,2,,,42.0,56.0,Lawrence,0,0,False,Casey Schoenecker,"Collin Madson,Jake Quast,Joey Berezowitz,Kelton McEwen,Rashad Rogers","Casey Schoenecker,Damian Cejka,Hogan Demovsky,Jackson Weber,Nicholas Gouriotis,Nicolas Manzanera",797,796.0,1.0,0,0,0,0,0,0,0,0,0,0,0,0,1,1,2,0,1,2,0
13:16,,Subbing out for Lawrence-Damian Cejka,(88-58),6513263,2025-12-10,Wis.-Whitewater,Lawrence,2,88.0,58.0,58.0,88.0,,16,32,True,Damian Cejka,"Collin Madson,Jake Quast,Joey Berezowitz,Kelton McEwen,Rashad Rogers","Casey Schoenecker,Hogan Demovsky,Jackson Weber,Nicholas Gouriotis,Nicolas Manzanera",796,796.0,0.0,32,0,0,0,0,0,0,0,0,0,0,0,0,1,2,0,1,1,0
13:16,,Subbing in for Lawrence-Nicholas Gouriotis,,6513263,2025-12-10,Wis.-Whitewater,Lawrence,2,,,58.0,88.0,,0,0,False,Nicholas Gouriotis,"Collin Madson,Jake Quast,Joey Berezowitz,Kelton McEwen,Rashad Rogers","Casey Schoenecker,Hogan Demovsky,Jackson Weber,Nicholas Gouriotis,Nicolas Manzanera",796,796.0,0.0,0,0,0,0,0,0,0,0,0,0,0,0,0,1,2,0,1,1,0
13:16,,Subbing in for Lawrence-Damian Cejka,,6513263,2025-12-10,Wis.-Whitewater,Lawrence,2,,,58.0,88.0,,0,0,False,Damian Cejka,"Collin Madson,Jake Quast,Joey Berezowitz,Kelton McEwen,Rashad Rogers","Casey Schoenecker,Damian Cejka,Hogan Demovsky,Jackson Weber,Nicholas Gouriotis,Nicolas Manzanera",796,796.0,0.0,0,0,0,0,0,0,0,0,0,0,0,0,0,1,2,0,1,2,0
13:16,,Subbing out for Lawrence-Nicholas Gouriotis,,6513263,2025-12-10,Wis.-Whitewater,Lawrence,2,,,58.0,88.0,,0,0,False,Nicholas Gouriotis,"Collin Madson,Jake Quast,Joey Berezowitz,Kelton McEwen,Rashad Rogers","Casey Schoenecker,Damian Cejka,Hogan Demovsky,Jackson Weber,Nicolas Manzanera",796,786.0,10.0,0,0,0,0,0,0,0,0,0,0,0,0,0,0,2,0,1,2,0
13:06,,Layup by Lawrence's Jackson Weber,,6513263,2025-12-10,Wis.-Whitewater,Lawrence,2,,,58.0,88.0,Lawrence,0,0,False,Jackson Weber,"Collin Madson,Jake Quast,Joey Berezowitz,Kelton McEwen,Rashad Rogers","Casey Schoenecker,Damian Cejka,Hogan Demovsky,Jackson Weber,Nicolas Manzanera",786,776.0,10.0,0,0,0,0,0,0,0,0,0,0,0,0,0,0,2,0,1,2,0
12:56,,Personal Foul on Lawrence's Jackson Weber (Joey Berezowitz draws the foul),,6513263,2025-12-10,Wis.-Whitewater,Lawrence,2,,,58.0,88.0,Lawrence,0,0,False,Jackson Weber,"Collin Madson,Jake Quast,Joey Berezowitz,Kelton McEwen,Rashad Rogers","Casey Schoenecker,Damian Cejka,Hogan Demovsky,Jackson Weber,Nicolas Manzanera",776,776.0,0.0,0,0,0,0,0,0,0,1,0,0,0,0,0,0,2,0,1,2,0
12:56,,Subbing out for Wis.-Whitewater-Rashad Rogers,,6513263,2025-12-10,Wis.-Whitewater,Lawrence,2,,,58.0,88.0,,0,0,False,Rashad Rogers,"Collin Madson,Jake Quast,Joey Berezowitz,Kelton McEwen","Casey Schoenecker,Damian Cejka,Hogan Demovsky,Jackson Weber,Nicolas Manzanera",776,776.0,0.0,0,0,0,0,0,0,0,0,0,0,0,0,0,0,2,0,1,2,0
12:56,,Subbing in for Wis.-Whitewater-Richie Warren,,6513263,2025-12-10,Wis.-Whitewater,Lawrence,2,,,58.0,88.0,,0,0,False,Richie Warren,"Collin Madson,Jake Quast,Joey Berezowitz,Kelton McEwen,Richie Warren","Casey Schoenecker,Damian Cejka,Hogan Demovsky,Jackson Weber,Nicolas Manzanera",776,770.0,6.0,0,0,0,0,0,0,0,0,0,0,0,0,0,0,2,0,1,2,0
12:50,,Layup by Wis.-Whitewater's Collin Madson,(58-44),6513263,2025-12-10,Wis.-Whitewater,Lawrence,2,58.0,44.0,44.0,58.0,Wis.-Whitewater,-14,-30,False,Collin Madson,"Collin Madson,Jake Quast,Joey Berezowitz,Kelton McEwen,Richie Warren","Casey Schoenecker,Damian Cejka,Hogan Demovsky,Jackson Weber,Nicolas Manzanera",770,754.0,16.0,0,0,0,0,0,0,0,0,0,0,0,0,0,0,2,0,1,2,0
12:34,,Personal Foul on Wis.-Whitewater's Richie Warren (Casey Schoenecker draws the foul),,6513263,2025-12-10,Wis.-Whitewater,Lawrence,2,,,44.0,58.0,Wis.-Whitewater,0,0,False,Richie Warren,"Collin Madson,Jake Quast,Joey Berezowitz,Kelton McEwen,Richie Warren","Casey Schoenecker,Damian Cejka,Hogan Demovsky,Jackson Weber,Nicolas Manzanera",754,754.0,0.0,0,0,0,0,0,0,0,1,0,0,0,0,0,0,2,0,1,2,0
12:34,,Free Throw MISSED by Lawrence's Casey Schoenecker,,6513263,2025-12-10,Wis.-Whitewater,Lawrence,2,,,44.0,58.0,Lawrence,0,0,False,Casey Schoenecker,"Collin Madson,Jake Quast,Joey Berezowitz,Kelton McEwen,Richie Warren","Casey Schoenecker,Damian Cejka,Hogan Demovsky,Jackson Weber,Nicolas Manzanera",754,754.0,0.0,0,0,0,0,0,0,1,0,0,0,0,0,0,0,2,0,1,2,0
12:34,,Lawrence gets a rebound from a dead ball.,,6513263,2025-12-10,Wis.-Whitewater,Lawrence,2,,,44.0,58.0,,0,0,False,,"Collin Madson,Jake Quast,Joey Berezowitz,Kelton McEwen,Richie Warren","Casey Schoenecker,Damian Cejka,Hogan Demovsky,Jackson Weber,Nicolas Manzanera",754,754.0,0.0,0,0,0,0,0,0,0,0,0,0,0,0,0,0,2,0,1,2,0
12:34,,Free Throw MISSED by Lawrence's Casey Schoenecker,,6513263,2025-12-10,Wis.-Whitewater,Lawrence,2,,,44.0,58.0,Lawrence,0,0,False,Casey Schoenecker,"Collin Madson,Jake Quast,Joey Berezowitz,Kelton McEwen,Richie Warren","Casey Schoenecker,Damian Cejka,Hogan Demovsky,Jackson Weber,Nicolas Manzanera",754,754.0,0.0,0,0,0,0,0,0,1,0,0,0,0,0,0,0,2,0,1,2,0
12:34,,Defensive rebound by Wis.-Whitewater's Jake Quast,,6513263,2025-12-10,Wis.-Whitewater,Lawrence,2,,,44.0,58.0,Wis.-Whitewater,0,0,False,Jake Quast,"Collin Madson,Jake Quast,Joey Berezowitz,Kelton McEwen,Richie Warren","Casey Schoenecker,Damian Cejka,Hogan Demovsky,Jackson Weber,Nicolas Manzanera",754,754.0,0.0,0,0,0,0,0,0,0,0,0,0,0,0,1,0,2,0,1,2,0
12:34,,Subbing out for Wis.-Whitewater-Richie Warren,,6513263,2025-12-10,Wis.-Whitewater,Lawrence,2,,,44.0,58.0,,0,0,False,Richie Warren,"Collin Madson,Jake Quast,Joey Berezowitz,Kelton McEwen","Casey Schoenecker,Damian Cejka,Hogan Demovsky,Jackson Weber,Nicolas Manzanera",754,754.0,0.0,0,0,0,0,0,0,0,0,0,0,0,0,0,0,2,0,1,2,0
12:34,,Subbing in for Wis.-Whitewater-Brock Marino,,6513263,2025-12-10,Wis.-Whitewater,Lawrence,2,,,44.0,58.0,,0,0,False,Brock Marino,"Brock Marino,Collin Madson,Jake Quast,Joey Berezowitz,Kelton McEwen","Casey Schoenecker,Damian Cejka,Hogan Demovsky,Jackson Weber,Nicolas Manzanera",754,733.0,21.0,0,0,0,0,0,0,0,0,0,0,0,0,0,0,2,0,1,2,0
12:13,,Jumper by Wis.-Whitewater's Jake Quast,(61-44),6513263,2025-12-10,Wis.-Whitewater,Lawrence,2,61.0,44.0,44.0,61.0,Wis.-Whitewater,0,3,True,Jake Quast,"Brock Marino,Collin Madson,Jake Quast,Joey Berezowitz,Kelton McEwen","Casey Schoenecker,Damian Cejka,Hogan Demovsky,Jackson Weber,Nicolas Manzanera",733,733.0,0.0,3,1,1,1,1,0,0,0,0,0,0,0,0,0,2,0,1,2,0
12:13,,Assist by Wis.-Whitewater's Joey Berezowitz,,6513263,2025-12-10,Wis.-Whitewater,Lawrence,2,,,44.0,61.0,Wis.-Whitewater,0,0,False,Joey Berezowitz,"Brock Marino,Collin Madson,Jake Quast,Joey Berezowitz,Kelton McEwen","Casey Schoenecker,Damian Cejka,Hogan Demovsky,Jackson Weber,Nicolas Manzanera",733,703.0,30.0,0,0,0,0,0,0,0,0,0,1,0,0,0,0,2,0,1,2,0
11:43,,Layup MISSED by Lawrence's Casey Schoenecker,,6513263,2025-12-10,Wis.-Whitewater,Lawrence,2,,,44.0,61.0,Lawrence,0,0,False,Casey Schoenecker,"Brock Marino,Collin Madson,Jake Quast,Joey Berezowitz,Kelton McEwen","Casey Schoenecker,Damian Cejka,Hogan Demovsky,Jackson Weber,Nicolas Manzanera",703,700.0,3.0,0,0,1,0,0,0,0,0,0,0,0,0,0,0,2,0,1,2,0
11:40,,Offensive rebound by Lawrence's Nicholas Gouriotis,,6513263,2025-12-10,Wis.-Whitewater,Lawrence,2,,,44.0,61.0,Lawrence,0,0,False,Nicholas Gouriotis,"Brock Marino,Collin Madson,Jake Quast,Joey Berezowitz,Kelton McEwen","Casey Schoenecker,Damian Cejka,Hogan Demovsky,Jackson Weber,Nicolas Manzanera",700,700.0,0.0,0,0,0,0,0,0,0,0,0,0,0,1,0,0,2,0,1,2,0
11:40,,2 Pointer by Lawrence's Nicholas Gouriotis,(61-46),6513263,2025-12-10,Wis.-Whitewater,Lawrence,2,61.0,46.0,46.0,61.0,Lawrence,2,0,True,Nicholas Gouriotis,"Brock Marino,Collin Madson,Jake Quast,Joey Berezowitz,Kelton McEwen","Casey Schoenecker,Damian Cejka,Hogan Demovsky,Jackson Weber,Nicolas Manzanera",700,700.0,0.0,2,1,1,0,0,0,0,0,0,0,0,0,0,0,2,0,1,2,0
11:40,,Lawrence takes a [full] time out.,,6513263,2025-12-10,Wis.-Whitewater,Lawrence,2,,,46.0,61.0,,0,0,False,,"Brock Marino,Collin Madson,Jake Quast,Joey Berezowitz,Kelton McEwen","Casey Schoenecker,Damian Cejka,Hogan Demovsky,Jackson Weber,Nicolas Manzanera",700,700.0,0.0,0,0,0,0,0,0,0,0,0,0,0,0,0,0,2,0,1,2,0
11:40,,Subbing out for Lawrence-Casey Schoenecker,,6513263,2025-12-10,Wis.-Whitewater,Lawrence,2,,,46.0,61.0,,0,0,False,Casey Schoenecker,"Brock Marino,Collin Madson,Jake Quast,Joey Berezowitz,Kelton McEwen","Damian Cejka,Hogan Demovsky,Jackson Weber,Nicolas Manzanera",700,700.0,0.0,0,0,0,0,0,0,0,0,0,0,0,0,0,0,2,0,0,2,0
11:40,,Subbing in for Lawrence-Nathan Valentine,,6513263,2025-12-10,Wis.-Whitewater,Lawrence,2,,,46.0,61.0,,0,0,False,Nathan Valentine,"Brock Marino,Collin Madson,Jake Quast,Joey Berezowitz,Kelton McEwen","Damian Cejka,Hogan Demovsky,Jackson Weber,Nathan Valentine,Nicolas Manzanera",700,700.0,0.0,0,0,0,0,0,0,0,0,0,0,0,0,0,1,2,0,0,2,0
11:40,,Subbing out for Wis.-Whitewater-Brock Marino,,6513263,2025-12-10,Wis.-Whitewater,Lawrence,2,,,46.0,61.0,,0,0,False,Brock Marino,"Collin Madson,Jake Quast,Joey Berezowitz,Kelton McEwen","Damian Cejka,Hogan Demovsky,Jackson Weber,Nathan Valentine,Nicolas Manzanera",700,700.0,0.0,0,0,0,0,0,0,0,0,0,0,0,0,0,1,2,0,0,2,0
11:40,,Subbing in for Wis.-Whitewater-JR Lukenbill,,6513263,2025-12-10,Wis.-Whitewater,Lawrence,2,,,46.0,61.0,,0,0,False,JR Lukenbill,"Collin Madson,JR Lukenbill,Jake Quast,Joey Berezowitz,Kelton McEwen","Damian Cejka,Hogan Demovsky,Jackson Weber,Nathan Valentine,Nicolas Manzanera",700,700.0,0.0,0,0,0,0,0,0,0,0,0,0,0,0,0,1,2,0,0,2,0
11:40,,Subbing out for Lawrence-Jackson Weber,,6513263,2025-12-10,Wis.-Whitewater,Lawrence,2,,,46.0,61.0,,0,0,False,Jackson Weber,"Collin Madson,JR Lukenbill,Jake Quast,Joey Berezowitz,Kelton McEwen","Damian Cejka,Hogan Demovsky,Nathan Valentine,Nicolas Manzanera",700,700.0,0.0,0,0,0,0,0,0,0,0,0,0,0,0,0,1,2,0,0,1,0
11:40,,Subbing in for Lawrence-Nolan Koch,,6513263,2025-12-10,Wis.-Whitewater,Lawrence,2,,,46.0,61.0,,0,0,False,Nolan Koch,"Collin Madson,JR Lukenbill,Jake Quast,Joey Berezowitz,Kelton McEwen","Damian Cejka,Hogan Demovsky,Nathan Valentine,Nicolas Manzanera,Nolan Koch",700,685.0,15.0,0,0,0,0,0,0,0,0,0,0,0,0,0,1,2,0,1,1,0
11:25,,Layup by Wis.-Whitewater's JR Lukenbill,(63-46),6513263,2025-12-10,Wis.-Whitewater,Lawrence,2,63.0,46.0,46.0,63.0,Wis.-Whitewater,0,2,True,JR Lukenbill,"Collin Madson,JR Lukenbill,Jake Quast,Joey Berezowitz,Kelton McEwen","Damian Cejka,Hogan Demovsky,Nathan Valentine,Nicolas Manzanera,Nolan Koch",685,649.0,36.0,2,1,1,0,0,0,0,0,0,0,0,0,0,1,2,0,1,1,0
10:49,,Layup MISSED by Lawrence's Hogan Demovsky,,6513263,2025-12-10,Wis.-Whitewater,Lawrence,2,,,46.0,63.0,Lawrence,0,0,False,Hogan Demovsky,"Collin Madson,JR Lukenbill,Jake Quast,Joey Berezowitz,Kelton McEwen","Damian Cejka,Hogan Demovsky,Nathan Valentine,Nicolas Manzanera,Nolan Koch",649,649.0,0.0,0,0,1,0,0,0,0,0,0,0,0,0,0,1,2,0,1,1,0
10:49,,Block by Wis.-Whitewater's Jake Quast,,6513263,2025-12-10,Wis.-Whitewater,Lawrence,2,,,46.0,63.0,Wis.-Whitewater,0,0,False,Jake Quast,"Collin Madson,JR Lukenbill,Jake Quast,Joey Berezowitz,Kelton McEwen","Damian Cejka,Hogan Demovsky,Nathan Valentine,Nicolas Manzanera,Nolan Koch",649,644.0,5.0,0,0,0,0,0,0,0,0,0,0,0,0,0,1,2,0,1,1,0
10:44,,Defensive rebound by Wis.-Whitewater's Jake Quast,,6513263,2025-12-10,Wis.-Whitewater,Lawrence,2,,,46.0,63.0,Wis.-Whitewater,0,0,False,Jake Quast,"Collin Madson,JR Lukenbill,Jake Quast,Joey Berezowitz,Kelton McEwen","Damian Cejka,Hogan Demovsky,Nathan Valentine,Nicolas Manzanera,Nolan Koch",644,639.0,5.0,0,0,0,0,0,0,0,0,0,0,0,0,1,1,2,0,1,1,0
10:39,,Jumper by Wis.-Whitewater's Kelton McEwen,(66-46),6513263,2025-12-10,Wis.-Whitewater,Lawrence,2,66.0,46.0,46.0,66.0,Wis.-Whitewater,0,3,True,Kelton McEwen,"Collin Madson,JR Lukenbill,Jake Quast,Joey Berezowitz,Kelton McEwen","Damian Cejka,Hogan Demovsky,Nathan Valentine,Nicolas Manzanera,Nolan Koch",639,639.0,0.0,3,1,1,1,1,0,0,0,0,0,0,0,0,1,2,0,1,1,0
10:39,,Assist by Wis.-Whitewater's JR Lukenbill,,6513263,2025-12-10,Wis.-Whitewater,Lawrence,2,,,46.0,66.0,Wis.-Whitewater,0,0,False,JR Lukenbill,"Collin Madson,JR Lukenbill,Jake Quast,Joey Berezowitz,Kelton McEwen","Damian Cejka,Hogan Demovsky,Nathan Valentine,Nicolas Manzanera,Nolan Koch",639,618.0,21.0,0,0,0,0,0,0,0,0,0,1,0,0,0,1,2,0,1,1,0
10:18,,Layup MISSED by Lawrence's Nolan Koch,,6513263,2025-12-10,Wis.-Whitewater,Lawrence,2,,,46.0,66.0,Lawrence,0,0,False,Nolan Koch,"Collin Madson,JR Lukenbill,Jake Quast,Joey Berezowitz,Kelton McEwen","Damian Cejka,Hogan Demovsky,Nathan Valentine,Nicolas Manzanera,Nolan Koch",618,615.0,3.0,0,0,1,0,0,0,0,0,0,0,0,0,0,1,2,0,1,1,0
10:15,,Defensive rebound by Wis.-Whitewater's Collin Madson,,6513263,2025-12-10,Wis.-Whitewater,Lawrence,2,,,46.0,66.0,Wis.-Whitewater,0,0,False,Collin Madson,"Collin Madson,JR Lukenbill,Jake Quast,Joey Berezowitz,Kelton McEwen","Damian Cejka,Hogan Demovsky,Nathan Valentine,Nicolas Manzanera,Nolan Koch",615,610.0,5.0,0,0,0,0,0,0,0,0,0,0,0,0,1,1,2,0,1,1,0
10:10,,Personal Foul on Lawrence's Nicolas Manzanera (Kelton McEwen draws the foul),,6513263,2025-12-10,Wis.-Whitewater,Lawrence,2,,,46.0,66.0,Lawrence,0,0,False,Nicolas Manzanera,"Collin Madson,JR Lukenbill,Jake Quast,Joey Berezowitz,Kelton McEwen","Damian Cejka,Hogan Demovsky,Nathan Valentine,Nicolas Manzanera,Nolan Koch",610,610.0,0.0,0,0,0,0,0,0,0,1,0,0,0,0,0,1,2,0,1,1,0
10:10,,Subbing out for Lawrence-Nicolas Manzanera,,6513263,2025-12-10,Wis.-Whitewater,Lawrence,2,,,46.0,66.0,,0,0,False,Nicolas Manzanera,"Collin Madson,JR Lukenbill,Jake Quast,Joey Berezowitz,Kelton McEwen","Damian Cejka,Hogan Demovsky,Nathan Valentine,Nolan Koch",610,610.0,0.0,0,0,0,0,0,0,0,0,0,0,0,0,0,1,1,0,1,1,0
10:10,,Subbing in for Lawrence-CJ Campbell,,6513263,2025-12-10,Wis.-Whitewater,Lawrence,2,,,46.0,66.0,,0,0,False,CJ Campbell,"Collin Madson,JR Lukenbill,Jake Quast,Joey Berezowitz,Kelton McEwen","CJ Campbell,Damian Cejka,Hogan Demovsky,Nathan Valentine,Nolan Koch",610,600.0,10.0,0,0,0,0,0,0,0,0,0,0,0,0,0,2,1,1,1,1,0
10:00,,Jumper MISSED by Wis.-Whitewater's Jake Quast,,6513263,2025-12-10,Wis.-Whitewater,Lawrence,2,,,46.0,66.0,Wis.-Whitewater,0,0,False,Jake Quast,"Collin Madson,JR Lukenbill,Jake Quast,Joey Berezowitz,Kelton McEwen","CJ Campbell,Damian Cejka,Hogan Demovsky,Nathan Valentine,Nolan Koch",600,596.0,4.0,0,0,1,0,1,0,0,0,0,0,0,0,0,2,1,1,1,1,0
09:56,,Offensive rebound by Wis.-Whitewater's JR Lukenbill,,6513263,2025-12-10,Wis.-Whitewater,Lawrence,2,,,46.0,66.0,Wis.-Whitewater,0,0,False,JR Lukenbill,"Collin Madson,JR Lukenbill,Jake Quast,Joey Berezowitz,Kelton McEwen","CJ Campbell,Damian Cejka,Hogan Demovsky,Nathan Valentine,Nolan Koch",596,596.0,0.0,0,0,0,0,0,0,0,0,0,0,0,1,0,2,1,1,1,1,0
09:56,,2 Pointer by Wis.-Whitewater's JR Lukenbill,(68-46),6513263,2025-12-10,Wis.-Whitewater,Lawrence,2,68.0,46.0,46.0,68.0,Wis.-Whitewater,0,2,True,JR Lukenbill,"Collin Madson,JR Lukenbill,Jake Quast,Joey Berezowitz,Kelton McEwen","CJ Campbell,Damian Cejka,Hogan Demovsky,Nathan Valentine,Nolan Koch",596,579.0,17.0,2,1,1,0,0,0,0,0,0,0,0,0,0,2,1,1,1,1,0
09:39,,Personal Foul on Wis.-Whitewater's Joey Berezowitz (Nathan Valentine draws the foul),,6513263,2025-12-10,Wis.-Whitewater,Lawrence,2,,,46.0,68.0,Wis.-Whitewater,0,0,False,Joey Berezowitz,"Collin Madson,JR Lukenbill,Jake Quast,Joey Berezowitz,Kelton McEwen","CJ Campbell,Damian Cejka,Hogan Demovsky,Nathan Valentine,Nolan Koch",579,579.0,0.0,0,0,0,0,0,0,0,1,0,0,0,0,0,2,1,1,1,1,0
09:39,,Subbing out for Lawrence-Nolan Koch,,6513263,2025-12-10,Wis.-Whitewater,Lawrence,2,,,46.0,68.0,,0,0,False,Nolan Koch,"Collin Madson,JR Lukenbill,Jake Quast,Joey Berezowitz,Kelton McEwen","CJ Campbell,Damian Cejka,Hogan Demovsky,Nathan Valentine",579,579.0,0.0,0,0,0,0,0,0,0,0,0,0,0,0,0,2,1,1,0,1,0
09:39,,Subbing in for Lawrence-Matai Edgecombe,,6513263,2025-12-10,Wis.-Whitewater,Lawrence,2,,,46.0,68.0,,0,0,False,Matai Edgecombe,"Collin Madson,JR Lukenbill,Jake Quast,Joey Berezowitz,Kelton McEwen","CJ Campbell,Damian Cejka,Hogan Demovsky,Matai Edgecombe,Nathan Valentine",579,579.0,0.0,0,0,0,0,0,0,0,0,0,0,0,0,0,2,1,1,0,2,0
09:39,,Free Throw by Lawrence's Nathan Valentine,(68-47),6513263,2025-12-10,Wis.-Whitewater,Lawrence,2,68.0,47.0,47.0,68.0,Lawrence,1,0,True,Nathan Valentine,"Collin Madson,JR Lukenbill,Jake Quast,Joey Berezowitz,Kelton McEwen","CJ Campbell,Damian Cejka,Hogan Demovsky,Matai Edgecombe,Nathan Valentine",579,579.0,0.0,1,0,0,0,0,1,1,0,0,0,0,0,0,2,1,1,0,2,0
09:39,,Free Throw by Lawrence's Nathan Valentine,(68-48),6513263,2025-12-10,Wis.-Whitewater,Lawrence,2,68.0,48.0,48.0,68.0,Lawrence,1,0,True,Nathan Valentine,"Collin Madson,JR Lukenbill,Jake Quast,Joey Berezowitz,Kelton McEwen","CJ Campbell,Damian Cejka,Hogan Demovsky,Matai Edgecombe,Nathan Valentine",579,567.0,12.0,1,0,0,0,0,1,1,0,0,0,0,0,0,2,1,1,0,2,0
09:27,,Jumper by Wis.-Whitewater's Kelton McEwen,(71-48),6513263,2025-12-10,Wis.-Whitewater,Lawrence,2,71.0,48.0,48.0,71.0,Wis.-Whitewater,0,3,True,Kelton McEwen,"Collin Madson,JR Lukenbill,Jake Quast,Joey Berezowitz,Kelton McEwen","CJ Campbell,Damian Cejka,Hogan Demovsky,Matai Edgecombe,Nathan Valentine",567,567.0,0.0,3,1,1,1,1,0,0,0,0,0,0,0,0,2,1,1,0,2,0
09:27,,Assist by Wis.-Whitewater's Joey Berezowitz,,6513263,2025-12-10,Wis.-Whitewater,Lawrence,2,,,48.0,71.0,Wis.-Whitewater,0,0,False,Joey Berezowitz,"Collin Madson,JR Lukenbill,Jake Quast,Joey Berezowitz,Kelton McEwen","CJ Campbell,Damian Cejka,Hogan Demovsky,Matai Edgecombe,Nathan Valentine",567,549.0,18.0,0,0,0,0,0,0,0,0,0,1,0,0,0,2,1,1,0,2,0
09:09,,Layup MISSED by Lawrence's Nathan Valentine,,6513263,2025-12-10,Wis.-Whitewater,Lawrence,2,,,48.0,71.0,Lawrence,0,0,False,Nathan Valentine,"Collin Madson,JR Lukenbill,Jake Quast,Joey Berezowitz,Kelton McEwen","CJ Campbell,Damian Cejka,Hogan Demovsky,Matai Edgecombe,Nathan Valentine",549,546.0,3.0,0,0,1,0,0,0,0,0,0,0,0,0,0,2,1,1,0,2,0
09:06,,Defensive rebound by Wis.-Whitewater's Collin Madson,,6513263,2025-12-10,Wis.-Whitewater,Lawrence,2,,,48.0,71.0,Wis.-Whitewater,0,0,False,Collin Madson,"Collin Madson,JR Lukenbill,Jake Quast,Joey Berezowitz,Kelton McEwen","CJ Campbell,Damian Cejka,Hogan Demovsky,Matai Edgecombe,Nathan Valentine",546,540.0,6.0,0,0,0,0,0,0,0,0,0,0,0,0,1,2,1,1,0,2,0
09:00,,Layup MISSED by Wis.-Whitewater's Jake Quast,,6513263,2025-12-10,Wis.-Whitewater,Lawrence,2,,,48.0,71.0,Wis.-Whitewater,0,0,False,Jake Quast,"Collin Madson,JR Lukenbill,Jake Quast,Joey Berezowitz,Kelton McEwen","CJ Campbell,Damian Cejka,Hogan Demovsky,Matai Edgecombe,Nathan Valentine",540,538.0,2.0,0,0,1,0,0,0,0,0,0,0,0,0,0,2,1,1,0,2,0
08:58,,Defensive rebound by Lawrence's Hogan Demovsky,,6513263,2025-12-10,Wis.-Whitewater,Lawrence,2,,,48.0,71.0,Lawrence,0,0,False,Hogan Demovsky,"Collin Madson,JR Lukenbill,Jake Quast,Joey Berezowitz,Kelton McEwen","CJ Campbell,Damian Cejka,Hogan Demovsky,Matai Edgecombe,Nathan Valentine",538,533.0,5.0,0,0,0,0,0,0,0,0,0,0,0,0,1,2,1,1,0,2,0
08:53,,Turnover by Lawrence 's Nicholas Gouriotis,,6513263,2025-12-10,Wis.-Whitewater,Lawrence,2,,,48.0,71.0,,0,0,True,Nicholas Gouriotis,"Collin Madson,JR Lukenbill,Jake Quast,Joey Berezowitz,Kelton McEwen","CJ Campbell,Damian Cejka,Hogan Demovsky,Matai Edgecombe,Nathan Valentine",533,533.0,0.0,0,0,0,0,0,0,0,0,1,0,0,0,0,2,1,1,0,2,0
08:53,,Steal by Wis.-Whitewater's Collin Madson,,6513263,2025-12-10,Wis.-Whitewater,Lawrence,2,,,48.0,71.0,Wis.-Whitewater,0,0,False,Collin Madson,"Collin Madson,JR Lukenbill,Jake Quast,Joey Berezowitz,Kelton McEwen","CJ Campbell,Damian Cejka,Hogan Demovsky,Matai Edgecombe,Nathan Valentine",533,517.0,16.0,0,0,0,0,0,0,0,0,0,0,1,0,0,2,1,1,0,2,0
08:37,,Offensive foul by Wis.-Whitewater's Jake Quast,,6513263,2025-12-10,Wis.-Whitewater,Lawrence,2,,,48.0,71.0,Wis.-Whitewater,0,0,True,Jake Quast,"Collin Madson,JR Lukenbill,Jake Quast,Joey Berezowitz,Kelton McEwen","CJ Campbell,Damian Cejka,Hogan Demovsky,Matai Edgecombe,Nathan Valentine",517,517.0,0.0,0,0,0,0,0,0,0,1,1,0,0,0,0,2,1,1,0,2,0
08:37,,Offensive turnover by Wis.-Whitewater's Jake Quast,,6513263,2025-12-10,Wis.-Whitewater,Lawrence,2,,,48.0,71.0,Wis.-Whitewater,0,0,True,Jake Quast,"Collin Madson,JR Lukenbill,Jake Quast,Joey Berezowitz,Kelton McEwen","CJ Campbell,Damian Cejka,Hogan Demovsky,Matai Edgecombe,Nathan Valentine",517,503.0,14.0,0,0,0,0,0,0,0,0,0,0,0,0,0,2,1,1,0,2,0
08:23,,Subbing out for Lawrence-Nicholas Gouriotis,,6513263,2025-12-10,Wis.-Whitewater,Lawrence,2,,,48.0,71.0,,0,0,False,Nicholas Gouriotis,"Collin Madson,JR Lukenbill,Jake Quast,Joey Berezowitz,Kelton McEwen","CJ Campbell,Damian Cejka,Hogan Demovsky,Matai Edgecombe,Nathan Valentine",503,503.0,0.0,0,0,0,0,0,0,0,0,0,0,0,0,0,2,1,1,0,2,0
08:23,,Subbing in for Lawrence-Casey Schoenecker,,6513263,2025-12-10,Wis.-Whitewater,Lawrence,2,,,48.0,71.0,,0,0,False,Casey Schoenecker,"Collin Madson,JR Lukenbill,Jake Quast,Joey Berezowitz,Kelton McEwen","CJ Campbell,Casey Schoenecker,Damian Cejka,Hogan Demovsky,Matai Edgecombe,Nathan Valentine",503,503.0,0.0,0,0,0,0,0,0,0,0,0,0,0,0,0,2,1,1,1,2,0
08:23,,Personal Foul on Wis.-Whitewater's Kelton McEwen (Hogan Demovsky draws the foul),,6513263,2025-12-10,Wis.-Whitewater,Lawrence,2,,,48.0,71.0,Wis.-Whitewater,0,0,False,Kelton McEwen,"Collin Madson,JR Lukenbill,Jake Quast,Joey Berezowitz,Kelton McEwen","CJ Campbell,Casey Schoenecker,Damian Cejka,Hogan Demovsky,Matai Edgecombe,Nathan Valentine",503,503.0,0.0,0,0,0,0,0,0,0,1,0,0,0,0,0,2,1,1,1,2,0
08:23,,Free Throw by Lawrence's Hogan Demovsky,(71-49),6513263,2025-12-10,Wis.-Whitewater,Lawrence,2,71.0,49.0,49.0,71.0,Lawrence,1,0,True,Hogan Demovsky,"Collin Madson,JR Lukenbill,Jake Quast,Joey Berezowitz,Kelton McEwen","CJ Campbell,Casey Schoenecker,Damian Cejka,Hogan Demovsky,Matai Edgecombe,Nathan Valentine",503,503.0,0.0,1,0,0,0,0,1,1,0,0,0,0,0,0,2,1,1,1,2,0
08:23,,Free Throw MISSED by Lawrence's Hogan Demovsky,,6513263,2025-12-10,Wis.-Whitewater,Lawrence,2,,,49.0,71.0,Lawrence,0,0,False,Hogan Demovsky,"Collin Madson,JR Lukenbill,Jake Quast,Joey Berezowitz,Kelton McEwen","CJ Campbell,Casey Schoenecker,Damian Cejka,Hogan Demovsky,Matai Edgecombe,Nathan Valentine",503,503.0,0.0,0,0,0,0,0,0,1,0,0,0,0,0,0,2,1,1,1,2,0
08:23,,Defensive rebound by Wis.-Whitewater's Collin Madson,,6513263,2025-12-10,Wis.-Whitewater,Lawrence,2,,,49.0,71.0,Wis.-Whitewater,0,0,False,Collin Madson,"Collin Madson,JR Lukenbill,Jake Quast,Joey Berezowitz,Kelton McEwen","CJ Campbell,Casey Schoenecker,Damian Cejka,Hogan Demovsky,Matai Edgecombe,Nathan Valentine",503,487.0,16.0,0,0,0,0,0,0,0,0,0,0,0,0,1,2,1,1,1,2,0
08:07,,2 Pointer by Wis.-Whitewater's Collin Madson,(73-49),6513263,2025-12-10,Wis.-Whitewater,Lawrence,2,73.0,49.0,49.0,73.0,Wis.-Whitewater,0,2,True,Collin Madson,"Collin Madson,JR Lukenbill,Jake Quast,Joey Berezowitz,Kelton McEwen","CJ Campbell,Casey Schoenecker,Damian Cejka,Hogan Demovsky,Matai Edgecombe,Nathan Valentine",487,470.0,17.0,2,1,1,0,0,0,0,0,0,0,0,0,0,2,1,1,1,2,0
07:50,,Layup by Lawrence's CJ Campbell,(73-51),6513263,2025-12-10,Wis.-Whitewater,Lawrence,2,73.0,51.0,51.0,73.0,Lawrence,2,0,True,CJ Campbell,"Collin Madson,JR Lukenbill,Jake Quast,Joey Berezowitz,Kelton McEwen","CJ Campbell,Casey Schoenecker,Damian Cejka,Hogan Demovsky,Matai Edgecombe,Nathan Valentine",470,466.0,4.0,2,1,1,0,0,0,0,0,0,0,0,0,0,2,1,1,1,2,0
07:46,,Technical Foul on Lawrence's CJ Campbell,,6513263,2025-12-10,Wis.-Whitewater,Lawrence,2,,,51.0,73.0,Lawrence,0,0,False,CJ Campbell,"Collin Madson,JR Lukenbill,Jake Quast,Joey Berezowitz,Kelton McEwen","CJ Campbell,Casey Schoenecker,Damian Cejka,Hogan Demovsky,Matai Edgecombe,Nathan Valentine",466,466.0,0.0,0,0,0,0,0,0,0,1,0,0,0,0,0,2,1,1,1,2,0
07:46,,Free Throw by Wis.-Whitewater's Collin Madson,(74-51),6513263,2025-12-10,Wis.-Whitewater,Lawrence,2,74.0,51.0,51.0,74.0,Wis.-Whitewater,0,1,True,Collin Madson,"Collin Madson,JR Lukenbill,Jake Quast,Joey Berezowitz,Kelton McEwen","CJ Campbell,Casey Schoenecker,Damian Cejka,Hogan Demovsky,Matai Edgecombe,Nathan Valentine",466,466.0,0.0,1,0,0,0,0,1,1,0,0,0,0,0,0,2,1,1,1,2,0
07:46,,Free Throw by Wis.-Whitewater's Collin Madson,(75-51),6513263,2025-12-10,Wis.-Whitewater,Lawrence,2,75.0,51.0,51.0,75.0,Wis.-Whitewater,0,1,True,Collin Madson,"Collin Madson,JR Lukenbill,Jake Quast,Joey Berezowitz,Kelton McEwen","CJ Campbell,Casey Schoenecker,Damian Cejka,Hogan Demovsky,Matai Edgecombe,Nathan Valentine",466,466.0,0.0,1,0,0,0,0,1,1,0,0,0,0,0,0,2,1,1,1,2,0
07:46,,Subbing out for Lawrence-Nathan Valentine,,6513263,2025-12-10,Wis.-Whitewater,Lawrence,2,,,51.0,75.0,,0,0,False,Nathan Valentine,"Collin Madson,JR Lukenbill,Jake Quast,Joey Berezowitz,Kelton McEwen","CJ Campbell,Casey Schoenecker,Damian Cejka,Hogan Demovsky,Matai Edgecombe",466,466.0,0.0,0,0,0,0,0,0,0,0,0,0,0,0,0,1,1,1,1,2,0
07:46,,Subbing out for Lawrence-CJ Campbell,,6513263,2025-12-10,Wis.-Whitewater,Lawrence,2,,,51.0,75.0,,0,0,False,CJ Campbell,"Collin Madson,JR Lukenbill,Jake Quast,Joey Berezowitz,Kelton McEwen","Casey Schoenecker,Damian Cejka,Hogan Demovsky,Matai Edgecombe",466,466.0,0.0,0,0,0,0,0,0,0,0,0,0,0,0,0,0,1,0,1,2,0
07:46,,Subbing in for Lawrence-Cameron Nash,,6513263,2025-12-10,Wis.-Whitewater,Lawrence,2,,,51.0,75.0,,0,0,False,Cameron Nash,"Collin Madson,JR Lukenbill,Jake Quast,Joey Berezowitz,Kelton McEwen","Cameron Nash,Casey Schoenecker,Damian Cejka,Hogan Demovsky,Matai Edgecombe",466,466.0,0.0,0,0,0,0,0,0,0,0,0,0,0,0,0,0,1,0,1,3,0
07:46,,Subbing in for Lawrence-Jackson Weber,,6513263,2025-12-10,Wis.-Whitewater,Lawrence,2,,,51.0,75.0,,0,0,False,Jackson Weber,"Collin Madson,JR Lukenbill,Jake Quast,Joey Berezowitz,Kelton McEwen","Cameron Nash,Casey Schoenecker,Damian Cejka,Hogan Demovsky,Jackson Weber,Matai Edgecombe",466,446.0,20.0,0,0,0,0,0,0,0,0,0,0,0,0,0,0,1,0,1,4,0
07:26,,Jumper by Wis.-Whitewater's Collin Madson,(78-51),6513263,2025-12-10,Wis.-Whitewater,Lawrence,2,78.0,51.0,51.0,78.0,Wis.-Whitewater,0,3,True,Collin Madson,"Collin Madson,JR Lukenbill,Jake Quast,Joey Berezowitz,Kelton McEwen","Cameron Nash,Casey Schoenecker,Damian Cejka,Hogan Demovsky,Jackson Weber,Matai Edgecombe",446,446.0,0.0,3,1,1,1,1,0,0,0,0,0,0,0,0,0,1,0,1,4,0
07:26,,Assist by Wis.-Whitewater's JR Lukenbill,,6513263,2025-12-10,Wis.-Whitewater,Lawrence,2,,,51.0,78.0,Wis.-Whitewater,0,0,False,JR Lukenbill,"Collin Madson,JR Lukenbill,Jake Quast,Joey Berezowitz,Kelton McEwen","Cameron Nash,Casey Schoenecker,Damian Cejka,Hogan Demovsky,Jackson Weber,Matai Edgecombe",446,427.0,19.0,0,0,0,0,0,0,0,0,0,1,0,0,0,0,1,0,1,4,0
07:07,,Offensive foul by Lawrence's Casey Schoenecker,,6513263,2025-12-10,Wis.-Whitewater,Lawrence,2,,,51.0,78.0,Lawrence,0,0,True,Casey Schoenecker,"Collin Madson,JR Lukenbill,Jake Quast,Joey Berezowitz,Kelton McEwen","Cameron Nash,Casey Schoenecker,Damian Cejka,Hogan Demovsky,Jackson Weber,Matai Edgecombe",427,427.0,0.0,0,0,0,0,0,0,0,1,1,0,0,0,0,0,1,0,1,4,0
07:07,,Offensive turnover by Lawrence's Casey Schoenecker,,6513263,2025-12-10,Wis.-Whitewater,Lawrence,2,,,51.0,78.0,Lawrence,0,0,True,Casey Schoenecker,"Collin Madson,JR Lukenbill,Jake Quast,Joey Berezowitz,Kelton McEwen","Cameron Nash,Casey Schoenecker,Damian Cejka,Hogan Demovsky,Jackson Weber,Matai Edgecombe",427,427.0,0.0,0,0,0,0,0,0,0,0,0,0,0,0,0,0,1,0,1,4,0
07:07,,Subbing out for Wis.-Whitewater-Collin Madson,,6513263,2025-12-10,Wis.-Whitewater,Lawrence,2,,,51.0,78.0,,0,0,False,Collin Madson,"JR Lukenbill,Jake Quast,Joey Berezowitz,Kelton McEwen","Cameron Nash,Casey Schoenecker,Damian Cejka,Hogan Demovsky,Jackson Weber,Matai Edgecombe",427,427.0,0.0,0,0,0,0,0,0,0,0,0,0,0,0,0,0,1,0,1,4,0
07:07,,Subbing in for Wis.-Whitewater-Brock Marino,,6513263,2025-12-10,Wis.-Whitewater,Lawrence,2,,,51.0,78.0,,0,0,False,Brock Marino,"Brock Marino,JR Lukenbill,Jake Quast,Joey Berezowitz,Kelton McEwen","Cameron Nash,Casey Schoenecker,Damian Cejka,Hogan Demovsky,Jackson Weber,Matai Edgecombe",427,417.0,10.0,0,0,0,0,0,0,0,0,0,0,0,0,0,0,1,0,1,4,0
06:57,,Offensive foul by Wis.-Whitewater's Brock Marino,,6513263,2025-12-10,Wis.-Whitewater,Lawrence,2,,,51.0,78.0,Wis.-Whitewater,0,0,True,Brock Marino,"Brock Marino,JR Lukenbill,Jake Quast,Joey Berezowitz,Kelton McEwen","Cameron Nash,Casey Schoenecker,Damian Cejka,Hogan Demovsky,Jackson Weber,Matai Edgecombe",417,417.0,0.0,0,0,0,0,0,0,0,1,1,0,0,0,0,0,1,0,1,4,0
06:57,,Offensive turnover by Wis.-Whitewater's Brock Marino,,6513263,2025-12-10,Wis.-Whitewater,Lawrence,2,,,51.0,78.0,Wis.-Whitewater,0,0,True,Brock Marino,"Brock Marino,JR Lukenbill,Jake Quast,Joey Berezowitz,Kelton McEwen","Cameron Nash,Casey Schoenecker,Damian Cejka,Hogan Demovsky,Jackson Weber,Matai Edgecombe",417,393.0,24.0,0,0,0,0,0,0,0,0,0,0,0,0,0,0,1,0,1,4,0
06:33,,Jumper MISSED by Lawrence's Jackson Weber,,6513263,2025-12-10,Wis.-Whitewater,Lawrence,2,,,51.0,78.0,Lawrence,0,0,False,Jackson Weber,"Brock Marino,JR Lukenbill,Jake Quast,Joey Berezowitz,Kelton McEwen","Cameron Nash,Casey Schoenecker,Damian Cejka,Hogan Demovsky,Jackson Weber,Matai Edgecombe",393,393.0,0.0,0,0,1,0,1,0,0,0,0,0,0,0,0,0,1,0,1,4,0
06:33,,Wis.-Whitewater gets a rebound from a dead ball.,,6513263,2025-12-10,Wis.-Whitewater,Lawrence,2,,,51.0,78.0,,0,0,False,,"Brock Marino,JR Lukenbill,Jake Quast,Joey Berezowitz,Kelton McEwen","Cameron Nash,Casey Schoenecker,Damian Cejka,Hogan Demovsky,Jackson Weber,Matai Edgecombe",393,373.0,20.0,0,0,0,0,0,0,0,0,0,0,0,0,0,0,1,0,1,4,0
06:13,,Layup by Wis.-Whitewater's Brock Marino,(80-51),6513263,2025-12-10,Wis.-Whitewater,Lawrence,2,80.0,51.0,51.0,80.0,Wis.-Whitewater,0,2,True,Brock Marino,"Brock Marino,JR Lukenbill,Jake Quast,Joey Berezowitz,Kelton McEwen","Cameron Nash,Casey Schoenecker,Damian Cejka,Hogan Demovsky,Jackson Weber,Matai Edgecombe",373,357.0,16.0,2,1,1,0,0,0,0,0,0,0,0,0,0,0,1,0,1,4,0
05:57,,Turnover by Lawrence 's Jackson Weber,,6513263,2025-12-10,Wis.-Whitewater,Lawrence,2,,,51.0,80.0,,0,0,True,Jackson Weber,"Brock Marino,JR Lukenbill,Jake Quast,Joey Berezowitz,Kelton McEwen","Cameron Nash,Casey Schoenecker,Damian Cejka,Hogan Demovsky,Jackson Weber,Matai Edgecombe",357,357.0,0.0,0,0,0,0,0,0,0,0,1,0,0,0,0,0,1,0,1,4,0
05:57,,Steal by Wis.-Whitewater's JR Lukenbill,,6513263,2025-12-10,Wis.-Whitewater,Lawrence,2,,,51.0,80.0,Wis.-Whitewater,0,0,False,JR Lukenbill,"Brock Marino,JR Lukenbill,Jake Quast,Joey Berezowitz,Kelton McEwen","Cameron Nash,Casey Schoenecker,Damian Cejka,Hogan Demovsky,Jackson Weber,Matai Edgecombe",357,354.0,3.0,0,0,0,0,0,0,0,0,0,0,1,0,0,0,1,0,1,4,0
05:54,,Layup by Wis.-Whitewater's JR Lukenbill,(82-51),6513263,2025-12-10,Wis.-Whitewater,Lawrence,2,82.0,51.0,51.0,82.0,Wis.-Whitewater,0,2,True,JR Lukenbill,"Brock Marino,JR Lukenbill,Jake Quast,Joey Berezowitz,Kelton McEwen","Cameron Nash,Casey Schoenecker,Damian Cejka,Hogan Demovsky,Jackson Weber,Matai Edgecombe",354,354.0,0.0,2,1,1,0,0,0,0,0,0,0,0,0,0,0,1,0,1,4,0
05:54,,Personal Foul on Lawrence's Matai Edgecombe (JR Lukenbill draws the foul),,6513263,2025-12-10,Wis.-Whitewater,Lawrence,2,,,51.0,82.0,Lawrence,0,0,False,Matai Edgecombe,"Brock Marino,JR Lukenbill,Jake Quast,Joey Berezowitz,Kelton McEwen","Cameron Nash,Casey Schoenecker,Damian Cejka,Hogan Demovsky,Jackson Weber,Matai Edgecombe",354,354.0,0.0,0,0,0,0,0,0,0,1,0,0,0,0,0,0,1,0,1,4,0
05:54,,Subbing out for Lawrence-Hogan Demovsky,,6513263,2025-12-10,Wis.-Whitewater,Lawrence,2,,,51.0,82.0,,0,0,False,Hogan Demovsky,"Brock Marino,JR Lukenbill,Jake Quast,Joey Berezowitz,Kelton McEwen","Cameron Nash,Casey Schoenecker,Damian Cejka,Jackson Weber,Matai Edgecombe",354,354.0,0.0,0,0,0,0,0,0,0,0,0,0,0,0,0,0,0,0,1,4,0
05:54,,Subbing out for Lawrence-Jackson Weber,,6513263,2025-12-10,Wis.-Whitewater,Lawrence,2,,,51.0,82.0,,0,0,False,Jackson Weber,"Brock Marino,JR Lukenbill,Jake Quast,Joey Berezowitz,Kelton McEwen","Cameron Nash,Casey Schoenecker,Damian Cejka,Matai Edgecombe",354,354.0,0.0,0,0,0,0,0,0,0,0,0,0,0,0,0,0,0,0,1,3,0
05:54,,Subbing out for Lawrence-Casey Schoenecker,,6513263,2025-12-10,Wis.-Whitewater,Lawrence,2,,,51.0,82.0,,0,0,False,Casey Schoenecker,"Brock Marino,JR Lukenbill,Jake Quast,Joey Berezowitz,Kelton McEwen","Cameron Nash,Damian Cejka,Matai Edgecombe",354,354.0,0.0,0,0,0,0,0,0,0,0,0,0,0,0,0,0,0,0,0,3,0
05:54,,Subbing in for Lawrence-Caleb Nash,,6513263,2025-12-10,Wis.-Whitewater,Lawrence,2,,,51.0,82.0,,0,0,False,Caleb Nash,"Brock Marino,JR Lukenbill,Jake Quast,Joey Berezowitz,Kelton McEwen","Caleb Nash,Cameron Nash,Damian Cejka,Matai Edgecombe",354,354.0,0.0,0,0,0,0,0,0,0,0,0,0,0,0,0,0,0,0,1,3,0
05:54,,Subbing in for Lawrence-Landon Key,,6513263,2025-12-10,Wis.-Whitewater,Lawrence,2,,,51.0,82.0,,0,0,False,Landon Key,"Brock Marino,JR Lukenbill,Jake Quast,Joey Berezowitz,Kelton McEwen","Caleb Nash,Cameron Nash,Damian Cejka,Landon Key,Matai Edgecombe",354,354.0,0.0,0,0,0,0,0,0,0,0,0,0,0,0,0,0,0,0,1,3,1
05:54,,Subbing in for Lawrence-Nolan Koch,,6513263,2025-12-10,Wis.-Whitewater,Lawrence,2,,,51.0,82.0,,0,0,False,Nolan Koch,"Brock Marino,JR Lukenbill,Jake Quast,Joey Berezowitz,Kelton McEwen","Caleb Nash,Cameron Nash,Damian Cejka,Landon Key,Matai Edgecombe,Nolan Koch",354,354.0,0.0,0,0,0,0,0,0,0,0,0,0,0,0,0,0,0,0,2,3,1
05:54,,Subbing out for Wis.-Whitewater-Joey Berezowitz,,6513263,2025-12-10,Wis.-Whitewater,Lawrence,2,,,51.0,82.0,,0,0,False,Joey Berezowitz,"Brock Marino,JR Lukenbill,Jake Quast,Kelton McEwen","Caleb Nash,Cameron Nash,Damian Cejka,Landon Key,Matai Edgecombe,Nolan Koch",354,354.0,0.0,0,0,0,0,0,0,0,0,0,0,0,0,0,0,0,0,2,3,1
05:54,,Subbing in for Wis.-Whitewater-Isaiah Robinson,,6513263,2025-12-10,Wis.-Whitewater,Lawrence,2,,,51.0,82.0,,0,0,False,Isaiah Robinson,"Brock Marino,Isaiah Robinson,JR Lukenbill,Jake Quast,Kelton McEwen","Caleb Nash,Cameron Nash,Damian Cejka,Landon Key,Matai Edgecombe,Nolan Koch",354,354.0,0.0,0,0,0,0,0,0,0,0,0,0,0,0,0,0,0,0,2,3,1
05:54,,Free Throw MISSED by Wis.-Whitewater's JR Lukenbill,,6513263,2025-12-10,Wis.-Whitewater,Lawrence,2,,,51.0,82.0,Wis.-Whitewater,0,0,False,JR Lukenbill,"Brock Marino,Isaiah Robinson,JR Lukenbill,Jake Quast,Kelton McEwen","Caleb Nash,Cameron Nash,Damian Cejka,Landon Key,Matai Edgecombe,Nolan Koch",354,354.0,0.0,0,0,0,0,0,0,1,0,0,0,0,0,0,0,0,0,2,3,1
05:54,,Wis.-Whitewater gets a rebound from a dead ball.,,6513263,2025-12-10,Wis.-Whitewater,Lawrence,2,,,51.0,82.0,,0,0,False,,"Brock Marino,Isaiah Robinson,JR Lukenbill,Jake Quast,Kelton McEwen","Caleb Nash,Cameron Nash,Damian Cejka,Landon Key,Matai Edgecombe,Nolan Koch",354,354.0,0.0,0,0,0,0,0,0,0,0,0,0,0,0,0,0,0,0,2,3,1
05:54,,Subbing out for Wis.-Whitewater-JR Lukenbill,,6513263,2025-12-10,Wis.-Whitewater,Lawrence,2,,,51.0,82.0,,0,0,False,JR Lukenbill,"Brock Marino,Isaiah Robinson,Jake Quast,Kelton McEwen","Caleb Nash,Cameron Nash,Damian Cejka,Landon Key,Matai Edgecombe,Nolan Koch",354,354.0,0.0,0,0,0,0,0,0,0,0,0,0,0,0,0,0,0,0,2,3,1
05:54,,Subbing in for Wis.-Whitewater-Trent Grunewald,,6513263,2025-12-10,Wis.-Whitewater,Lawrence,2,,,51.0,82.0,,0,0,False,Trent Grunewald,"Brock Marino,Isaiah Robinson,Jake Quast,Kelton McEwen,Trent Grunewald","Caleb Nash,Cameron Nash,Damian Cejka,Landon Key,Matai Edgecombe,Nolan Koch",354,354.0,0.0,0,0,0,0,0,0,0,0,0,0,0,0,0,0,0,0,2,3,1
05:54,,Personal Foul on Lawrence's Cameron Nash (Kelton McEwen draws the foul),,6513263,2025-12-10,Wis.-Whitewater,Lawrence,2,,,51.0,82.0,Lawrence,0,0,False,Cameron Nash,"Brock Marino,Isaiah Robinson,Jake Quast,Kelton McEwen,Trent Grunewald","Caleb Nash,Cameron Nash,Damian Cejka,Landon Key,Matai Edgecombe,Nolan Koch",354,354.0,0.0,0,0,0,0,0,0,0,1,0,0,0,0,0,0,0,0,2,3,1
05:54,,Free Throw MISSED by Wis.-Whitewater's Kelton McEwen,,6513263,2025-12-10,Wis.-Whitewater,Lawrence,2,,,51.0,82.0,Wis.-Whitewater,0,0,False,Kelton McEwen,"Brock Marino,Isaiah Robinson,Jake Quast,Kelton McEwen,Trent Grunewald","Caleb Nash,Cameron Nash,Damian Cejka,Landon Key,Matai Edgecombe,Nolan Koch",354,354.0,0.0,0,0,0,0,0,0,1,0,0,0,0,0,0,0,0,0,2,3,1
05:54,,Defensive rebound by Lawrence's Caleb Nash,,6513263,2025-12-10,Wis.-Whitewater,Lawrence,2,,,51.0,82.0,Lawrence,0,0,False,Caleb Nash,"Brock Marino,Isaiah Robinson,Jake Quast,Kelton McEwen,Trent Grunewald","Caleb Nash,Cameron Nash,Damian Cejka,Landon Key,Matai Edgecombe,Nolan Koch",354,326.0,28.0,0,0,0,0,0,0,0,0,0,0,0,0,1,0,0,0,2,3,1
05:26,,Layup MISSED by Lawrence's Matai Edgecombe,,6513263,2025-12-10,Wis.-Whitewater,Lawrence,2,,,51.0,82.0,Lawrence,0,0,False,Matai Edgecombe,"Brock Marino,Isaiah Robinson,Jake Quast,Kelton McEwen,Trent Grunewald","Caleb Nash,Cameron Nash,Damian Cejka,Landon Key,Matai Edgecombe,Nolan Koch",326,322.0,4.0,0,0,1,0,0,0,0,0,0,0,0,0,0,0,0,0,2,3,1
05:22,,Defensive rebound by Wis.-Whitewater's Brock Marino,,6513263,2025-12-10,Wis.-Whitewater,Lawrence,2,,,51.0,82.0,Wis.-Whitewater,0,0,False,Brock Marino,"Brock Marino,Isaiah Robinson,Jake Quast,Kelton McEwen,Trent Grunewald","Caleb Nash,Cameron Nash,Damian Cejka,Landon Key,Matai Edgecombe,Nolan Koch",322,290.0,32.0,0,0,0,0,0,0,0,0,0,0,0,0,1,0,0,0,2,3,1
04:50,,Personal Foul on Lawrence's Matai Edgecombe (Brock Marino draws the foul),,6513263,2025-12-10,Wis.-Whitewater,Lawrence,2,,,51.0,82.0,Lawrence,0,0,False,Matai Edgecombe,"Brock Marino,Isaiah Robinson,Jake Quast,Kelton McEwen,Trent Grunewald","Caleb Nash,Cameron Nash,Damian Cejka,Landon Key,Matai Edgecombe,Nolan Koch",290,290.0,0.0,0,0,0,0,0,0,0,1,0,0,0,0,0,0,0,0,2,3,1
04:50,,Free Throw MISSED by Wis.-Whitewater's Brock Marino,,6513263,2025-12-10,Wis.-Whitewater,Lawrence,2,,,51.0,82.0,Wis.-Whitewater,0,0,False,Brock Marino,"Brock Marino,Isaiah Robinson,Jake Quast,Kelton McEwen,Trent Grunewald","Caleb Nash,Cameron Nash,Damian Cejka,Landon Key,Matai Edgecombe,Nolan Koch",290,290.0,0.0,0,0,0,0,0,0,1,0,0,0,0,0,0,0,0,0,2,3,1
04:50,,Wis.-Whitewater gets a rebound from a dead ball.,,6513263,2025-12-10,Wis.-Whitewater,Lawrence,2,,,51.0,82.0,,0,0,False,,"Brock Marino,Isaiah Robinson,Jake Quast,Kelton McEwen,Trent Grunewald","Caleb Nash,Cameron Nash,Damian Cejka,Landon Key,Matai Edgecombe,Nolan Koch",290,290.0,0.0,0,0,0,0,0,0,0,0,0,0,0,0,0,0,0,0,2,3,1
04:50,,Subbing out for Wis.-Whitewater-Kelton McEwen,,6513263,2025-12-10,Wis.-Whitewater,Lawrence,2,,,51.0,82.0,,0,0,False,Kelton McEwen,"Brock Marino,Isaiah Robinson,Jake Quast,Trent Grunewald","Caleb Nash,Cameron Nash,Damian Cejka,Landon Key,Matai Edgecombe,Nolan Koch",290,290.0,0.0,0,0,0,0,0,0,0,0,0,0,0,0,0,0,0,0,2,3,1
04:50,,Subbing out for Wis.-Whitewater-Jake Quast,,6513263,2025-12-10,Wis.-Whitewater,Lawrence,2,,,51.0,82.0,,0,0,False,Jake Quast,"Brock Marino,Isaiah Robinson,Trent Grunewald","Caleb Nash,Cameron Nash,Damian Cejka,Landon Key,Matai Edgecombe,Nolan Koch",290,290.0,0.0,0,0,0,0,0,0,0,0,0,0,0,0,0,0,0,0,2,3,1
04:50,,Subbing in for Wis.-Whitewater-Agape Keyes Jr.,,6513263,2025-12-10,Wis.-Whitewater,Lawrence,2,,,51.0,82.0,,0,0,False,Agape Keyes Jr.,"Agape Keyes Jr.,Brock Marino,Isaiah Robinson,Trent Grunewald","Caleb Nash,Cameron Nash,Damian Cejka,Landon Key,Matai Edgecombe,Nolan Koch",290,290.0,0.0,0,0,0,0,0,0,0,0,0,0,0,0,0,0,0,0,2,3,1
04:50,,Subbing in for Wis.-Whitewater-Darius Chestnut,,6513263,2025-12-10,Wis.-Whitewater,Lawrence,2,,,51.0,82.0,,0,0,False,Darius Chestnut,"Agape Keyes Jr.,Brock Marino,Darius Chestnut,Isaiah Robinson,Trent Grunewald","Caleb Nash,Cameron Nash,Damian Cejka,Landon Key,Matai Edgecombe,Nolan Koch",290,290.0,0.0,0,0,0,0,0,0,0,0,0,0,0,0,0,0,0,0,2,3,1
04:50,,Free Throw MISSED by Wis.-Whitewater's Brock Marino,,6513263,2025-12-10,Wis.-Whitewater,Lawrence,2,,,51.0,82.0,Wis.-Whitewater,0,0,False,Brock Marino,"Agape Keyes Jr.,Brock Marino,Darius Chestnut,Isaiah Robinson,Trent Grunewald","Caleb Nash,Cameron Nash,Damian Cejka,Landon Key,Matai Edgecombe,Nolan Koch",290,290.0,0.0,0,0,0,0,0,0,1,0,0,0,0,0,0,0,0,0,2,3,1
04:50,,Lawrence gets a rebound from a dead ball.,,6513263,2025-12-10,Wis.-Whitewater,Lawrence,2,,,51.0,82.0,,0,0,False,,"Agape Keyes Jr.,Brock Marino,Darius Chestnut,Isaiah Robinson,Trent Grunewald","Caleb Nash,Cameron Nash,Damian Cejka,Landon Key,Matai Edgecombe,Nolan Koch",290,290.0,0.0,0,0,0,0,0,0,0,0,0,0,0,0,0,0,0,0,2,3,1
04:50,,Subbing out for Wis.-Whitewater-Brock Marino,,6513263,2025-12-10,Wis.-Whitewater,Lawrence,2,,,51.0,82.0,,0,0,False,Brock Marino,"Agape Keyes Jr.,Darius Chestnut,Isaiah Robinson,Trent Grunewald","Caleb Nash,Cameron Nash,Damian Cejka,Landon Key,Matai Edgecombe,Nolan Koch",290,290.0,0.0,0,0,0,0,0,0,0,0,0,0,0,0,0,0,0,0,2,3,1
04:50,,Subbing in for Wis.-Whitewater-Rashad Rogers,,6513263,2025-12-10,Wis.-Whitewater,Lawrence,2,,,51.0,82.0,,0,0,False,Rashad Rogers,"Agape Keyes Jr.,Darius Chestnut,Isaiah Robinson,Rashad Rogers,Trent Grunewald","Caleb Nash,Cameron Nash,Damian Cejka,Landon Key,Matai Edgecombe,Nolan Koch",290,265.0,25.0,0,0,0,0,0,0,0,0,0,0,0,0,0,0,0,0,2,3,1
04:25,,Personal Foul on Wis.-Whitewater's Isaiah Robinson (Nolan Koch draws the foul),,6513263,2025-12-10,Wis.-Whitewater,Lawrence,2,,,51.0,82.0,Wis.-Whitewater,0,0,False,Isaiah Robinson,"Agape Keyes Jr.,Darius Chestnut,Isaiah Robinson,Rashad Rogers,Trent Grunewald","Caleb Nash,Cameron Nash,Damian Cejka,Landon Key,Matai Edgecombe,Nolan Koch",265,265.0,0.0,0,0,0,0,0,0,0,1,0,0,0,0,0,0,0,0,2,3,1
04:25,,Free Throw by Lawrence's Nolan Koch,(82-52),6513263,2025-12-10,Wis.-Whitewater,Lawrence,2,82.0,52.0,52.0,82.0,Lawrence,1,0,True,Nolan Koch,"Agape Keyes Jr.,Darius Chestnut,Isaiah Robinson,Rashad Rogers,Trent Grunewald","Caleb Nash,Cameron Nash,Damian Cejka,Landon Key,Matai Edgecombe,Nolan Koch",265,265.0,0.0,1,0,0,0,0,1,1,0,0,0,0,0,0,0,0,0,2,3,1
04:25,,Subbing out for Lawrence-Cameron Nash,,6513263,2025-12-10,Wis.-Whitewater,Lawrence,2,,,52.0,82.0,,0,0,False,Cameron Nash,"Agape Keyes Jr.,Darius Chestnut,Isaiah Robinson,Rashad Rogers,Trent Grunewald","Caleb Nash,Damian Cejka,Landon Key,Matai Edgecombe,Nolan Koch",265,265.0,0.0,0,0,0,0,0,0,0,0,0,0,0,0,0,0,0,0,2,2,1
04:25,,Subbing in for Lawrence-Damian Cejka,,6513263,2025-12-10,Wis.-Whitewater,Lawrence,2,,,52.0,82.0,,0,0,False,Damian Cejka,"Agape Keyes Jr.,Darius Chestnut,Isaiah Robinson,Rashad Rogers,Trent Grunewald","Caleb Nash,Damian Cejka,Landon Key,Matai Edgecombe,Nolan Koch",265,265.0,0.0,0,0,0,0,0,0,0,0,0,0,0,0,0,0,0,0,2,2,1
04:25,,Free Throw by Lawrence's Nolan Koch,(82-53),6513263,2025-12-10,Wis.-Whitewater,Lawrence,2,82.0,53.0,53.0,82.0,Lawrence,1,0,True,Nolan Koch,"Agape Keyes Jr.,Darius Chestnut,Isaiah Robinson,Rashad Rogers,Trent Grunewald","Caleb Nash,Damian Cejka,Landon Key,Matai Edgecombe,Nolan Koch",265,236.0,29.0,1,0,0,0,0,1,1,0,0,0,0,0,0,0,0,0,2,2,1
03:56,,Turnover by Wis.-Whitewater 's Trent Grunewald,,6513263,2025-12-10,Wis.-Whitewater,Lawrence,2,,,53.0,82.0,,0,0,True,Trent Grunewald,"Agape Keyes Jr.,Darius Chestnut,Isaiah Robinson,Rashad Rogers,Trent Grunewald","Caleb Nash,Damian Cejka,Landon Key,Matai Edgecombe,Nolan Koch",236,236.0,0.0,0,0,0,0,0,0,0,0,1,0,0,0,0,0,0,0,2,2,1
03:56,,Steal by Lawrence's Matai Edgecombe,,6513263,2025-12-10,Wis.-Whitewater,Lawrence,2,,,53.0,82.0,Lawrence,0,0,False,Matai Edgecombe,"Agape Keyes Jr.,Darius Chestnut,Isaiah Robinson,Rashad Rogers,Trent Grunewald","Caleb Nash,Damian Cejka,Landon Key,Matai Edgecombe,Nolan Koch",236,215.0,21.0,0,0,0,0,0,0,0,0,0,0,1,0,0,0,0,0,2,2,1
03:35,,Personal Foul on Wis.-Whitewater's Rashad Rogers (Nolan Koch draws the foul),,6513263,2025-12-10,Wis.-Whitewater,Lawrence,2,,,53.0,82.0,Wis.-Whitewater,0,0,False,Rashad Rogers,"Agape Keyes Jr.,Darius Chestnut,Isaiah Robinson,Rashad Rogers,Trent Grunewald","Caleb Nash,Damian Cejka,Landon Key,Matai Edgecombe,Nolan Koch",215,215.0,0.0,0,0,0,0,0,0,0,1,0,0,0,0,0,0,0,0,2,2,1
03:35,,Free Throw MISSED by Lawrence's Nolan Koch,,6513263,2025-12-10,Wis.-Whitewater,Lawrence,2,,,53.0,82.0,Lawrence,0,0,False,Nolan Koch,"Agape Keyes Jr.,Darius Chestnut,Isaiah Robinson,Rashad Rogers,Trent Grunewald","Caleb Nash,Damian Cejka,Landon Key,Matai Edgecombe,Nolan Koch",215,215.0,0.0,0,0,0,0,0,0,1,0,0,0,0,0,0,0,0,0,2,2,1
03:35,,Lawrence gets a rebound from a dead ball.,,6513263,2025-12-10,Wis.-Whitewater,Lawrence,2,,,53.0,82.0,,0,0,False,,"Agape Keyes Jr.,Darius Chestnut,Isaiah Robinson,Rashad Rogers,Trent Grunewald","Caleb Nash,Damian Cejka,Landon Key,Matai Edgecombe,Nolan Koch",215,215.0,0.0,0,0,0,0,0,0,0,0,0,0,0,0,0,0,0,0,2,2,1
03:35,,Free Throw MISSED by Lawrence's Nolan Koch,,6513263,2025-12-10,Wis.-Whitewater,Lawrence,2,,,53.0,82.0,Lawrence,0,0,False,Nolan Koch,"Agape Keyes Jr.,Darius Chestnut,Isaiah Robinson,Rashad Rogers,Trent Grunewald","Caleb Nash,Damian Cejka,Landon Key,Matai Edgecombe,Nolan Koch",215,215.0,0.0,0,0,0,0,0,0,1,0,0,0,0,0,0,0,0,0,2,2,1
03:35,,Defensive rebound by Wis.-Whitewater's Trent Grunewald,,6513263,2025-12-10,Wis.-Whitewater,Lawrence,2,,,53.0,82.0,Wis.-Whitewater,0,0,False,Trent Grunewald,"Agape Keyes Jr.,Darius Chestnut,Isaiah Robinson,Rashad Rogers,Trent Grunewald","Caleb Nash,Damian Cejka,Landon Key,Matai Edgecombe,Nolan Koch",215,203.0,12.0,0,0,0,0,0,0,0,0,0,0,0,0,1,0,0,0,2,2,1
03:23,,Jumper MISSED by Wis.-Whitewater's Trent Grunewald,,6513263,2025-12-10,Wis.-Whitewater,Lawrence,2,,,53.0,82.0,Wis.-Whitewater,0,0,False,Trent Grunewald,"Agape Keyes Jr.,Darius Chestnut,Isaiah Robinson,Rashad Rogers,Trent Grunewald","Caleb Nash,Damian Cejka,Landon Key,Matai Edgecombe,Nolan Koch",203,200.0,3.0,0,0,1,0,1,0,0,0,0,0,0,0,0,0,0,0,2,2,1
03:20,,Defensive rebound by Lawrence's Landon Key,,6513263,2025-12-10,Wis.-Whitewater,Lawrence,2,,,53.0,82.0,Lawrence,0,0,False,Landon Key,"Agape Keyes Jr.,Darius Chestnut,Isaiah Robinson,Rashad Rogers,Trent Grunewald","Caleb Nash,Damian Cejka,Landon Key,Matai Edgecombe,Nolan Koch",200,194.0,6.0,0,0,0,0,0,0,0,0,0,0,0,0,1,0,0,0,2,2,1
03:14,,Layup MISSED by Lawrence's Caleb Nash,,6513263,2025-12-10,Wis.-Whitewater,Lawrence,2,,,53.0,82.0,Lawrence,0,0,False,Caleb Nash,"Agape Keyes Jr.,Darius Chestnut,Isaiah Robinson,Rashad Rogers,Trent Grunewald","Caleb Nash,Damian Cejka,Landon Key,Matai Edgecombe,Nolan Koch",194,191.0,3.0,0,0,1,0,0,0,0,0,0,0,0,0,0,0,0,0,2,2,1
03:11,,Defensive rebound by Wis.-Whitewater's Trent Grunewald,,6513263,2025-12-10,Wis.-Whitewater,Lawrence,2,,,53.0,82.0,Wis.-Whitewater,0,0,False,Trent Grunewald,"Agape Keyes Jr.,Darius Chestnut,Isaiah Robinson,Rashad Rogers,Trent Grunewald","Caleb Nash,Damian Cejka,Landon Key,Matai Edgecombe,Nolan Koch",191,186.0,5.0,0,0,0,0,0,0,0,0,0,0,0,0,1,0,0,0,2,2,1
03:06,,Jumper MISSED by Wis.-Whitewater's Agape Keyes Jr.,,6513263,2025-12-10,Wis.-Whitewater,Lawrence,2,,,53.0,82.0,Wis.-Whitewater,0,0,False,Agape Keyes Jr.,"Agape Keyes Jr.,Darius Chestnut,Isaiah Robinson,Rashad Rogers,Trent Grunewald","Caleb Nash,Damian Cejka,Landon Key,Matai Edgecombe,Nolan Koch",186,183.0,3.0,0,0,1,0,0,0,0,0,0,0,0,0,0,0,0,0,2,2,1
03:03,,Defensive rebound by Lawrence's Landon Key,,6513263,2025-12-10,Wis.-Whitewater,Lawrence,2,,,53.0,82.0,Lawrence,0,0,False,Landon Key,"Agape Keyes Jr.,Darius Chestnut,Isaiah Robinson,Rashad Rogers,Trent Grunewald","Caleb Nash,Damian Cejka,Landon Key,Matai Edgecombe,Nolan Koch",183,156.0,27.0,0,0,0,0,0,0,0,0,0,0,0,0,1,0,0,0,2,2,1
02:36,,Turnover by Lawrence 's Damian Cejka,,6513263,2025-12-10,Wis.-Whitewater,Lawrence,2,,,53.0,82.0,,0,0,True,Damian Cejka,"Agape Keyes Jr.,Darius Chestnut,Isaiah Robinson,Rashad Rogers,Trent Grunewald","Caleb Nash,Damian Cejka,Landon Key,Matai Edgecombe,Nolan Koch",156,156.0,0.0,0,0,0,0,0,0,0,0,1,0,0,0,0,0,0,0,2,2,1
02:36,,Steal by Wis.-Whitewater's Isaiah Robinson,,6513263,2025-12-10,Wis.-Whitewater,Lawrence,2,,,53.0,82.0,Wis.-Whitewater,0,0,False,Isaiah Robinson,"Agape Keyes Jr.,Darius Chestnut,Isaiah Robinson,Rashad Rogers,Trent Grunewald","Caleb Nash,Damian Cejka,Landon Key,Matai Edgecombe,Nolan Koch",156,150.0,6.0,0,0,0,0,0,0,0,0,0,0,1,0,0,0,0,0,2,2,1
02:30,,Jumper by Wis.-Whitewater's Darius Chestnut,(84-53),6513263,2025-12-10,Wis.-Whitewater,Lawrence,2,84.0,53.0,53.0,84.0,Wis.-Whitewater,0,2,True,Darius Chestnut,"Agape Keyes Jr.,Darius Chestnut,Isaiah Robinson,Rashad Rogers,Trent Grunewald","Caleb Nash,Damian Cejka,Landon Key,Matai Edgecombe,Nolan Koch",150,150.0,0.0,2,1,1,0,0,0,0,0,0,0,0,0,0,0,0,0,2,2,1
02:30,,Assist by Wis.-Whitewater's Isaiah Robinson,,6513263,2025-12-10,Wis.-Whitewater,Lawrence,2,,,53.0,84.0,Wis.-Whitewater,0,0,False,Isaiah Robinson,"Agape Keyes Jr.,Darius Chestnut,Isaiah Robinson,Rashad Rogers,Trent Grunewald","Caleb Nash,Damian Cejka,Landon Key,Matai Edgecombe,Nolan Koch",150,138.0,12.0,0,0,0,0,0,0,0,0,0,1,0,0,0,0,0,0,2,2,1
02:18,,Personal Foul on Wis.-Whitewater's Rashad Rogers (Caleb Nash draws the foul),,6513263,2025-12-10,Wis.-Whitewater,Lawrence,2,,,53.0,84.0,Wis.-Whitewater,0,0,False,Rashad Rogers,"Agape Keyes Jr.,Darius Chestnut,Isaiah Robinson,Rashad Rogers,Trent Grunewald","Caleb Nash,Damian Cejka,Landon Key,Matai Edgecombe,Nolan Koch",138,138.0,0.0,0,0,0,0,0,0,0,1,0,0,0,0,0,0,0,0,2,2,1
02:18,,Subbing out for Lawrence-Matai Edgecombe,,6513263,2025-12-10,Wis.-Whitewater,Lawrence,2,,,53.0,84.0,,0,0,False,Matai Edgecombe,"Agape Keyes Jr.,Darius Chestnut,Isaiah Robinson,Rashad Rogers,Trent Grunewald","Caleb Nash,Damian Cejka,Landon Key,Nolan Koch",138,138.0,0.0,0,0,0,0,0,0,0,0,0,0,0,0,0,0,0,0,2,1,1
02:18,,Subbing in for Lawrence-Jackson Weber,,6513263,2025-12-10,Wis.-Whitewater,Lawrence,2,,,53.0,84.0,,0,0,False,Jackson Weber,"Agape Keyes Jr.,Darius Chestnut,Isaiah Robinson,Rashad Rogers,Trent Grunewald","Caleb Nash,Damian Cejka,Jackson Weber,Landon Key,Nolan Koch",138,138.0,0.0,0,0,0,0,0,0,0,0,0,0,0,0,0,0,0,0,2,2,1
02:18,,Subbing out for Wis.-Whitewater-Rashad Rogers,,6513263,2025-12-10,Wis.-Whitewater,Lawrence,2,,,53.0,84.0,,0,0,False,Rashad Rogers,"Agape Keyes Jr.,Darius Chestnut,Isaiah Robinson,Trent Grunewald","Caleb Nash,Damian Cejka,Jackson Weber,Landon Key,Nolan Koch",138,138.0,0.0,0,0,0,0,0,0,0,0,0,0,0,0,0,0,0,0,2,2,1
02:18,,Subbing in for Wis.-Whitewater-Austin Ambrose,,6513263,2025-12-10,Wis.-Whitewater,Lawrence,2,,,53.0,84.0,,0,0,False,Austin Ambrose,"Agape Keyes Jr.,Austin Ambrose,Darius Chestnut,Isaiah Robinson,Trent Grunewald","Caleb Nash,Damian Cejka,Jackson Weber,Landon Key,Nolan Koch",138,138.0,0.0,0,0,0,0,0,0,0,0,0,0,0,0,0,0,0,0,2,2,1
02:18,,Free Throw by Lawrence's Caleb Nash,(84-54),6513263,2025-12-10,Wis.-Whitewater,Lawrence,2,84.0,54.0,54.0,84.0,Lawrence,1,0,True,Caleb Nash,"Agape Keyes Jr.,Austin Ambrose,Darius Chestnut,Isaiah Robinson,Trent Grunewald","Caleb Nash,Damian Cejka,Jackson Weber,Landon Key,Nolan Koch",138,138.0,0.0,1,0,0,0,0,1,1,0,0,0,0,0,0,0,0,0,2,2,1
02:18,,Free Throw MISSED by Lawrence's Caleb Nash,,6513263,2025-12-10,Wis.-Whitewater,Lawrence,2,,,54.0,84.0,Lawrence,0,0,False,Caleb Nash,"Agape Keyes Jr.,Austin Ambrose,Darius Chestnut,Isaiah Robinson,Trent Grunewald","Caleb Nash,Damian Cejka,Jackson Weber,Landon Key,Nolan Koch",138,138.0,0.0,0,0,0,0,0,0,1,0,0,0,0,0,0,0,0,0,2,2,1
02:18,,Defensive rebound by Wis.-Whitewater's Trent Grunewald,,6513263,2025-12-10,Wis.-Whitewater,Lawrence,2,,,54.0,84.0,Wis.-Whitewater,0,0,False,Trent Grunewald,"Agape Keyes Jr.,Austin Ambrose,Darius Chestnut,Isaiah Robinson,Trent Grunewald","Caleb Nash,Damian Cejka,Jackson Weber,Landon Key,Nolan Koch",138,126.0,12.0,0,0,0,0,0,0,0,0,0,0,0,0,1,0,0,0,2,2,1
02:06,,Layup MISSED by Wis.-Whitewater's Darius Chestnut,,6513263,2025-12-10,Wis.-Whitewater,Lawrence,2,,,54.0,84.0,Wis.-Whitewater,0,0,False,Darius Chestnut,"Agape Keyes Jr.,Austin Ambrose,Darius Chestnut,Isaiah Robinson,Trent Grunewald","Caleb Nash,Damian Cejka,Jackson Weber,Landon Key,Nolan Koch",126,122.0,4.0,0,0,1,0,0,0,0,0,0,0,0,0,0,0,0,0,2,2,1
02:02,,Defensive rebound by Lawrence's Landon Key,,6513263,2025-12-10,Wis.-Whitewater,Lawrence,2,,,54.0,84.0,Lawrence,0,0,False,Landon Key,"Agape Keyes Jr.,Austin Ambrose,Darius Chestnut,Isaiah Robinson,Trent Grunewald","Caleb Nash,Damian Cejka,Jackson Weber,Landon Key,Nolan Koch",122,115.0,7.0,0,0,0,0,0,0,0,0,0,0,0,0,1,0,0,0,2,2,1
01:55,,Turnover by Lawrence 's Lawrence,,6513263,2025-12-10,Wis.-Whitewater,Lawrence,2,,,54.0,84.0,,0,0,True,,"Agape Keyes Jr.,Austin Ambrose,Darius Chestnut,Isaiah Robinson,Trent Grunewald","Caleb Nash,Damian Cejka,Jackson Weber,Landon Key,Nolan Koch",115,96.0,19.0,0,0,0,0,0,0,0,0,1,0,0,0,0,0,0,0,2,2,1
01:36,,Layup by Wis.-Whitewater's Austin Ambrose,(86-54),6513263,2025-12-10,Wis.-Whitewater,Lawrence,2,86.0,54.0,54.0,86.0,Wis.-Whitewater,0,2,True,Austin Ambrose,"Agape Keyes Jr.,Austin Ambrose,Darius Chestnut,Isaiah Robinson,Trent Grunewald","Caleb Nash,Damian Cejka,Jackson Weber,Landon Key,Nolan Koch",96,66.0,30.0,2,1,1,0,0,0,0,0,0,0,0,0,0,0,0,0,2,2,1
01:06,,Layup by Lawrence's Damian Cejka,(86-56),6513263,2025-12-10,Wis.-Whitewater,Lawrence,2,86.0,56.0,56.0,86.0,Lawrence,2,0,True,Damian Cejka,"Agape Keyes Jr.,Austin Ambrose,Darius Chestnut,Isaiah Robinson,Trent Grunewald","Caleb Nash,Damian Cejka,Jackson Weber,Landon Key,Nolan Koch",66,66.0,0.0,2,1,1,0,0,0,0,0,0,0,0,0,0,0,0,0,2,2,1
01:06,,Assist by Lawrence's Caleb Nash,,6513263,2025-12-10,Wis.-Whitewater,Lawrence,2,,,56.0,86.0,Lawrence,0,0,False,Caleb Nash,"Agape Keyes Jr.,Austin Ambrose,Darius Chestnut,Isaiah Robinson,Trent Grunewald","Caleb Nash,Damian Cejka,Jackson Weber,Landon Key,Nolan Koch",66,62.0,4.0,0,0,0,0,0,0,0,0,0,1,0,0,0,0,0,0,2,2,1
01:02,,Lawrence takes a [short] time out.,,6513263,2025-12-10,Wis.-Whitewater,Lawrence,2,,,56.0,86.0,,0,0,False,,"Agape Keyes Jr.,Austin Ambrose,Darius Chestnut,Isaiah Robinson,Trent Grunewald","Caleb Nash,Damian Cejka,Jackson Weber,Landon Key,Nolan Koch",62,62.0,0.0,0,0,0,0,0,0,0,0,0,0,0,0,0,0,0,0,2,2,1
01:02,,Subbing out for Lawrence-Caleb Nash,,6513263,2025-12-10,Wis.-Whitewater,Lawrence,2,,,56.0,86.0,,0,0,False,Caleb Nash,"Agape Keyes Jr.,Austin Ambrose,Darius Chestnut,Isaiah Robinson,Trent Grunewald","Damian Cejka,Jackson Weber,Landon Key,Nolan Koch",62,62.0,0.0,0,0,0,0,0,0,0,0,0,0,0,0,0,0,0,0,1,2,1
01:02,,Subbing out for Lawrence-Landon Key,,6513263,2025-12-10,Wis.-Whitewater,Lawrence,2,,,56.0,86.0,,0,0,False,Landon Key,"Agape Keyes Jr.,Austin Ambrose,Darius Chestnut,Isaiah Robinson,Trent Grunewald","Damian Cejka,Jackson Weber,Nolan Koch",62,62.0,0.0,0,0,0,0,0,0,0,0,0,0,0,0,0,0,0,0,1,2,0
01:02,,Subbing out for Lawrence-Nolan Koch,,6513263,2025-12-10,Wis.-Whitewater,Lawrence,2,,,56.0,86.0,,0,0,False,Nolan Koch,"Agape Keyes Jr.,Austin Ambrose,Darius Chestnut,Isaiah Robinson,Trent Grunewald","Damian Cejka,Jackson Weber",62,62.0,0.0,0,0,0,0,0,0,0,0,0,0,0,0,0,0,0,0,0,2,0
01:02,,Subbing in for Lawrence-Noah Portalatin,,6513263,2025-12-10,Wis.-Whitewater,Lawrence,2,,,56.0,86.0,,0,0,False,Noah Portalatin,"Agape Keyes Jr.,Austin Ambrose,Darius Chestnut,Isaiah Robinson,Trent Grunewald","Damian Cejka,Jackson Weber,Noah Portalatin",62,62.0,0.0,0,0,0,0,0,0,0,0,0,0,0,0,0,0,0,0,0,3,0
01:02,,Subbing in for Lawrence-Robert Olive,,6513263,2025-12-10,Wis.-Whitewater,Lawrence,2,,,56.0,86.0,,0,0,False,Robert Olive,"Agape Keyes Jr.,Austin Ambrose,Darius Chestnut,Isaiah Robinson,Trent Grunewald","Damian Cejka,Jackson Weber,Noah Portalatin,Robert Olive",62,62.0,0.0,0,0,0,0,0,0,0,0,0,0,0,0,0,0,0,0,0,4,0
01:02,,Subbing in for Lawrence-Joe Whitfill,,6513263,2025-12-10,Wis.-Whitewater,Lawrence,2,,,56.0,86.0,,0,0,False,Joe Whitfill,"Agape Keyes Jr.,Austin Ambrose,Darius Chestnut,Isaiah Robinson,Trent Grunewald","Damian Cejka,Jackson Weber,Joe Whitfill,Noah Portalatin,Robert Olive",62,48.0,14.0,0,0,0,0,0,0,0,0,0,0,0,0,0,0,0,0,0,5,0
00:48,,Jumper MISSED by Wis.-Whitewater's Agape Keyes Jr.,,6513263,2025-12-10,Wis.-Whitewater,Lawrence,2,,,56.0,86.0,Wis.-Whitewater,0,0,False,Agape Keyes Jr.,"Agape Keyes Jr.,Austin Ambrose,Darius Chestnut,Isaiah Robinson,Trent Grunewald","Damian Cejka,Jackson Weber,Joe Whitfill,Noah Portalatin,Robert Olive",48,44.0,4.0,0,0,1,0,1,0,0,0,0,0,0,0,0,0,0,0,0,5,0
00:44,,Defensive rebound by Lawrence's Noah Portalatin,,6513263,2025-12-10,Wis.-Whitewater,Lawrence,2,,,56.0,86.0,Lawrence,0,0,False,Noah Portalatin,"Agape Keyes Jr.,Austin Ambrose,Darius Chestnut,Isaiah Robinson,Trent Grunewald","Damian Cejka,Jackson Weber,Joe Whitfill,Noah Portalatin,Robert Olive",44,37.0,7.0,0,0,0,0,0,0,0,0,0,0,0,0,1,0,0,0,0,5,0
00:37,,Jumper MISSED by Lawrence's Robert Olive,,6513263,2025-12-10,Wis.-Whitewater,Lawrence,2,,,56.0,86.0,Lawrence,0,0,False,Robert Olive,"Agape Keyes Jr.,Austin Ambrose,Darius Chestnut,Isaiah Robinson,Trent Grunewald","Damian Cejka,Jackson Weber,Joe Whitfill,Noah Portalatin,Robert Olive",37,34.0,3.0,0,0,1,0,1,0,0,0,0,0,0,0,0,0,0,0,0,5,0
00:34,,Defensive rebound by Wis.-Whitewater's Trent Grunewald,,6513263,2025-12-10,Wis.-Whitewater,Lawrence,2,,,56.0,86.0,Wis.-Whitewater,0,0,False,Trent Grunewald,"Agape Keyes Jr.,Austin Ambrose,Darius Chestnut,Isaiah Robinson,Trent Grunewald","Damian Cejka,Jackson Weber,Joe Whitfill,Noah Portalatin,Robert Olive",34,25.0,9.0,0,0,0,0,0,0,0,0,0,0,0,0,1,0,0,0,0,5,0
00:25,,Layup by Wis.-Whitewater's Austin Ambrose,(88-56),6513263,2025-12-10,Wis.-Whitewater,Lawrence,2,88.0,56.0,56.0,88.0,Wis.-Whitewater,0,2,True,Austin Ambrose,"Agape Keyes Jr.,Austin Ambrose,Darius Chestnut,Isaiah Robinson,Trent Grunewald","Damian Cejka,Jackson Weber,Joe Whitfill,Noah Portalatin,Robert Olive",25,25.0,0.0,2,1,1,0,0,0,0,0,0,0,0,0,0,0,0,0,0,5,0
00:25,,Assist by Wis.-Whitewater's Darius Chestnut,,6513263,2025-12-10,Wis.-Whitewater,Lawrence,2,,,56.0,88.0,Wis.-Whitewater,0,0,False,Darius Chestnut,"Agape Keyes Jr.,Austin Ambrose,Darius Chestnut,Isaiah Robinson,Trent Grunewald","Damian Cejka,Jackson Weber,Joe Whitfill,Noah Portalatin,Robert Olive",25,14.0,11.0,0,0,0,0,0,0,0,0,0,1,0,0,0,0,0,0,0,5,0
00:14,,Layup by Lawrence's Jackson Weber,(88-58),6513263,2025-12-10,Wis.-Whitewater,Lawrence,2,88.0,58.0,58.0,88.0,Lawrence,2,0,True,Jackson Weber,"Agape Keyes Jr.,Austin Ambrose,Darius Chestnut,Isaiah Robinson,Trent Grunewald","Damian Cejka,Jackson Weber,Joe Whitfill,Noah Portalatin,Robert Olive",14,0.0,14.0,2,1,1,0,0,0,0,0,0,0,0,0,0,0,0,0,0,5,0
00:00,,End of 2nd Half.,,6513263,2025-12-10,Wis.-Whitewater,Lawrence,2,,,58.0,88.0,,0,0,True,,"Agape Keyes Jr.,Austin Ambrose,Darius Chestnut,Isaiah Robinson,Trent Grunewald","Damian Cejka,Jackson Weber,Joe Whitfill,Noah Portalatin,Robert Olive",0,,0.0,0,0,0,0,0,0,0,0,0,0,0,0,0,0,0,0,0,5,0
